input_type,input_text,afring_number,note
afring_number,0,0,
afring_number,1,1,
afring_number,10,10,
afring_number,100,100,
afring_number,1000,1000,
afring_number,10000,10000,
afring_number,10001,10001,
afring_number,10002,10002,
afring_number,10003,10003,
afring_number,10004,10004,
afring_number,1002,1002,
afring_number,1003,1003,
afring_number,1004,1004,
afring_number,1005,1005,
afring_number,1006,1006,
afring_number,1007,1007,
afring_number,1008,1008,
afring_number,1009,1009,
afring_number,101,101,
afring_number,1010,1010,
afring_number,1011,1011,
afring_number,1012,1012,
afring_number,1013,1013,
afring_number,1014,1014,
afring_number,1015,1015,
afring_number,1016,1016,
afring_number,1017,1017,
afring_number,1018,1018,
afring_number,1019,1019,
afring_number,102,102,
afring_number,1020,1020,
afring_number,1021,1021,
afring_number,1022,1022,
afring_number,1023,1023,
afring_number,1024,1024,
afring_number,1025,1025,
afring_number,1027,1027,
afring_number,1028,1028,
afring_number,1029,1029,
afring_number,103,103,
afring_number,1030,1030,
afring_number,1031,1031,
afring_number,1032,1032,
afring_number,1033,1033,
afring_number,1034,1034,
afring_number,1035,1035,
afring_number,1036,1036,
afring_number,1037,1037,
afring_number,1038,1038,
afring_number,1039,1039,
afring_number,104,104,
afring_number,1040,1040,
afring_number,1041,1041,
afring_number,1042,1042,
afring_number,1043,1043,
afring_number,1044,1044,
afring_number,1045,1045,
afring_number,1046,1046,
afring_number,1047,1047,
afring_number,1048,1048,
afring_number,1049,1049,
afring_number,105,105,
afring_number,1050,1050,
afring_number,1051,1051,
afring_number,1052,1052,
afring_number,1053,1053,
afring_number,1054,1054,
afring_number,1055,1055,
afring_number,1056,1056,
afring_number,1057,1057,
afring_number,1058,1058,
afring_number,1059,1059,
afring_number,106,106,
afring_number,1060,1060,
afring_number,1061,1061,
afring_number,1062,1062,
afring_number,1063,1063,
afring_number,1064,1064,
afring_number,1065,1065,
afring_number,1066,1066,
afring_number,1067,1067,
afring_number,1068,1068,
afring_number,1069,1069,
afring_number,107,107,
afring_number,1070,1070,
afring_number,1071,1071,
afring_number,1072,1072,
afring_number,1073,1073,
afring_number,1074,1074,
afring_number,1075,1075,
afring_number,1076,1076,
afring_number,1077,1077,
afring_number,1078,1078,
afring_number,1079,1079,
afring_number,108,108,
afring_number,1080,1080,
afring_number,1081,1081,
afring_number,1082,1082,
afring_number,1083,1083,
afring_number,1084,1084,
afring_number,1085,1085,
afring_number,1086,1086,
afring_number,1087,1087,
afring_number,1088,1088,
afring_number,1089,1089,
afring_number,109,109,
afring_number,1090,1090,
afring_number,1091,1091,
afring_number,1093,1093,
afring_number,1094,1094,
afring_number,1095,1095,
afring_number,1096,1096,
afring_number,1097,1097,
afring_number,1098,1098,
afring_number,1099,1099,
afring_number,11,11,
afring_number,110,110,
afring_number,1100,1100,
afring_number,1101,1101,
afring_number,1102,1102,
afring_number,1103,1103,
afring_number,1104,1104,
afring_number,1105,1105,
afring_number,1106,1106,
afring_number,1107,1107,
afring_number,1108,1108,
afring_number,1109,1109,
afring_number,111,111,
afring_number,1110,1110,
afring_number,1111,1111,
afring_number,1112,1112,
afring_number,1113,1113,
afring_number,1114,1114,
afring_number,1115,1115,
afring_number,1116,1116,
afring_number,1117,1117,
afring_number,1118,1118,
afring_number,1119,1119,
afring_number,112,112,
afring_number,1120,1120,
afring_number,1121,1121,
afring_number,1122,1122,
afring_number,1124,1124,
afring_number,1125,1125,
afring_number,1126,1126,
afring_number,1127,1127,
afring_number,1128,1128,
afring_number,1129,1129,
afring_number,113,113,
afring_number,1130,1130,
afring_number,1131,1131,
afring_number,1132,1132,
afring_number,1133,1133,
afring_number,1134,1134,
afring_number,1135,1135,
afring_number,1136,1136,
afring_number,1137,1137,
afring_number,1138,1138,
afring_number,1139,1139,
afring_number,114,114,
afring_number,1140,1140,
afring_number,1141,1141,
afring_number,1142,1142,
afring_number,1143,1143,
afring_number,1144,1144,
afring_number,1145,1145,
afring_number,1146,1146,
afring_number,1148,1148,
afring_number,1149,1149,
afring_number,115,115,
afring_number,1150,1150,
afring_number,1151,1151,
afring_number,1152,1152,
afring_number,1153,1153,
afring_number,1154,1154,
afring_number,1155,1155,
afring_number,1156,1156,
afring_number,1158,1158,
afring_number,1159,1159,
afring_number,116,116,
afring_number,1160,1160,
afring_number,1161,1161,
afring_number,1162,1162,
afring_number,1163,1163,
afring_number,1164,1164,
afring_number,1165,1165,
afring_number,1166,1166,
afring_number,1167,1167,
afring_number,1168,1168,
afring_number,1169,1169,
afring_number,117,117,
afring_number,1170,1170,
afring_number,1171,1171,
afring_number,1172,1172,
afring_number,1173,1173,
afring_number,1174,1174,
afring_number,1175,1175,
afring_number,1176,1176,
afring_number,1177,1177,
afring_number,1178,1178,
afring_number,1179,1179,
afring_number,118,118,
afring_number,1180,1180,
afring_number,1181,1181,
afring_number,1182,1182,
afring_number,1183,1183,
afring_number,1184,1184,
afring_number,1185,1185,
afring_number,1186,1186,
afring_number,1187,1187,
afring_number,1188,1188,
afring_number,1189,1189,
afring_number,119,119,
afring_number,1190,1190,
afring_number,1191,1191,
afring_number,1192,1192,
afring_number,1193,1193,
afring_number,1194,1194,
afring_number,1195,1195,
afring_number,12,12,
afring_number,120,120,
afring_number,1200,1200,
afring_number,1202,1202,
afring_number,1204,1204,
afring_number,1206,1206,
afring_number,1208,1208,
afring_number,121,121,
afring_number,1210,1210,
afring_number,1212,1212,
afring_number,1214,1214,
afring_number,1216,1216,
afring_number,1218,1218,
afring_number,122,122,
afring_number,1220,1220,
afring_number,1222,1222,
afring_number,1224,1224,
afring_number,1226,1226,
afring_number,1228,1228,
afring_number,123,123,
afring_number,1230,1230,
afring_number,1232,1232,
afring_number,1234,1234,
afring_number,1236,1236,
afring_number,1238,1238,
afring_number,124,124,
afring_number,1240,1240,
afring_number,1242,1242,
afring_number,1244,1244,
afring_number,1246,1246,
afring_number,1248,1248,
afring_number,125,125,
afring_number,1250,1250,
afring_number,1252,1252,
afring_number,1254,1254,
afring_number,1256,1256,
afring_number,1258,1258,
afring_number,12592,2592,Weak guess numeric corruption mapped to 2592
afring_number,126,126,
afring_number,1260,1260,
afring_number,1262,1262,
afring_number,1264,1264,
afring_number,1266,1266,
afring_number,1268,1268,
afring_number,127,127,
afring_number,1270,1270,
afring_number,1272,1272,
afring_number,1274,1274,
afring_number,1276,1276,
afring_number,1278,1278,
afring_number,128,128,
afring_number,1280,1280,
afring_number,1282,1282,
afring_number,1284,1284,
afring_number,1286,1286,
afring_number,1288,1288,
afring_number,129,129,
afring_number,1290,1290,
afring_number,1292,1292,
afring_number,1294,1294,
afring_number,1296,1296,
afring_number,1298,1298,
afring_number,13,13,
afring_number,130,130,
afring_number,1300,1300,
afring_number,1302,1302,
afring_number,1304,1304,
afring_number,1306,1306,
afring_number,1308,1308,
afring_number,131,131,
afring_number,1310,1310,
afring_number,1312,1312,
afring_number,1314,1314,
afring_number,1316,1316,
afring_number,1318,1318,
afring_number,132,132,
afring_number,1320,1320,
afring_number,1322,1322,
afring_number,1324,1324,
afring_number,1326,1326,
afring_number,1328,1328,
afring_number,133,133,
afring_number,1330,1330,
afring_number,1332,1332,
afring_number,1334,1334,
afring_number,1336,1336,
afring_number,1338,1338,
afring_number,134,134,
afring_number,1340,1340,
afring_number,1342,1342,
afring_number,1344,1344,
afring_number,1346,1346,
afring_number,1348,1348,
afring_number,135,135,
afring_number,1350,1350,
afring_number,1352,1352,
afring_number,1354,1354,
afring_number,1356,1356,
afring_number,1358,1358,
afring_number,136,136,
afring_number,1360,1360,
afring_number,1362,1362,
afring_number,1364,1364,
afring_number,1366,1366,
afring_number,1368,1368,
afring_number,137,137,
afring_number,1370,1370,
afring_number,1372,1372,
afring_number,1374,1374,
afring_number,1376,1376,
afring_number,1378,1378,
afring_number,138,138,
afring_number,1380,1380,
afring_number,1382,1382,
afring_number,1384,1384,
afring_number,1386,1386,
afring_number,1388,1388,
afring_number,139,139,
afring_number,1390,1390,
afring_number,1392,1392,
afring_number,1394,1394,
afring_number,1396,1396,
afring_number,1398,1398,
afring_number,14,14,
afring_number,140,140,
afring_number,1400,1400,
afring_number,1402,1402,
afring_number,1404,1404,
afring_number,1406,1406,
afring_number,1408,1408,
afring_number,141,141,
afring_number,1410,1410,
afring_number,1412,1412,
afring_number,1414,1414,
afring_number,1416,1416,
afring_number,1418,1418,
afring_number,14189,14189,
afring_number,142,142,
afring_number,1420,1420,
afring_number,1422,1422,
afring_number,1424,1424,
afring_number,1426,1426,
afring_number,1428,1428,
afring_number,143,143,
afring_number,1430,1430,
afring_number,1432,1432,
afring_number,1434,1434,
afring_number,1436,1436,
afring_number,1438,1438,
afring_number,144,144,
afring_number,1440,1440,
afring_number,1442,1442,
afring_number,1444,1444,
afring_number,1446,1446,
afring_number,1448,1448,
afring_number,145,145,
afring_number,1450,1450,
afring_number,1452,1452,
afring_number,1454,1454,
afring_number,1456,1456,
afring_number,1458,1458,
afring_number,146,146,
afring_number,1460,1460,
afring_number,1462,1462,
afring_number,1464,1464,
afring_number,1466,1466,
afring_number,1468,1468,
afring_number,147,147,
afring_number,1470,1470,
afring_number,1472,1472,
afring_number,1474,1474,
afring_number,1476,1476,
afring_number,1478,1478,
afring_number,148,148,
afring_number,1480,1480,
afring_number,1482,1482,
afring_number,1484,1484,
afring_number,1486,1486,
afring_number,1488,1488,
afring_number,149,149,
afring_number,1490,1490,
afring_number,1492,1492,
afring_number,1494,1494,
afring_number,1496,1496,
afring_number,1498,1498,
afring_number,15,15,
afring_number,150,150,
afring_number,1500,1500,
afring_number,1502,1502,
afring_number,1504,1504,
afring_number,1506,1506,
afring_number,1508,1508,
afring_number,151,151,
afring_number,1510,1510,
afring_number,1512,1512,
afring_number,1514,1514,
afring_number,1516,1516,
afring_number,1518,1518,
afring_number,152,152,
afring_number,1520,1520,
afring_number,1522,1522,
afring_number,1524,1524,
afring_number,1526,1526,
afring_number,1528,1528,
afring_number,153,153,
afring_number,1530,1530,
afring_number,1532,1532,
afring_number,1534,1534,
afring_number,1536,1536,
afring_number,1538,1538,
afring_number,154,154,
afring_number,1540,1540,
afring_number,1542,1542,
afring_number,1544,1544,
afring_number,1546,1546,
afring_number,1548,1548,
afring_number,155,155,
afring_number,1550,1550,
afring_number,1552,1552,
afring_number,1554,1554,
afring_number,1556,1556,
afring_number,1558,1558,
afring_number,156,156,
afring_number,1560,1560,
afring_number,1562,1562,
afring_number,1564,1564,
afring_number,1566,1566,
afring_number,1568,1568,
afring_number,157,157,
afring_number,1570,1570,
afring_number,1572,1572,
afring_number,1574,1574,
afring_number,1576,1576,
afring_number,1578,1578,
afring_number,158,158,
afring_number,1580,1580,
afring_number,1582,1582,
afring_number,1584,1584,
afring_number,1586,1586,
afring_number,1588,1588,
afring_number,159,159,
afring_number,1590,1590,
afring_number,1592,1592,
afring_number,1594,1594,
afring_number,1596,1596,
afring_number,1598,1598,
afring_number,16,16,
afring_number,160,160,
afring_number,1600,1600,
afring_number,1602,1602,
afring_number,1604,1604,
afring_number,1606,1606,
afring_number,1608,1608,
afring_number,161,161,
afring_number,1610,1610,
afring_number,1612,1612,
afring_number,1614,1614,
afring_number,1616,1616,
afring_number,1618,1618,
afring_number,162,162,
afring_number,1620,1620,
afring_number,1622,1622,
afring_number,1624,1624,
afring_number,1626,1626,
afring_number,1628,1628,
afring_number,163,163,
afring_number,1630,1630,
afring_number,1632,1632,
afring_number,1634,1634,
afring_number,1636,1636,
afring_number,1638,1638,
afring_number,164,164,
afring_number,1640,1640,
afring_number,1642,1642,
afring_number,1644,1644,
afring_number,1646,1646,
afring_number,1648,1648,
afring_number,165,165,
afring_number,1650,1650,
afring_number,1652,1652,
afring_number,1654,1654,
afring_number,1656,1656,
afring_number,1658,1658,
afring_number,166,166,
afring_number,1660,1660,
afring_number,1662,1662,
afring_number,1664,1664,
afring_number,1666,1666,
afring_number,1668,1668,
afring_number,167,167,
afring_number,1670,1670,
afring_number,1672,1672,
afring_number,1674,1674,
afring_number,1676,1676,
afring_number,1678,1678,
afring_number,168,168,
afring_number,1680,1680,
afring_number,1682,1682,
afring_number,1684,1684,
afring_number,1686,1686,
afring_number,1688,1688,
afring_number,169,169,
afring_number,1690,1690,
afring_number,1692,1692,
afring_number,1694,1694,
afring_number,1696,1696,
afring_number,1698,1698,
afring_number,170,170,
afring_number,1700,1700,
afring_number,1702,1702,
afring_number,1704,1704,
afring_number,1706,1706,
afring_number,1708,1708,
afring_number,171,171,
afring_number,1710,1710,
afring_number,1712,1712,
afring_number,1714,1714,
afring_number,1716,1716,
afring_number,1718,1718,
afring_number,172,172,
afring_number,1720,1720,
afring_number,1722,1722,
afring_number,1724,1724,
afring_number,1726,1726,
afring_number,1728,1728,
afring_number,173,173,
afring_number,1730,1730,
afring_number,1732,1732,
afring_number,1734,1734,
afring_number,1736,1736,
afring_number,1738,1738,
afring_number,174,174,
afring_number,1740,1740,
afring_number,1742,1742,
afring_number,1744,1744,
afring_number,1746,1746,
afring_number,1748,1748,
afring_number,175,175,
afring_number,1750,1750,
afring_number,1752,1752,
afring_number,1754,1754,
afring_number,1756,1756,
afring_number,1758,1758,
afring_number,176,176,
afring_number,1760,1760,
afring_number,1762,1762,
afring_number,1764,1764,
afring_number,1766,1766,
afring_number,1768,1768,
afring_number,177,177,
afring_number,1770,1770,
afring_number,1772,1772,
afring_number,1774,1774,
afring_number,1776,1776,
afring_number,1778,1778,
afring_number,178,178,
afring_number,1780,1780,
afring_number,1782,1782,
afring_number,1784,1784,
afring_number,1786,1786,
afring_number,1788,1788,
afring_number,179,179,
afring_number,1790,1790,
afring_number,1792,1792,
afring_number,1794,1794,
afring_number,1796,1796,
afring_number,1798,1798,
afring_number,18,18,
afring_number,180,180,
afring_number,1800,1800,
afring_number,1802,1802,
afring_number,1804,1804,
afring_number,1806,1806,
afring_number,1808,1808,
afring_number,181,181,
afring_number,1810,1810,
afring_number,1812,1812,
afring_number,1814,1814,
afring_number,1816,1816,
afring_number,1818,1818,
afring_number,182,182,
afring_number,1820,1820,
afring_number,1822,1822,
afring_number,1824,1824,
afring_number,1826,1826,
afring_number,1828,1828,
afring_number,183,183,
afring_number,1830,1830,
afring_number,1832,1832,
afring_number,1834,1834,
afring_number,1836,1836,
afring_number,1838,1838,
afring_number,184,184,
afring_number,1840,1840,
afring_number,1842,1842,
afring_number,1844,1844,
afring_number,1846,1846,
afring_number,1848,1848,
afring_number,185,185,
afring_number,1850,1850,
afring_number,1852,1852,
afring_number,1854,1854,
afring_number,1856,1856,
afring_number,1858,1858,
afring_number,1860,1860,
afring_number,1862,1862,
afring_number,1864,1864,
afring_number,1866,1866,
afring_number,1868,1868,
afring_number,187,187,
afring_number,1870,1870,
afring_number,1872,1872,
afring_number,1874,1874,
afring_number,1876,1876,
afring_number,1878,1878,
afring_number,188,188,
afring_number,1880,1880,
afring_number,1882,1882,
afring_number,1884,1884,
afring_number,1886,1886,
afring_number,1888,1888,
afring_number,189,189,
afring_number,1890,1890,
afring_number,1892,1892,
afring_number,1894,1894,
afring_number,1896,1896,
afring_number,1898,1898,
afring_number,19,19,
afring_number,190,190,
afring_number,1900,1900,
afring_number,1902,1902,
afring_number,1904,1904,
afring_number,1906,1906,
afring_number,1908,1908,
afring_number,191,191,
afring_number,1910,1910,
afring_number,1912,1912,
afring_number,1914,1914,
afring_number,1916,1916,
afring_number,1918,1918,
afring_number,192,192,
afring_number,1920,1920,
afring_number,1922,1922,
afring_number,1924,1924,
afring_number,1926,1926,
afring_number,1928,1928,
afring_number,193,193,
afring_number,1930,1930,
afring_number,1932,1932,
afring_number,1934,1934,
afring_number,1936,1936,
afring_number,1938,1938,
afring_number,1940,1940,
afring_number,1942,1942,
afring_number,1944,1944,
afring_number,1946,1946,
afring_number,1948,1948,
afring_number,1950,1950,
afring_number,1952,1952,
afring_number,1954,1954,
afring_number,1956,1956,
afring_number,1958,1958,
afring_number,196,196,
afring_number,1960,1960,
afring_number,1962,1962,
afring_number,1964,1964,
afring_number,1966,1966,
afring_number,1968,1968,
afring_number,197,197,
afring_number,1970,1970,
afring_number,1972,1972,
afring_number,1974,1974,
afring_number,1976,1976,
afring_number,1978,1978,
afring_number,198,198,
afring_number,1980,1980,
afring_number,1982,1982,
afring_number,1984,1984,
afring_number,1986,1986,
afring_number,1988,1988,
afring_number,199,199,
afring_number,1990,1990,
afring_number,1992,1992,
afring_number,1994,1994,
afring_number,1996,1996,
afring_number,1998,1998,
afring_number,2,2,
afring_number,20,20,
afring_number,200,200,
afring_number,2000,2000,
afring_number,2002,2002,
afring_number,2004,2004,
afring_number,2006,2006,
afring_number,2008,2008,
afring_number,201,201,
afring_number,2010,2010,
afring_number,2012,2012,
afring_number,2014,2014,
afring_number,2016,2016,
afring_number,2018,2018,
afring_number,202,202,
afring_number,2020,2020,
afring_number,2022,2022,
afring_number,2024,2024,
afring_number,2026,2026,
afring_number,2028,2028,
afring_number,203,203,
afring_number,2030,2030,
afring_number,2032,2032,
afring_number,2034,2034,
afring_number,2036,2036,
afring_number,2038,2038,
afring_number,204,204,
afring_number,2040,2040,
afring_number,2042,2042,
afring_number,2044,2044,
afring_number,2046,2046,
afring_number,2048,2048,
afring_number,205,205,
afring_number,2050,2050,
afring_number,2052,2052,
afring_number,2054,2054,
afring_number,2056,2056,
afring_number,2058,2058,
afring_number,206,206,
afring_number,2060,2060,
afring_number,2062,2062,
afring_number,2064,2064,
afring_number,2066,2066,
afring_number,2068,2068,
afring_number,207,207,
afring_number,2070,2070,
afring_number,2072,2072,
afring_number,2074,2074,
afring_number,2076,2076,
afring_number,2078,2078,
afring_number,208,208,
afring_number,2080,2080,
afring_number,2082,2082,
afring_number,2084,2084,
afring_number,2086,2086,
afring_number,2088,2088,
afring_number,209,209,
afring_number,2090,2090,
afring_number,2092,2092,
afring_number,2094,2094,
afring_number,2096,2096,
afring_number,2098,2098,
afring_number,21,21,
afring_number,210,210,
afring_number,2100,2100,
afring_number,2102,2102,
afring_number,2104,2104,
afring_number,2106,2106,
afring_number,2108,2108,
afring_number,211,211,
afring_number,2110,2110,
afring_number,2112,2112,
afring_number,2114,2114,
afring_number,2116,2116,
afring_number,2118,2118,
afring_number,212,212,
afring_number,2120,2120,
afring_number,2122,2122,
afring_number,2124,2124,
afring_number,2126,2126,
afring_number,2128,2128,
afring_number,213,213,
afring_number,2130,2130,
afring_number,2132,2132,
afring_number,2134,2134,
afring_number,2136,2136,
afring_number,2138,2138,
afring_number,214,214,
afring_number,2140,2140,
afring_number,2142,2142,
afring_number,2144,2144,
afring_number,2146,2146,
afring_number,2148,2148,
afring_number,215,215,
afring_number,2150,2150,
afring_number,2152,2152,
afring_number,2154,2154,
afring_number,2156,2156,
afring_number,2158,2158,
afring_number,216,216,
afring_number,2160,2160,
afring_number,2162,2162,
afring_number,2164,2164,
afring_number,2166,2166,
afring_number,2168,2168,
afring_number,217,217,
afring_number,2170,2170,
afring_number,2172,2172,
afring_number,2174,2174,
afring_number,2176,2176,
afring_number,2178,2178,
afring_number,218,218,
afring_number,2180,2180,
afring_number,2182,2182,
afring_number,2184,2184,
afring_number,2186,2186,
afring_number,2188,2188,
afring_number,219,219,
afring_number,2190,2190,
afring_number,2192,2192,
afring_number,2194,2194,
afring_number,2196,2196,
afring_number,2198,2198,
afring_number,22,22,
afring_number,220,220,
afring_number,2200,2200,
afring_number,2202,2202,
afring_number,2204,2204,
afring_number,2206,2206,
afring_number,2208,2208,
afring_number,221,221,
afring_number,2210,2210,
afring_number,2212,2212,
afring_number,2214,2214,
afring_number,2216,2216,
afring_number,2218,2218,
afring_number,222,222,
afring_number,2220,2220,
afring_number,2222,2222,
afring_number,2224,2224,
afring_number,2226,2226,
afring_number,2228,2228,
afring_number,223,223,
afring_number,2230,2230,
afring_number,2232,2232,
afring_number,2234,2234,
afring_number,2236,2236,
afring_number,2238,2238,
afring_number,224,224,
afring_number,2240,2240,
afring_number,2242,2242,
afring_number,2244,2244,
afring_number,2246,2246,
afring_number,2248,2248,
afring_number,2250,2250,
afring_number,2252,2252,
afring_number,2254,2254,
afring_number,2256,2256,
afring_number,2258,2258,
afring_number,2260,2260,
afring_number,2262,2262,
afring_number,2264,2264,
afring_number,2266,2266,
afring_number,2268,2268,
afring_number,227,227,
afring_number,2270,2270,
afring_number,2272,2272,
afring_number,2274,2274,
afring_number,2276,2276,
afring_number,2278,2278,
afring_number,228,228,
afring_number,2280,2280,
afring_number,2282,2282,
afring_number,2284,2284,
afring_number,2286,2286,
afring_number,2288,2288,
afring_number,229,229,
afring_number,2290,2290,
afring_number,2292,2292,
afring_number,2294,2294,
afring_number,2296,2296,
afring_number,2298,2298,
afring_number,230,230,
afring_number,2300,2300,
afring_number,2302,2302,
afring_number,2304,2304,
afring_number,2306,2306,
afring_number,2308,2308,
afring_number,231,231,
afring_number,2310,2310,
afring_number,2312,2312,
afring_number,2314,2314,
afring_number,2316,2316,
afring_number,2318,2318,
afring_number,232,232,
afring_number,2320,2320,
afring_number,2322,2322,
afring_number,2324,2324,
afring_number,2326,2326,
afring_number,2328,2328,
afring_number,233,233,
afring_number,2330,2330,
afring_number,2332,2332,
afring_number,2334,2334,
afring_number,2336,2336,
afring_number,2338,2338,
afring_number,234,234,
afring_number,2340,2340,
afring_number,2342,2342,
afring_number,2344,2344,
afring_number,2346,2346,
afring_number,2348,2348,
afring_number,235,235,
afring_number,2350,2350,
afring_number,2352,2352,
afring_number,2354,2354,
afring_number,2356,2356,
afring_number,2358,2358,
afring_number,236,236,
afring_number,2360,2360,
afring_number,2362,2362,
afring_number,2364,2364,
afring_number,2366,2366,
afring_number,2368,2368,
afring_number,237,237,
afring_number,2370,2370,
afring_number,2372,2372,
afring_number,2374,2374,
afring_number,2376,2376,
afring_number,2378,2378,
afring_number,238,238,
afring_number,2380,2380,
afring_number,2382,2382,
afring_number,2384,2384,
afring_number,2386,2386,
afring_number,2388,2388,
afring_number,239,239,
afring_number,2390,2390,
afring_number,2392,2392,
afring_number,2394,2394,
afring_number,2396,2396,
afring_number,2398,2398,
afring_number,24,24,
afring_number,240,240,
afring_number,2400,2400,
afring_number,2402,2402,
afring_number,2404,2404,
afring_number,2406,2406,
afring_number,2408,2408,
afring_number,241,241,
afring_number,2410,2410,
afring_number,2412,2412,
afring_number,2414,2414,
afring_number,2416,2416,
afring_number,2418,2418,
afring_number,242,242,
afring_number,2420,2420,
afring_number,2422,2422,
afring_number,2424,2424,
afring_number,2426,2426,
afring_number,2428,2428,
afring_number,243,243,
afring_number,2430,2430,
afring_number,2432,2432,
afring_number,2434,2434,
afring_number,2436,2436,
afring_number,2438,2438,
afring_number,244,244,
afring_number,2440,2440,
afring_number,2442,2442,
afring_number,2444,2444,
afring_number,2446,2446,
afring_number,2448,2448,
afring_number,245,245,
afring_number,2450,2450,
afring_number,2452,2452,
afring_number,2454,2454,
afring_number,2456,2456,
afring_number,2458,2458,
afring_number,246,246,
afring_number,2460,2460,
afring_number,2462,2462,
afring_number,2464,2464,
afring_number,2466,2466,
afring_number,2468,2468,
afring_number,247,247,
afring_number,2470,2470,
afring_number,2472,2472,
afring_number,2474,2474,
afring_number,2476,2476,
afring_number,2478,2478,
afring_number,248,248,
afring_number,2480,2480,
afring_number,2482,2482,
afring_number,2484,2484,
afring_number,2486,2486,
afring_number,2488,2488,
afring_number,249,249,
afring_number,2490,2490,
afring_number,2492,2492,
afring_number,2494,2494,
afring_number,2496,2496,
afring_number,2498,2498,
afring_number,25,25,
afring_number,250,250,
afring_number,2500,2500,
afring_number,2502,2502,
afring_number,2504,2504,
afring_number,2506,2506,
afring_number,2508,2508,
afring_number,251,251,
afring_number,2510,2510,
afring_number,2512,2512,
afring_number,2514,2514,
afring_number,2516,2516,
afring_number,2518,2518,
afring_number,252,252,
afring_number,2520,2520,
afring_number,2522,2522,
afring_number,2524,2524,
afring_number,2526,2526,
afring_number,2528,2528,
afring_number,253,253,
afring_number,2530,2530,
afring_number,2532,2532,
afring_number,2534,2534,
afring_number,2536,2536,
afring_number,2538,2538,
afring_number,254,254,
afring_number,2540,2540,
afring_number,2542,2542,
afring_number,2544,2544,
afring_number,2546,2546,
afring_number,2548,2548,
afring_number,255,255,
afring_number,2550,2550,
afring_number,2552,2552,
afring_number,2554,2554,
afring_number,2556,2556,
afring_number,2558,2558,
afring_number,256,256,
afring_number,2560,2560,
afring_number,2562,2562,
afring_number,2564,2564,
afring_number,2566,2566,
afring_number,2568,2568,
afring_number,257,257,
afring_number,2570,2570,
afring_number,2572,2572,
afring_number,2574,2574,
afring_number,2576,2576,
afring_number,2578,2578,
afring_number,258,258,
afring_number,2580,2580,
afring_number,2582,2582,
afring_number,2584,2584,
afring_number,2586,2586,
afring_number,2588,2588,
afring_number,25892,2592,Guessed numeric corruption mapped to 2592
afring_number,259,259,
afring_number,2590,2590,
afring_number,2592,2592,
afring_number,25925,2592,Guessed numeric corruption mapped to 2592
afring_number,2594,2594,
afring_number,2596,2596,
afring_number,2598,2598,
afring_number,26,26,
afring_number,260,260,
afring_number,2600,2600,
afring_number,2602,2602,
afring_number,2604,2604,
afring_number,2606,2606,
afring_number,2608,2608,
afring_number,261,261,
afring_number,2610,2610,
afring_number,2612,2612,
afring_number,2614,2614,
afring_number,2616,2616,
afring_number,2618,2618,
afring_number,262,262,
afring_number,2620,2620,
afring_number,2622,2622,
afring_number,2624,2624,
afring_number,2626,2626,
afring_number,2628,2628,
afring_number,263,263,
afring_number,2630,2630,
afring_number,2632,2632,
afring_number,2634,2634,
afring_number,2636,2636,
afring_number,2638,2638,
afring_number,264,264,
afring_number,2640,2640,
afring_number,2642,2642,
afring_number,2644,2644,
afring_number,2646,2646,
afring_number,2648,2648,
afring_number,265,265,
afring_number,2650,2650,
afring_number,2652,2652,
afring_number,2654,2654,
afring_number,2656,2656,
afring_number,2658,2658,
afring_number,266,266,
afring_number,2660,2660,
afring_number,2662,2662,
afring_number,2664,2664,
afring_number,2666,2666,
afring_number,2668,2668,
afring_number,267,267,
afring_number,2670,2670,
afring_number,2672,2672,
afring_number,2674,2674,
afring_number,2676,2676,
afring_number,2678,2678,
afring_number,268,268,
afring_number,2680,2680,
afring_number,2682,2682,
afring_number,2684,2684,
afring_number,2686,2686,
afring_number,2688,2688,
afring_number,269,269,
afring_number,2690,2690,
afring_number,2692,2692,
afring_number,2694,2694,
afring_number,2696,2696,
afring_number,2698,2698,
afring_number,27,27,
afring_number,270,270,
afring_number,2700,2700,
afring_number,2702,2702,
afring_number,2704,2704,
afring_number,2706,2706,
afring_number,2708,2708,
afring_number,271,271,
afring_number,2710,2710,
afring_number,2712,2712,
afring_number,2714,2714,
afring_number,2716,2716,
afring_number,2718,2718,
afring_number,272,272,
afring_number,2720,2720,
afring_number,2722,2722,
afring_number,2724,2724,
afring_number,2726,2726,
afring_number,2728,2728,
afring_number,273,273,
afring_number,2730,2730,
afring_number,2732,2732,
afring_number,2734,2734,
afring_number,2736,2736,
afring_number,2738,2738,
afring_number,274,274,
afring_number,2740,2740,
afring_number,2742,2742,
afring_number,2744,2744,
afring_number,2746,2746,
afring_number,2748,2748,
afring_number,275,275,
afring_number,2750,2750,
afring_number,2752,2752,
afring_number,2754,2754,
afring_number,2756,2756,
afring_number,2758,2758,
afring_number,276,276,
afring_number,2760,2760,
afring_number,2762,2762,
afring_number,2764,2764,
afring_number,2766,2766,
afring_number,2768,2768,
afring_number,277,277,
afring_number,2770,2770,
afring_number,2772,2772,
afring_number,2774,2774,
afring_number,2776,2776,
afring_number,2778,2778,
afring_number,278,278,
afring_number,2780,2780,
afring_number,2782,2782,
afring_number,2784,2784,
afring_number,2786,2786,
afring_number,2788,2788,
afring_number,279,279,
afring_number,2790,2790,
afring_number,2792,2792,
afring_number,2794,2794,
afring_number,2796,2796,
afring_number,2798,2798,
afring_number,28,28,
afring_number,280,280,
afring_number,2800,2800,
afring_number,2802,2802,
afring_number,2804,2804,
afring_number,2806,2806,
afring_number,2808,2808,
afring_number,281,281,
afring_number,2810,2810,
afring_number,2812,2812,
afring_number,2814,2814,
afring_number,2816,2816,
afring_number,2818,2818,
afring_number,282,282,
afring_number,2820,2820,
afring_number,2822,2822,
afring_number,2824,2824,
afring_number,2826,2826,
afring_number,2828,2828,
afring_number,283,283,
afring_number,2830,2830,
afring_number,2832,2832,
afring_number,2834,2834,
afring_number,2836,2836,
afring_number,2838,2838,
afring_number,284,284,
afring_number,2840,2840,
afring_number,2842,2842,
afring_number,2844,2844,
afring_number,2846,2846,
afring_number,2848,2848,
afring_number,285,285,
afring_number,2850,2850,
afring_number,2852,2852,
afring_number,2854,2854,
afring_number,2856,2856,
afring_number,2858,2858,
afring_number,286,286,
afring_number,2860,2860,
afring_number,2862,2862,
afring_number,2864,2864,
afring_number,2866,2866,
afring_number,2868,2868,
afring_number,287,287,
afring_number,2870,2870,
afring_number,2872,2872,
afring_number,2874,2874,
afring_number,2876,2876,
afring_number,2878,2878,
afring_number,288,288,
afring_number,2880,2880,
afring_number,2882,2882,
afring_number,2884,2884,
afring_number,2886,2886,
afring_number,2888,2888,
afring_number,289,289,
afring_number,2890,2890,
afring_number,2892,2892,
afring_number,2894,2894,
afring_number,2896,2896,
afring_number,2898,2898,
afring_number,29,29,
afring_number,290,290,
afring_number,2900,2900,
afring_number,2902,2902,
afring_number,2904,2904,
afring_number,2906,2906,
afring_number,2908,2908,
afring_number,291,291,
afring_number,2910,2910,
afring_number,2912,2912,
afring_number,2914,2914,
afring_number,2916,2916,
afring_number,2918,2918,
afring_number,292,292,
afring_number,2920,2920,
afring_number,2922,2922,
afring_number,2924,2924,
afring_number,2926,2926,
afring_number,2928,2928,
afring_number,293,293,
afring_number,2930,2930,
afring_number,2932,2932,
afring_number,2934,2934,
afring_number,2936,2936,
afring_number,2938,2938,
afring_number,294,294,
afring_number,2940,2940,
afring_number,2942,2942,
afring_number,2944,2944,
afring_number,2946,2946,
afring_number,2948,2948,
afring_number,295,295,
afring_number,2950,2950,
afring_number,2952,2952,
afring_number,2954,2954,
afring_number,2956,2956,
afring_number,2958,2958,
afring_number,296,296,
afring_number,2960,2960,
afring_number,2962,2962,
afring_number,2964,2964,
afring_number,2966,2966,
afring_number,2968,2968,
afring_number,297,297,
afring_number,2970,2970,
afring_number,2972,2972,
afring_number,2974,2974,
afring_number,2976,2976,
afring_number,2978,2978,
afring_number,298,298,
afring_number,2980,2980,
afring_number,2982,2982,
afring_number,2984,2984,
afring_number,2986,2986,
afring_number,2988,2988,
afring_number,299,299,
afring_number,2990,2990,
afring_number,2992,2992,
afring_number,2994,2994,
afring_number,2996,2996,
afring_number,2998,2998,
afring_number,3,3,
afring_number,30,30,
afring_number,300,300,
afring_number,3000,3000,
afring_number,3002,3002,
afring_number,3004,3004,
afring_number,3006,3006,
afring_number,3008,3008,
afring_number,301,301,
afring_number,3010,3010,
afring_number,3012,3012,
afring_number,3014,3014,
afring_number,3016,3016,
afring_number,3018,3018,
afring_number,302,302,
afring_number,3020,3020,
afring_number,3022,3022,
afring_number,3024,3024,
afring_number,3026,3026,
afring_number,3028,3028,
afring_number,303,303,
afring_number,3030,3030,
afring_number,3032,3032,
afring_number,3034,3034,
afring_number,3036,3036,
afring_number,3038,3038,
afring_number,304,304,
afring_number,3040,3040,
afring_number,3042,3042,
afring_number,3044,3044,
afring_number,3046,3046,
afring_number,3048,3048,
afring_number,305,305,
afring_number,3050,3050,
afring_number,3052,3052,
afring_number,3054,3054,
afring_number,3056,3056,
afring_number,3058,3058,
afring_number,306,306,
afring_number,3060,3060,
afring_number,3062,3062,
afring_number,3064,3064,
afring_number,3066,3066,
afring_number,3068,3068,
afring_number,307,307,
afring_number,3070,3070,
afring_number,3072,3072,
afring_number,3074,3074,
afring_number,3076,3076,
afring_number,3078,3078,
afring_number,308,308,
afring_number,3080,3080,
afring_number,3082,3082,
afring_number,3084,3084,
afring_number,3086,3086,
afring_number,3088,3088,
afring_number,309,309,
afring_number,3090,3090,
afring_number,3092,3092,
afring_number,3094,3094,
afring_number,3096,3096,
afring_number,3098,3098,
afring_number,31,31,
afring_number,310,310,
afring_number,3100,3100,
afring_number,3102,3102,
afring_number,3104,3104,
afring_number,3106,3106,
afring_number,3108,3108,
afring_number,311,311,
afring_number,3110,3110,
afring_number,3112,3112,
afring_number,3114,3114,
afring_number,3116,3116,
afring_number,3118,3118,
afring_number,312,312,
afring_number,3120,3120,
afring_number,3122,3122,
afring_number,3124,3124,
afring_number,3126,3126,
afring_number,3128,3128,
afring_number,313,313,
afring_number,3130,3130,
afring_number,3132,3132,
afring_number,3134,3134,
afring_number,3136,3136,
afring_number,3138,3138,
afring_number,314,314,
afring_number,3140,3140,
afring_number,3142,3142,
afring_number,3144,3144,
afring_number,3146,3146,
afring_number,3148,3148,
afring_number,315,315,
afring_number,3150,3150,
afring_number,3152,3152,
afring_number,3154,3154,
afring_number,3156,3156,
afring_number,3158,3158,
afring_number,316,316,
afring_number,3160,3160,
afring_number,3162,3162,
afring_number,3164,3164,
afring_number,3166,3166,
afring_number,3168,3168,
afring_number,317,317,
afring_number,3170,3170,
afring_number,3172,3172,
afring_number,3174,3174,
afring_number,3176,3176,
afring_number,3178,3178,
afring_number,318,318,
afring_number,3180,3180,
afring_number,3182,3182,
afring_number,3184,3184,
afring_number,3186,3186,
afring_number,3188,3188,
afring_number,319,319,
afring_number,3190,3190,
afring_number,3192,3192,
afring_number,3194,3194,
afring_number,3196,3196,
afring_number,3198,3198,
afring_number,32,32,
afring_number,320,320,
afring_number,3200,3200,
afring_number,3202,3202,
afring_number,3204,3204,
afring_number,3206,3206,
afring_number,3208,3208,
afring_number,321,321,
afring_number,3210,3210,
afring_number,3212,3212,
afring_number,3214,3214,
afring_number,3216,3216,
afring_number,3218,3218,
afring_number,322,322,
afring_number,3220,3220,
afring_number,3222,3222,
afring_number,3224,3224,
afring_number,3226,3226,
afring_number,3228,3228,
afring_number,323,323,
afring_number,3230,3230,
afring_number,3234,3234,
afring_number,3236,3236,
afring_number,3238,3238,
afring_number,324,324,
afring_number,3240,3240,
afring_number,3242,3242,
afring_number,3244,3244,
afring_number,3246,3246,
afring_number,3248,3248,
afring_number,3250,3250,
afring_number,3252,3252,
afring_number,3254,3254,
afring_number,3256,3256,
afring_number,3258,3258,
afring_number,3260,3260,
afring_number,3262,3262,
afring_number,3264,3264,
afring_number,3266,3266,
afring_number,3268,3268,
afring_number,327,327,
afring_number,3270,3270,
afring_number,3272,3272,
afring_number,3274,3274,
afring_number,3276,3276,
afring_number,3278,3278,
afring_number,328,328,
afring_number,3280,3280,
afring_number,3282,3282,
afring_number,3284,3284,
afring_number,3286,3286,
afring_number,3288,3288,
afring_number,329,329,
afring_number,3290,3290,
afring_number,3292,3292,
afring_number,3294,3294,
afring_number,3296,3296,
afring_number,3298,3298,
afring_number,33,33,
afring_number,330,330,
afring_number,3300,3300,
afring_number,3302,3302,
afring_number,3304,3304,
afring_number,3306,3306,
afring_number,3308,3308,
afring_number,331,331,
afring_number,3310,3310,
afring_number,3312,3312,
afring_number,3314,3314,
afring_number,3316,3316,
afring_number,3318,3318,
afring_number,332,332,
afring_number,3320,3320,
afring_number,3322,3322,
afring_number,3324,3324,
afring_number,3326,3326,
afring_number,3328,3328,
afring_number,3330,3330,
afring_number,3332,3332,
afring_number,3334,3334,
afring_number,3336,3336,
afring_number,3338,3338,
afring_number,3340,3340,
afring_number,3342,3342,
afring_number,3344,3344,
afring_number,3346,3346,
afring_number,3348,3348,
afring_number,3350,3350,
afring_number,3352,3352,
afring_number,3354,3354,
afring_number,3356,3356,
afring_number,3358,3358,
afring_number,3360,3360,
afring_number,3362,3362,
afring_number,3364,3364,
afring_number,3366,3366,
afring_number,3368,3368,
afring_number,337,337,
afring_number,3370,3370,
afring_number,3372,3372,
afring_number,3374,3374,
afring_number,3376,3376,
afring_number,3378,3378,
afring_number,338,338,
afring_number,3380,3380,
afring_number,3382,3382,
afring_number,3384,3384,
afring_number,3386,3386,
afring_number,3388,3388,
afring_number,339,339,
afring_number,3390,3390,
afring_number,3392,3392,
afring_number,3394,3394,
afring_number,3396,3396,
afring_number,3398,3398,
afring_number,34,34,
afring_number,340,340,
afring_number,3400,3400,
afring_number,3402,3402,
afring_number,3404,3404,
afring_number,3406,3406,
afring_number,3408,3408,
afring_number,341,341,
afring_number,3410,3410,
afring_number,3412,3412,
afring_number,3414,3414,
afring_number,3416,3416,
afring_number,3418,3418,
afring_number,3420,3420,
afring_number,3422,3422,
afring_number,3424,3424,
afring_number,3426,3426,
afring_number,3428,3428,
afring_number,343,343,
afring_number,3430,3430,
afring_number,3432,3432,
afring_number,3434,3434,
afring_number,3436,3436,
afring_number,3438,3438,
afring_number,344,344,
afring_number,3440,3440,
afring_number,3442,3442,
afring_number,3444,3444,
afring_number,3446,3446,
afring_number,3448,3448,
afring_number,345,345,
afring_number,3450,3450,
afring_number,3452,3452,
afring_number,3454,3454,
afring_number,3456,3456,
afring_number,3458,3458,
afring_number,346,346,
afring_number,3460,3460,
afring_number,3462,3462,
afring_number,3464,3464,
afring_number,3466,3466,
afring_number,3468,3468,
afring_number,347,347,
afring_number,3470,3470,
afring_number,3472,3472,
afring_number,3474,3474,
afring_number,3476,3476,
afring_number,3478,3478,
afring_number,348,348,
afring_number,3480,3480,
afring_number,3482,3482,
afring_number,3484,3484,
afring_number,3486,3486,
afring_number,3488,3488,
afring_number,3490,3490,
afring_number,3492,3492,
afring_number,3494,3494,
afring_number,3496,3496,
afring_number,3498,3498,
afring_number,35,35,
afring_number,350,350,
afring_number,3500,3500,
afring_number,3502,3502,
afring_number,3504,3504,
afring_number,3506,3506,
afring_number,3508,3508,
afring_number,351,351,
afring_number,3510,3510,
afring_number,3512,3512,
afring_number,3514,3514,
afring_number,3516,3516,
afring_number,3518,3518,
afring_number,352,352,
afring_number,3520,3520,
afring_number,3522,3522,
afring_number,3524,3524,
afring_number,3526,3526,
afring_number,3528,3528,
afring_number,353,353,
afring_number,3530,3530,
afring_number,3532,3532,
afring_number,3534,3534,
afring_number,3536,3536,
afring_number,3538,3538,
afring_number,354,354,
afring_number,3540,3540,
afring_number,3542,3542,
afring_number,3544,3544,
afring_number,3546,3546,
afring_number,3548,3548,
afring_number,355,355,
afring_number,3550,3550,
afring_number,3552,3552,
afring_number,3554,3554,
afring_number,3556,3556,
afring_number,3558,3558,
afring_number,3560,3560,
afring_number,3562,3562,
afring_number,3564,3564,
afring_number,3566,3566,
afring_number,3568,3568,
afring_number,357,357,
afring_number,3570,3570,
afring_number,3572,3572,
afring_number,3574,3574,
afring_number,3576,3576,
afring_number,3578,3578,
afring_number,358,358,
afring_number,3580,3580,
afring_number,3582,3582,
afring_number,3584,3584,
afring_number,3586,3586,
afring_number,3588,3588,
afring_number,359,359,
afring_number,3590,3590,
afring_number,3592,3592,
afring_number,3594,3594,
afring_number,3596,3596,
afring_number,3598,3598,
afring_number,36,36,
afring_number,360,360,
afring_number,3600,3600,
afring_number,3602,3602,
afring_number,3604,3604,
afring_number,3606,3606,
afring_number,3608,3608,
afring_number,361,361,
afring_number,3610,3610,
afring_number,3612,3612,
afring_number,3614,3614,
afring_number,3616,3616,
afring_number,3618,3618,
afring_number,362,362,
afring_number,3620,3620,
afring_number,3622,3622,
afring_number,3624,3624,
afring_number,3626,3626,
afring_number,3628,3628,
afring_number,363,363,
afring_number,3630,3630,
afring_number,3632,3632,
afring_number,3634,3634,
afring_number,3636,3636,
afring_number,3638,3638,
afring_number,364,364,
afring_number,3640,3640,
afring_number,3642,3642,
afring_number,3644,3644,
afring_number,3646,3646,
afring_number,3648,3648,
afring_number,365,365,
afring_number,3650,3650,
afring_number,3652,3652,
afring_number,3654,3654,
afring_number,3656,3656,
afring_number,3658,3658,
afring_number,366,366,
afring_number,3660,3660,
afring_number,3662,3662,
afring_number,3664,3664,
afring_number,3666,3666,
afring_number,3668,3668,
afring_number,367,367,
afring_number,3670,3670,
afring_number,3672,3672,
afring_number,3674,3674,
afring_number,3676,3676,
afring_number,3678,3678,
afring_number,368,368,
afring_number,3680,3680,
afring_number,3682,3682,
afring_number,3684,3684,
afring_number,3686,3686,
afring_number,3688,3688,
afring_number,369,369,
afring_number,3690,3690,
afring_number,3692,3692,
afring_number,3694,3694,
afring_number,3696,3696,
afring_number,3698,3698,
afring_number,37,37,
afring_number,370,370,
afring_number,3700,3700,
afring_number,3702,3702,
afring_number,3704,3704,
afring_number,3706,3706,
afring_number,3708,3708,
afring_number,371,371,
afring_number,3710,3710,
afring_number,3712,3712,
afring_number,3714,3714,
afring_number,3716,3716,
afring_number,3718,3718,
afring_number,372,372,
afring_number,3720,3720,
afring_number,3722,3722,
afring_number,3724,3724,
afring_number,3726,3726,
afring_number,3728,3728,
afring_number,373,373,
afring_number,3730,3730,
afring_number,3732,3732,
afring_number,3734,3734,
afring_number,3736,3736,
afring_number,3738,3738,
afring_number,374,374,
afring_number,3740,3740,
afring_number,3742,3742,
afring_number,3744,3744,
afring_number,3746,3746,
afring_number,3748,3748,
afring_number,375,375,
afring_number,3750,3750,
afring_number,3752,3752,
afring_number,3754,3754,
afring_number,3756,3756,
afring_number,3758,3758,
afring_number,376,376,
afring_number,3760,3760,
afring_number,3762,3762,
afring_number,3764,3764,
afring_number,3766,3766,
afring_number,3768,3768,
afring_number,377,377,
afring_number,3770,3770,
afring_number,3772,3772,
afring_number,3774,3774,
afring_number,3776,3776,
afring_number,3778,3778,
afring_number,378,378,
afring_number,3780,3780,
afring_number,3782,3782,
afring_number,3784,3784,
afring_number,3786,3786,
afring_number,3788,3788,
afring_number,379,379,
afring_number,3790,3790,
afring_number,3792,3792,
afring_number,3794,3794,
afring_number,3796,3796,
afring_number,3798,3798,
afring_number,38,38,
afring_number,380,380,
afring_number,3800,3800,
afring_number,3802,3802,
afring_number,3804,3804,
afring_number,3806,3806,
afring_number,3808,3808,
afring_number,381,381,
afring_number,3810,3810,
afring_number,3812,3812,
afring_number,3814,3814,
afring_number,3816,3816,
afring_number,382,382,
afring_number,3820,3820,
afring_number,3822,3822,
afring_number,3824,3824,
afring_number,3826,3826,
afring_number,3828,3828,
afring_number,383,383,
afring_number,3830,3830,
afring_number,3832,3832,
afring_number,3834,3834,
afring_number,3836,3836,
afring_number,3838,3838,
afring_number,384,384,
afring_number,3840,3840,
afring_number,3842,3842,
afring_number,3844,3844,
afring_number,3846,3846,
afring_number,3848,3848,
afring_number,385,385,
afring_number,3850,3850,
afring_number,3852,3852,
afring_number,3854,3854,
afring_number,3856,3856,
afring_number,3858,3858,
afring_number,386,386,
afring_number,3860,3860,
afring_number,3862,3862,
afring_number,3864,3864,
afring_number,3866,3866,
afring_number,3868,3868,
afring_number,387,387,
afring_number,3870,3870,
afring_number,3872,3872,
afring_number,3874,3874,
afring_number,3876,3876,
afring_number,3878,3878,
afring_number,388,388,
afring_number,3880,3880,
afring_number,3882,3882,
afring_number,3884,3884,
afring_number,3886,3886,
afring_number,3888,3888,
afring_number,389,389,
afring_number,3890,3890,
afring_number,3892,3892,
afring_number,3894,3894,
afring_number,3896,3896,
afring_number,3898,3898,
afring_number,39,39,
afring_number,390,390,
afring_number,3900,3900,
afring_number,3902,3902,
afring_number,3904,3904,
afring_number,3906,3906,
afring_number,3908,3908,
afring_number,391,391,
afring_number,3910,3910,
afring_number,3912,3912,
afring_number,3914,3914,
afring_number,3916,3916,
afring_number,3918,3918,
afring_number,392,392,
afring_number,3920,3920,
afring_number,3922,3922,
afring_number,3924,3924,
afring_number,3926,3926,
afring_number,3928,3928,
afring_number,393,393,
afring_number,3930,3930,
afring_number,3932,3932,
afring_number,3934,3934,
afring_number,3936,3936,
afring_number,3938,3938,
afring_number,394,394,
afring_number,3940,3940,
afring_number,3942,3942,
afring_number,3944,3944,
afring_number,3946,3946,
afring_number,3948,3948,
afring_number,395,395,
afring_number,3950,3950,
afring_number,3952,3952,
afring_number,3954,3954,
afring_number,3956,3956,
afring_number,3958,3958,
afring_number,396,396,
afring_number,3960,3960,
afring_number,3962,3962,
afring_number,3964,3964,
afring_number,3966,3966,
afring_number,397,397,
afring_number,3970,3970,
afring_number,3972,3972,
afring_number,3974,3974,
afring_number,3976,3976,
afring_number,3978,3978,
afring_number,398,398,
afring_number,3980,3980,
afring_number,3982,3982,
afring_number,3984,3984,
afring_number,3986,3986,
afring_number,3988,3988,
afring_number,399,399,
afring_number,3990,3990,
afring_number,3992,3992,
afring_number,3994,3994,
afring_number,3996,3996,
afring_number,3998,3998,
afring_number,4,4,
afring_number,40,40,
afring_number,400,400,
afring_number,4000,4000,
afring_number,4002,4002,
afring_number,4004,4004,
afring_number,4006,4006,
afring_number,4008,4008,
afring_number,401,401,
afring_number,4010,4010,
afring_number,4012,4012,
afring_number,4014,4014,
afring_number,4016,4016,
afring_number,4018,4018,
afring_number,402,402,
afring_number,4020,4020,
afring_number,4022,4022,
afring_number,4024,4024,
afring_number,4026,4026,
afring_number,4028,4028,
afring_number,403,403,
afring_number,4030,4030,
afring_number,4032,4032,
afring_number,4034,4034,
afring_number,4036,4036,
afring_number,4038,4038,
afring_number,404,404,
afring_number,4040,4040,
afring_number,4042,4042,
afring_number,4044,4044,
afring_number,4046,4046,
afring_number,4048,4048,
afring_number,405,405,
afring_number,4050,4050,
afring_number,4052,4052,
afring_number,4054,4054,
afring_number,4056,4056,
afring_number,4058,4058,
afring_number,406,406,
afring_number,4060,4060,
afring_number,4062,4062,
afring_number,4064,4064,
afring_number,4066,4066,
afring_number,4068,4068,
afring_number,407,407,
afring_number,4070,4070,
afring_number,4072,4072,
afring_number,4074,4074,
afring_number,4076,4076,
afring_number,4078,4078,
afring_number,408,408,
afring_number,4080,4080,
afring_number,4082,4082,
afring_number,4084,4084,
afring_number,4086,4086,
afring_number,4088,4088,
afring_number,409,409,
afring_number,4090,4090,
afring_number,4092,4092,
afring_number,4094,4094,
afring_number,4096,4096,
afring_number,4098,4098,
afring_number,41,41,
afring_number,410,410,
afring_number,4100,4100,
afring_number,4102,4102,
afring_number,4104,4104,
afring_number,4106,4106,
afring_number,4108,4108,
afring_number,411,411,
afring_number,4110,4110,
afring_number,4112,4112,
afring_number,4114,4114,
afring_number,4116,4116,
afring_number,4118,4118,
afring_number,412,412,
afring_number,4120,4120,
afring_number,4121,4121,
afring_number,4122,4122,
afring_number,4123,4123,
afring_number,4124,4124,
afring_number,4125,4125,
afring_number,4126,4126,
afring_number,4127,4127,
afring_number,4128,4128,
afring_number,4129,4129,
afring_number,413,413,
afring_number,4130,4130,
afring_number,4131,4131,
afring_number,4132,4132,
afring_number,4133,4133,
afring_number,4134,4134,
afring_number,4136,4136,
afring_number,4137,4137,
afring_number,4138,4138,
afring_number,4139,4139,
afring_number,414,414,
afring_number,4140,4140,
afring_number,4142,4142,
afring_number,4143,4143,
afring_number,4144,4144,
afring_number,415,415,
afring_number,416,416,
afring_number,417,417,
afring_number,418,418,
afring_number,419,419,
afring_number,42,42,
afring_number,420,420,
afring_number,421,421,
afring_number,422,422,
afring_number,423,423,
afring_number,424,424,
afring_number,426,426,
afring_number,427,427,
afring_number,428,428,
afring_number,429,429,
afring_number,43,43,
afring_number,430,430,
afring_number,431,431,
afring_number,432,432,
afring_number,433,433,
afring_number,434,434,
afring_number,435,435,
afring_number,436,436,
afring_number,437,437,
afring_number,438,438,
afring_number,439,439,
afring_number,44,44,
afring_number,440,440,
afring_number,441,441,
afring_number,442,442,
afring_number,443,443,
afring_number,444,444,
afring_number,445,445,
afring_number,446,446,
afring_number,447,447,
afring_number,448,448,
afring_number,449,449,
afring_number,45,45,
afring_number,450,450,
afring_number,451,451,
afring_number,452,452,
afring_number,453,453,
afring_number,454,454,
afring_number,455,455,
afring_number,456,456,
afring_number,457,457,
afring_number,458,458,
afring_number,459,459,
afring_number,46,46,
afring_number,460,460,
afring_number,461,461,
afring_number,462,462,
afring_number,463,463,
afring_number,464,464,
afring_number,465,465,
afring_number,467,467,
afring_number,468,468,
afring_number,469,469,
afring_number,47,47,
afring_number,470,470,
afring_number,471,471,
afring_number,472,472,
afring_number,473,473,
afring_number,474,474,
afring_number,476,476,
afring_number,477,477,
afring_number,479,479,
afring_number,48,48,
afring_number,480,480,
afring_number,483,483,
afring_number,484,484,
afring_number,485,485,
afring_number,486,486,
afring_number,487,487,
afring_number,488,488,
afring_number,49,49,
afring_number,490,490,
afring_number,491,491,
afring_number,492,492,
afring_number,493,493,
afring_number,494,494,
afring_number,495,495,
afring_number,496,496,
afring_number,497,497,
afring_number,498,498,
afring_number,499,499,
afring_number,5,5,
afring_number,50,50,
afring_number,500,500,
afring_number,501,501,
afring_number,502,502,
afring_number,503,503,
afring_number,504,504,
afring_number,506,506,
afring_number,507,507,
afring_number,508,508,
afring_number,509,509,
afring_number,51,51,
afring_number,510,510,
afring_number,511,511,
afring_number,512,512,
afring_number,513,513,
afring_number,514,514,
afring_number,515,515,
afring_number,516,516,
afring_number,517,517,
afring_number,518,518,
afring_number,519,519,
afring_number,52,52,
afring_number,520,520,
afring_number,521,521,
afring_number,522,522,
afring_number,523,523,
afring_number,524,524,
afring_number,525,525,
afring_number,526,526,
afring_number,527,527,
afring_number,528,528,
afring_number,529,529,
afring_number,53,53,
afring_number,530,530,
afring_number,531,531,
afring_number,532,532,
afring_number,533,533,
afring_number,534,534,
afring_number,535,535,
afring_number,536,536,
afring_number,537,537,
afring_number,538,538,
afring_number,539,539,
afring_number,54,54,
afring_number,540,540,
afring_number,541,541,
afring_number,542,542,
afring_number,543,543,
afring_number,544,544,
afring_number,545,545,
afring_number,546,546,
afring_number,547,547,
afring_number,548,548,
afring_number,549,549,
afring_number,55,55,
afring_number,550,550,
afring_number,551,551,
afring_number,552,552,
afring_number,554,554,
afring_number,555,555,
afring_number,556,556,
afring_number,557,557,
afring_number,558,558,
afring_number,559,559,
afring_number,56,56,
afring_number,560,560,
afring_number,561,561,
afring_number,562,562,
afring_number,563,563,
afring_number,564,564,
afring_number,565,565,
afring_number,566,566,
afring_number,567,567,
afring_number,568,568,
afring_number,569,569,
afring_number,57,57,
afring_number,570,570,
afring_number,571,571,
afring_number,572,572,
afring_number,573,573,
afring_number,574,574,
afring_number,575,575,
afring_number,576,576,
afring_number,577,577,
afring_number,578,578,
afring_number,579,579,
afring_number,58,58,
afring_number,580,580,
afring_number,581,581,
afring_number,582,582,
afring_number,583,583,
afring_number,584,584,
afring_number,585,585,
afring_number,586,586,
afring_number,587,587,
afring_number,588,588,
afring_number,589,589,
afring_number,59,59,
afring_number,590,590,
afring_number,591,591,
afring_number,592,592,
afring_number,59252,592,Guessed numeric corruption mapped to 592
afring_number,592592,592,Guessed numeric corruption mapped to 592
afring_number,593,593,
afring_number,594,594,
afring_number,595,595,
afring_number,5952,592,Weak guess numeric corruption mapped to 592
afring_number,596,596,
afring_number,597,597,
afring_number,598,598,
afring_number,599,599,
afring_number,6,6,
afring_number,60,60,
afring_number,600,600,
afring_number,601,601,
afring_number,602,602,
afring_number,603,603,
afring_number,604,604,
afring_number,605,605,
afring_number,606,606,
afring_number,607,607,
afring_number,608,608,
afring_number,609,609,
afring_number,61,61,
afring_number,610,610,
afring_number,611,611,
afring_number,612,612,
afring_number,613,613,
afring_number,614,614,
afring_number,615,615,
afring_number,616,616,
afring_number,617,617,
afring_number,618,618,
afring_number,619,619,
afring_number,62,62,
afring_number,620,620,
afring_number,621,621,
afring_number,622,622,
afring_number,623,623,
afring_number,624,624,
afring_number,625,625,
afring_number,626,626,
afring_number,627,627,
afring_number,628,628,
afring_number,629,629,
afring_number,63,63,
afring_number,630,630,
afring_number,631,631,
afring_number,632,632,
afring_number,634,634,
afring_number,635,635,
afring_number,636,636,
afring_number,637,637,
afring_number,638,638,
afring_number,639,639,
afring_number,64,64,
afring_number,640,640,
afring_number,641,641,
afring_number,642,642,
afring_number,643,643,
afring_number,644,644,
afring_number,646,646,
afring_number,647,647,
afring_number,648,648,
afring_number,649,649,
afring_number,65,65,
afring_number,650,650,
afring_number,652,652,
afring_number,653,653,
afring_number,654,654,
afring_number,655,655,
afring_number,656,656,
afring_number,657,657,
afring_number,658,658,
afring_number,659,659,
afring_number,66,66,
afring_number,660,660,
afring_number,661,661,
afring_number,662,662,
afring_number,663,663,
afring_number,664,664,
afring_number,665,665,
afring_number,666,666,
afring_number,667,667,
afring_number,668,668,
afring_number,669,669,
afring_number,67,67,
afring_number,670,670,
afring_number,671,671,
afring_number,672,672,
afring_number,673,673,
afring_number,674,674,
afring_number,675,675,
afring_number,676,676,
afring_number,677,677,
afring_number,678,678,
afring_number,679,679,
afring_number,68,68,
afring_number,680,680,
afring_number,681,681,
afring_number,682,682,
afring_number,683,683,
afring_number,685,685,
afring_number,686,686,
afring_number,688,688,
afring_number,689,689,
afring_number,69,69,
afring_number,690,690,
afring_number,691,691,
afring_number,692,692,
afring_number,693,693,
afring_number,694,694,
afring_number,695,695,
afring_number,696,696,
afring_number,697,697,
afring_number,698,698,
afring_number,699,699,
afring_number,7,7,
afring_number,70,70,
afring_number,700,700,
afring_number,701,701,
afring_number,702,702,
afring_number,703,703,
afring_number,704,704,
afring_number,705,705,
afring_number,706,706,
afring_number,708,708,
afring_number,709,709,
afring_number,71,71,
afring_number,710,710,
afring_number,711,711,
afring_number,712,712,
afring_number,713,713,
afring_number,714,714,
afring_number,715,715,
afring_number,716,716,
afring_number,717,717,
afring_number,719,719,
afring_number,72,72,
afring_number,720,720,
afring_number,721,721,
afring_number,722,722,
afring_number,723,723,
afring_number,724,724,
afring_number,725,725,
afring_number,726,726,
afring_number,727,727,
afring_number,728,728,
afring_number,729,729,
afring_number,73,73,
afring_number,730,730,
afring_number,731,731,
afring_number,732,732,
afring_number,733,733,
afring_number,734,734,
afring_number,735,735,
afring_number,736,736,
afring_number,737,737,
afring_number,738,738,
afring_number,739,739,
afring_number,74,74,
afring_number,740,740,
afring_number,741,741,
afring_number,742,742,
afring_number,743,743,
afring_number,744,744,
afring_number,745,745,
afring_number,746,746,
afring_number,747,747,
afring_number,748,748,
afring_number,749,749,
afring_number,75,75,
afring_number,750,750,
afring_number,751,751,
afring_number,752,752,
afring_number,753,753,
afring_number,754,754,
afring_number,755,755,
afring_number,756,756,
afring_number,757,757,
afring_number,758,758,
afring_number,759,759,
afring_number,76,76,
afring_number,760,760,
afring_number,761,761,
afring_number,762,762,
afring_number,763,763,
afring_number,764,764,
afring_number,765,765,
afring_number,766,766,
afring_number,767,767,
afring_number,769,769,
afring_number,77,77,
afring_number,770,770,
afring_number,771,771,
afring_number,772,772,
afring_number,774,774,
afring_number,777,777,
afring_number,778,778,
afring_number,779,779,
afring_number,78,78,
afring_number,780,780,
afring_number,781,781,
afring_number,782,782,
afring_number,783,783,
afring_number,784,784,
afring_number,785,785,
afring_number,786,786,
afring_number,788,788,
afring_number,789,789,
afring_number,79,79,
afring_number,790,790,
afring_number,791,791,
afring_number,792,792,
afring_number,793,793,
afring_number,794,794,
afring_number,795,795,
afring_number,796,796,
afring_number,797,797,
afring_number,798,798,
afring_number,799,799,
afring_number,8,8,
afring_number,80,80,
afring_number,800,800,
afring_number,801,801,
afring_number,802,802,
afring_number,803,803,
afring_number,804,804,
afring_number,805,805,
afring_number,806,806,
afring_number,807,807,
afring_number,808,808,
afring_number,809,809,
afring_number,81,81,
afring_number,810,810,
afring_number,811,811,
afring_number,812,812,
afring_number,813,813,
afring_number,814,814,
afring_number,815,815,
afring_number,816,816,
afring_number,817,817,
afring_number,818,818,
afring_number,819,819,
afring_number,82,82,
afring_number,820,820,
afring_number,821,821,
afring_number,822,822,
afring_number,823,823,
afring_number,824,824,
afring_number,825,825,
afring_number,826,826,
afring_number,827,827,
afring_number,828,828,
afring_number,829,829,
afring_number,83,83,
afring_number,830,830,
afring_number,831,831,
afring_number,832,832,
afring_number,833,833,
afring_number,834,834,
afring_number,835,835,
afring_number,836,836,
afring_number,837,837,
afring_number,838,838,
afring_number,839,839,
afring_number,84,84,
afring_number,840,840,
afring_number,841,841,
afring_number,842,842,
afring_number,843,843,
afring_number,844,844,
afring_number,845,845,
afring_number,846,846,
afring_number,847,847,
afring_number,848,848,
afring_number,849,849,
afring_number,85,85,
afring_number,850,850,
afring_number,851,851,
afring_number,852,852,
afring_number,853,853,
afring_number,854,854,
afring_number,855,855,
afring_number,856,856,
afring_number,857,857,
afring_number,858,858,
afring_number,859,859,
afring_number,86,86,
afring_number,860,860,
afring_number,861,861,
afring_number,862,862,
afring_number,863,863,
afring_number,864,864,
afring_number,865,865,
afring_number,866,866,
afring_number,867,867,
afring_number,868,868,
afring_number,869,869,
afring_number,87,87,
afring_number,870,870,
afring_number,871,871,
afring_number,872,872,
afring_number,873,873,
afring_number,874,874,
afring_number,875,875,
afring_number,876,876,
afring_number,877,877,
afring_number,878,878,
afring_number,879,879,
afring_number,88,88,
afring_number,880,880,
afring_number,881,881,
afring_number,882,882,
afring_number,883,883,
afring_number,884,884,
afring_number,885,885,
afring_number,886,886,
afring_number,887,887,
afring_number,888,888,
afring_number,889,889,
afring_number,89,89,
afring_number,890,890,
afring_number,891,891,
afring_number,892,892,
afring_number,893,893,
afring_number,894,894,
afring_number,895,895,
afring_number,896,896,
afring_number,897,897,
afring_number,898,898,
afring_number,9,9,
afring_number,90,90,
afring_number,900,900,
afring_number,901,901,
afring_number,902,902,
afring_number,903,903,
afring_number,904,904,
afring_number,905,905,
afring_number,906,906,
afring_number,907,907,
afring_number,908,908,
afring_number,909,909,
afring_number,91,91,
afring_number,910,910,
afring_number,911,911,
afring_number,912,912,
afring_number,913,913,
afring_number,914,914,
afring_number,915,915,
afring_number,916,916,
afring_number,917,917,
afring_number,918,918,
afring_number,919,919,
afring_number,92,92,
afring_number,920,920,
afring_number,921,921,
afring_number,922,922,
afring_number,923,923,
afring_number,924,924,
afring_number,925,925,
afring_number,926,926,
afring_number,927,927,
afring_number,928,928,
afring_number,929,929,
afring_number,93,93,
afring_number,930,930,
afring_number,931,931,
afring_number,932,932,
afring_number,933,933,
afring_number,934,934,
afring_number,935,935,
afring_number,936,936,
afring_number,937,937,
afring_number,938,938,
afring_number,939,939,
afring_number,94,94,
afring_number,940,940,
afring_number,941,941,
afring_number,942,942,
afring_number,943,943,
afring_number,944,944,
afring_number,945,945,
afring_number,946,946,
afring_number,947,947,
afring_number,949,949,
afring_number,95,95,
afring_number,950,950,
afring_number,951,951,
afring_number,953,953,
afring_number,954,954,
afring_number,955,955,
afring_number,956,956,
afring_number,957,957,
afring_number,958,958,
afring_number,959,959,
afring_number,96,96,
afring_number,960,960,
afring_number,961,961,
afring_number,962,962,
afring_number,963,963,
afring_number,964,964,
afring_number,965,965,
afring_number,966,966,
afring_number,967,967,
afring_number,968,968,
afring_number,969,969,
afring_number,97,97,
afring_number,970,970,
afring_number,971,971,
afring_number,972,972,
afring_number,973,973,
afring_number,974,974,
afring_number,975,975,
afring_number,976,976,
afring_number,977,977,
afring_number,978,978,
afring_number,979,979,
afring_number,98,98,
afring_number,980,980,
afring_number,981,981,
afring_number,982,982,
afring_number,983,983,
afring_number,984,984,
afring_number,985,985,
afring_number,986,986,
afring_number,987,987,
afring_number,988,988,
afring_number,989,989,
afring_number,99,99,
afring_number,990,990,
afring_number,991,991,
afring_number,992,992,
afring_number,993,993,
afring_number,994,994,
afring_number,995,995,
afring_number,996,996,
afring_number,997,997,
afring_number,998,998,
afring_number,999,999,
afring_number,9999,9999,
english,(Angola) White-headed Robin-Chat,2572,
english,(Cameroon) Mountain Sawwing,2924,
english,(Common) Goldeneye,1312,
english,(Greater) Hoopoe-Lark,3466,
english,(Greater) White-fronted Goose,1284,
english,(Mount) Cameroon Francolin,1220,
english,(Northern) Long-tailed Glossy-Starling,2784,
english,(Prince) Ruspoli's Turaco,,
english,(Ruwenzori ~) Blue-headed Sunbird,,
english,(Southern) Red-billed Hornbill,1508,
english,(Spotted) Thrush Babbler,3386,
english,(Western) Bearded Bulbul (Greenbul),2978,
english,(White-winged) Babbling Starling,2802,
english,Abbott's Starling,2820,
english,Abdim's Stork,78,
english,Aberdare Cisticola,3108,
english,Abyssinian (Black-headed) Siskin,4108,
english,Abyssinian (Dark-headed) Oriole,2462,
english,Abyssinian Catbird,3362,
english,Abyssinian Crimsonwing,3726,
english,Abyssinian Ground Hornbill,1510,
english,Abyssinian Ground Thrush,2768,
english,Abyssinian Lark,,
english,Abyssinian Longclaw,3788,
english,Abyssinian Owl,1738,
english,Abyssinian Roller,1530,
english,Abyssinian Scimitarbill,1526,
english,Abyssinian Slaty-Flycatcher,669,
english,Abyssinian Waxbill,3736,
english,Abyssinian Wheatear,2682,
english,Abyssinian White-eye,3198,
english,Abyssinian Woodpecker,1386,
english,Abyssinian Yellow-rumped Seedeater,,
english,Acacia Pied (Pied) Barbet,432,
english,Adalbert's Eagle,2092,
english,Adamawa Turtle-Dove,1872,
english,Adelie Penguin,934,
english,Afep Pigeon,1868,
english,African (Jackass) Penguin,2,
english,African Bare-eyed Thrush,2750,
english,African Barred Owlet,366,
english,African Black Duck,95,
english,African Black Oystercatcher,231,
english,African Black Swift,380,
english,African Black-shouldered Kite,130,
english,African Blue Flycatcher,1127,
english,African Broadbill,454,
english,African Citril,973,
english,African Collared-Dove (Rose-grey Dove),1878,
english,African Crake,199,
english,African Cuckoo,341,
english,African Cuckoo Hawk,127,
english,African Darter,52,
english,African Desert Warbler,3402,
english,African Dusky Flycatcher,655,
english,African Emerald Cuckoo,350,
english,African Finfoot,213,
english,African Firefinch,833,
english,African Fish Eagle,149,
english,African Golden Oriole,520,
english,African Goshawk,160,
english,African Green (Grauer's) Broadbill,2260,
english,African Green Pigeon,323,
english,African Grey Flycatcher,2544,
english,African Grey Hornbill,424,
english,African Grey Woodpecker,1392,
english,African Grey Woodpecker (ssp rhodeogaster),,
english,African Harrier Hawk (Gymnogene),171,
english,African Hawk Eagle,141,
english,African Hill Babbler,467,
english,African Hobby,116,
english,African Hoopoe,,
english,African Jacana,228,
english,African Marsh Harrier,167,
english,African Mourning Dove,315,
english,African Olive Pigeon,312,
english,African Open-billed Stork,74,
english,African Orange-bellied Parrot,1658,
english,African Palm Swift,387,
english,African Paradise Flycatcher,682,
english,African Piculet,1158,
english,African Pied Hornbill,,
english,African Pied Wagtail,685,
english,African Pitta,455,
english,African Pygmy Goose,92,
english,African Pygmy Kingfisher,398,
english,African Quailfinch,,
english,African Red-eyed Bulbul,544,
english,African Reed Warbler,,
english,African River-Martin,2930,
english,African Rock Pipit,697,
english,African Scops Owl,363,
english,African Silverbill,3784,
english,African Skimmer,306,
english,African Snipe,250,
english,African Spoonbill,85,
english,African Swallow-tailed Kite,2114,
english,African Tailorbird (Red-capped Forest Warbler),,
english,African Thrush,1168,
english,African Water Rail,197,
english,African Wattled Plover,247,
english,African White-winged Dove,1876,
english,African Wood Owl,362,
english,African Yellow White-eye,777,
english,Agulhas Clapper Lark (split),,
english,Agulhas Long-billed Lark (split),4123,
english,Ahanta Francolin,1216,
english,Akun Eagle-Owl,1756,
english,Alaotra Grebe,2172,
english,Albertine Owlet,1802,
english,Aldabra Brush-Warbler,3330,
english,Aldabra Drongo,1071,
english,Alexander's (Cape Verde) Swift,1668,
english,Alexander's Akalat,,
english,Alexander's Kestrel,,
english,Allen's Gallinule,209,
english,Alpine Accentor,3948,
english,Alpine Swift,386,
english,Amani Sunbird,3574,
english,American Golden-Plover,922,
english,American Pipit,3710,
english,American Purple Gallinule,,
english,American Wigeon,1270,
english,Amethyst Sunbird,772,
english,Amsterdam Albatross,848,
english,Amur Falcon,119,
english,Anambra Waxbill,3738,
english,Anchieta's (Red & Blue) Sunbird,3578,
english,Anchieta's Barbet,1450,
english,Anchieta's Tchagra,,
english,Angola (Gabela) Helmetshrike,2476,
english,Angola Batis,2322,
english,Angola Cave-Chat,2758,
english,Angola Cisticola,3106,
english,Angola Lark,3530,
english,Angola Slaty-Flycatcher,2602,
english,Angola Swallow,494,
english,Anjouan Brush-Warbler,,
english,Anjouan Sunbird,3632,
english,Anjuan Scops-Owl,1772,
english,Ankober Serin,4090,
english,Annobon Paradise-Flycatcher,2532,
english,Annobon White-eye,3202,
english,Ansorge's Greenbul,2944,
english,Antarctic (Southern) Fulmar,15,
english,Antarctic Petrel,877,
english,Antarctic Prion,22,
english,Antarctic Tern,292,
english,Anteating (Southern Anteating) Chat,575,
english,Appert's Greenbul,,
english,Arabian Babbler,3460,
english,Arabian Bustard,1894,
english,Arabian Golden-Sparrow,3848,
english,Archbold's Newtonia,3344,
english,Archer's Buzzard,2102,
english,Archer's Francolin,,
english,Archer's Lark,3512,
english,Archer's Robin-Chat (~ Ground-Robin),,
english,Arctic Loon,2222,
english,Arctic Skua,284,
english,Arctic Tern,294,
english,Armenian Gull,2044,
english,Arnot's Chat,574,
english,Arrow-marked Babbler,533,
english,Ascension (Island) Frigatebird,2216,
english,Ash's Lark,,
english,Ashy Cisticola,3124,
english,Ashy Cuckoo-shrike,,
english,Ashy Flycatcher,656,
english,Ashy Starling,2780,
english,Ashy Tit,514,
english,Athi Short-toed Lark,,
english,Atlantic Petrel,18,
english,Atlantic Puffin,2040,
english,Audouin's Gull,2048,
english,Audubon's Shearwater,28,
english,Augur Buzzard,153,
english,Australian Budgy,1102,
english,Australian Gannet,43,
english,Ayres's Hawk Eagle,140,
english,Baglafecht Weaver,476,
english,Baillon's Crake,202,
english,Baird's Sandpiper,252,
english,Bale Parisoma,,
english,Balearic Shearwater,,
english,Bamboo (Scrub-) Warbler,,
english,Bamenda Apalis,3062,
english,Banded (~ Green) Sunbird,3594,
english,Banded Barbet,1434,
english,Banded Kestrel,2164,
english,Banded Martin,510,
english,Banded Parisoma,3356,
english,Banded Prinia,1155,
english,Banded Wattle-eye,2470,
english,Bangwa Forest-Warbler,1115,
english,Bank Cormorant,49,
english,Bannerman's Pipit,3694,
english,Bannerman's Sunbird,1088,
english,Bannerman's Turaco,1712,
english,Bannerman's Weaver,3894,
english,Bar-breasted Firefinch,3768,
english,Bar-breasted Firefinch (Pale-winged) Indigobird,988,
english,Bar-tailed Godwit,266,
english,Bar-tailed Lark,3474,
english,Bar-tailed Trogon,944,
english,Bar-throated Apalis,622,
english,Bar-winged Weaver,795,
english,Barau's Petrel,2244,
english,Barbary Falcon,2148,
english,Barbary Partridge,1204,
english,Bare-cheeked Babbler,537,
english,Bare-cheeked Trogon,1528,
english,Bare-faced Go-away-bird,1700,
english,Barlow's Lark,,
english,Barn Owl,359,
english,Barn Swallow,493,
english,Barnacle Goose,1308,
english,Barratt's Warbler,610,
english,Barred Long-tailed Cuckoo,923,
english,Barred Warbler,605,
english,Barred Wren-Warbler,614,
english,Barrow's (Southern White-bellied) Bustard,,
english,Basra Reed Warbler,949,
english,Bat Hawk,131,
english,Bate's Paradise-Flycatcher,,
english,Bateleur,151,
english,Bates's Nightjar,1810,
english,Bates's Sunbird,3622,
english,Bates's Swift,1672,
english,Bates's Weaver,3896,
english,Baumann's (Olive-) Greenbul,3006,
english,Bean Goose,1290,
english,Bearded Barbet,1426,
english,Bearded Scrub Robin,585,
english,Bearded Woodpecker,451,
english,Beaudouin's Snake Eagle,2116,
english,Beautiful Sunbird,3686,
english,Bedford's Paradise-Flycatcher,2508,
english,Beesley's Lark,3490,
english,Benguela Long-billed Lark (split),,
english,Bennett's Woodpecker,446,
english,Benson's Rock-Thrush,,
english,Bernier's Teal,1272,
english,Bernier's Vanga,2458,
english,Bertrand's Weaver,798,
english,Bewick's (Tundra) Swan,1316,
english,Bimaculated Lark,487,
english,Bioko (Fernando Po/Lawson's) Batis,2328,
english,Black (Chapin's) Spinetail,1690,
english,Black (Common) Scoter,1324,
english,Black Bee-eater,1570,
english,Black Bishop,3750,
english,Black Coucal,353,
english,Black Crake,203,
english,Black Crowned Crane,1918,
english,Black Cuckoo,344,
english,Black Cuckooshrike,513,
english,Black Dwarf Hornbill,,
english,Black Guineafowl,1264,
english,Black Harrier,169,
english,Black Heron,64,
english,Black Kite (Palearctic migrant race),14189,
english,Black Kite (includes both resident & migrant races),128,
english,Black Kite (resident Yellow-billed race),129,
english,Black Noddy,301,
english,Black Parrot,1646,
english,Black Redstart,2696,
english,Black Saw-wing,511,
english,Black Saw-wing (ssp holomelas),2914,
english,Black Scimitarbill (~ Woodhoopoe),1524,
english,Black Scrub-Robin,2558,
english,Black Stork,79,
english,Black Tern,903,
english,Black Wheatear,2678,
english,Black-and-rufous Swallow,2898,
english,Black-and-white Casqued Hornbill,1484,
english,Black-and-white Flycatcher,667,
english,Black-and-white Mannikin,824,
english,Black-backed Barbet,462,
english,Black-backed Cisticola,3130,
english,Black-backed Puffback,712,
english,Black-banded Plover,,
english,Black-bellied Bustard,227,
english,Black-bellied Firefinch,3778,
english,Black-bellied Sandgrouse,1964,
english,Black-bellied Seed-cracker,3958,
english,Black-bellied Starling,740,
english,Black-bellied Storm-Petrel,36,
english,Black-bellied Sunbird,3684,
english,Black-billed Barbet,1428,
english,Black-billed Magpie,2468,
english,Black-billed Turaco,1730,
english,Black-billed Weaver,1151,
english,Black-billed Wood-Dove,1890,
english,Black-billed Wood-hoopoe,1522,
english,Black-breasted Barbet,1430,
english,Black-browed Albatross,8,
english,Black-capped Apalis,3078,
english,Black-capped Social Weaver,3954,
english,Black-capped Speirops,1097,
english,Black-capped Woodland-Warbler,3374,
english,Black-casqued (Black-wattled) Hornbill,,
english,Black-cheeked Lovebird,331,
english,Black-cheeked Waxbill,3734,
english,Black-chested Prinia,650,
english,Black-chested Snake Eagle,146,
english,Black-chinned Weaver,3928,
english,Black-collared Apalis,3084,
english,Black-collared Barbet,431,
english,Black-collared Bulbul (Greenbul),1100,
english,Black-collared Lovebird,1642,
english,Black-crowned Finch- (Sparrow-) Lark,3502,
english,Black-crowned Night Heron,69,
english,Black-crowned Tchagra,715,
english,Black-crowned Waxbill,1129,
english,Black-eared Ground-Thrush (incl. Kibale),,
english,Black-eared Seedeater (Canary),,
english,Black-eared Sparrowlark (Finchlark),486,
english,Black-eared Wheatear,2674,
english,Black-faced (-lored) Waxbill,,
english,Black-faced (Mountain Masked) Apalis,3080,
english,Black-faced Babbler,534,
english,Black-faced Canary,1066,
english,Black-faced Firefinch (Baka) Indigobird,3994,
english,Black-faced Prinia,3182,
english,Black-faced Rufous Warbler,1114,
english,Black-faced Sandgrouse,1958,
english,Black-faced Waxbill,841,
english,Black-fronted Bushshrike,720,
english,Black-headed (-capped) Rufous Warbler,3244,
english,Black-headed Apalis,623,
english,Black-headed Batis,2320,
english,Black-headed Bee-eater,1566,
english,Black-headed Bunting,4036,
english,Black-headed Canary,861,
english,Black-headed Gonolek,2428,
english,Black-headed Gull,933,
english,Black-headed Heron,55,
english,Black-headed Oriole,521,
english,Black-headed Plover,2020,
english,Black-legged Kittiwake,925,
english,Black-lored Babbler,3458,
english,Black-lored Cisticola,3148,
english,Black-naped Tern,937,
english,Black-necked Eremomela,3264,
english,Black-necked Grebe,5,
english,Black-necked Wattle-eye,2402,
english,Black-necked Weaver,1187,
english,Black-rumped Buttonquail,4128,
english,Black-rumped Waxbill,3744,
english,Black-shouldered Nightjar,1806,
english,Black-tailed (Slender-tailed) Cisticola,3144,
english,Black-tailed Godwit,265,
english,Black-throated (Cassin's) Malimbe,3796,
english,Black-throated Apalis,3074,
english,Black-throated Barbet,1472,
english,Black-throated Coucal,1626,
english,Black-throated Firefinch (incl Black-faced),3776,
english,Black-throated Seedeater,860,
english,Black-throated Wattle-eye,677,
english,Black-winged Lovebird,1644,
english,Black-winged Oriole,2464,
english,Black-winged Petrel,1041,
english,Black-winged Plover,243,
english,Black-winged Pratincole,282,
english,Black-winged Red Bishop,809,
english,Black-winged Stilt,270,
english,Blackcap,969,
english,Blackcap Babbler,3454,
english,Blackcap Illadopsis,3288,
english,Blacksmith Plover,245,
english,Blackstart,2548,
english,Blanford's Lark,3478,
english,Blue Coua,1600,
english,Blue Crane,216,
english,Blue Cuckoo-shrike,,
english,Blue Korhaan,223,
english,Blue Petrel,20,
english,Blue Quail,191,
english,Blue Rock-Thrush,2622,
english,Blue Sawwing,2922,
english,Blue Swallow,497,
english,Blue Tit,,
english,Blue Vanga,2372,
english,Blue Waxbill,839,
english,Blue-bellied Roller,1532,
english,Blue-billed (Gray's) Malimbe,3806,
english,Blue-breasted Bee-eater,1584,
english,Blue-breasted Kingfisher,1131,
english,Blue-capped Cordon-bleu,3976,
english,Blue-cheeked Bee-eater,405,
english,Blue-headed Bee-eater,1574,
english,Blue-headed Coucal,1628,
english,Blue-headed Crested-Flycatcher,2518,
english,Blue-headed Wood-Dove,1892,
english,Blue-mantled Crested Flycatcher,680,
english,Blue-naped Mousebird,1590,
english,Blue-shouldered Robin Chat,2570,
english,Blue-spotted Wood-Dove,320,
english,Blue-throated Brown Sunbird,3682,
english,Blue-throated Roller,1534,
english,Blue-winged Goose,1314,
english,Blue-winged Teal,1276,
english,Bluethroat,2598,
english,Bob-tailed Weaver,3716,
english,Bocage's Akalat (Robin),1084,
english,Bocage's Bushshrike,2498,
english,Bocage's Sunbird,3624,
english,Bocage's Weaver,3942,
english,Boehm's Flycatcher,,
english,Bokmakierie,722,
english,Bonelli's Eagle,2134,
english,Booted Eagle,139,
english,Boran Cisticola,3112,
english,Botha's Lark,472,
english,Botta's Wheatear,2666,
english,Boulder Chat,538,
english,Bradfield's Hornbill,428,
english,Bradfield's Lark,,
english,Bradfield's Swift,381,
english,Brambling,4050,
english,Braun's Bush-shrike,2426,
english,Brazza's (Congo) Martin,,
english,Brent Goose,1306,
english,Bridled Tern,936,
english,Brimstone Canary,863,
english,Bristle-crowned Starling,2814,
english,Bristle-nosed Barbet,1418,
english,Broad-billed Prion,21,
english,Broad-billed Roller,416,
english,Broad-billed Sandpiper,981,
english,Broad-tailed Paradise Whydah,853,
english,Bronze Mannikin,823,
english,Bronze Sunbird,752,
english,Bronze-tailed Starling,2786,
english,Bronze-winged Courser,280,
english,Brown (Redtailed) Shrike,1083,
english,Brown Babbler,3452,
english,Brown Booby,46,
english,Brown Emu-tail,,
english,Brown Firefinch,836,
english,Brown Illadopsis,1181,
english,Brown Mesite,1948,
english,Brown Nightjar,1812,
english,Brown Noddy,303,
english,Brown Parisoma,3358,
english,Brown Sawwing,2910,
english,Brown Scrub-Robin,584,
english,Brown Snake Eagle,145,
english,Brown Twinspot,3722,
english,Brown Woodland Warbler,3382,
english,Brown-backed Cisticola,1119,
english,Brown-backed Scrub Robin,2556,
english,Brown-backed Woodpecker,1410,
english,Brown-breasted Barbet,1050,
english,Brown-capped Weaver,1150,
english,Brown-cheeked Hornbill,1478,
english,Brown-chested Alethe,1109,
english,Brown-chested Plover,2018,
english,Brown-crowned Tchagra,714,
english,Brown-eared Woodpecker,1368,
english,Brown-headed Apalis,3060,
english,Brown-headed Parrot,328,
english,Brown-hooded Kingfisher,402,
english,Brown-necked Raven,2370,
english,Brown-rumped Bunting,4020,
english,Brown-rumped Seedeater,4116,
english,Brown-tailed Apalis,3050,
english,Brown-tailed Rock Chat,2550,
english,Brown-throated Wattle-eye,1148,
english,Brubru,731,
english,Bruce's (Striated/Pallid) Scops-Owl,1770,
english,Bruce's Green Pigeon,1888,
english,Bubbling Cisticola,3116,
english,Buff-bellied Warbler,3176,
english,Buff-breasted Sandpiper,926,
english,Buff-crested Bustard,1900,
english,Buff-spotted Flufftail,206,
english,Buff-spotted Woodpecker,1188,
english,Buff-streaked Chat (Wheatear),,
english,Buff-throated Apalis,1099,
english,Buff-throated Sunbird,3604,
english,Buffy Pipit,695,
english,Buller's Albatross (Mollymawk),1002,
english,Bulo Burti Boubou,,
english,Bulwer's Petrel,994,
english,Burchell's Coucal (split),,
english,Burchell's Courser,276,
english,Burchell's Sandgrouse,308,
english,Burchell's Starling,743,
english,Burnt-necked Eremomela,601,
english,Bush Blackcap,542,
english,Bush Petronia,,
english,Bush Pipit,699,
english,Böhm's Bee-eater,408,
english,Böhm's Spinetail,389,
english,CAMPBELL ISLAND SHAG,,
english,Cabanis's Bunting,875,
english,Cabanis's Greenbul,1086,
english,Calandra Lark,3518,
english,Cameroon (~ Blue-headed) Sunbird,,
english,Cameroon (~ Montane) Greenbul,,
english,Cameroon Indigobird,3988,
english,Cameroon Olive-Greenbul,1146,
english,Cameroon Olive-Pigeon,1864,
english,Cameroon Pipit,3690,
english,Canary Islands Oystercatcher,2008,
english,Cape (Orange-throated) Longclaw,703,
english,Cape (Rufous) Rock-jumper,540,
english,Cape (Southern) Penduline-Tit,531,
english,Cape (Yellow-crowned) Canary,857,
english,Cape Batis,672,
english,Cape Bulbul,543,
english,Cape Bunting,873,
english,Cape Clapper Lark (split),,
english,Cape Cormorant,48,
english,Cape Eagle-Owl,367,
english,Cape Gannet,44,
english,Cape Glossy (Glossy) Starling,737,
english,Cape Grassbird,618,
english,Cape Long-billed Lark (split),4125,
english,Cape Parrot (split),4132,
english,Cape Robin Chat,581,
english,Cape Rock-Thrush,559,
english,Cape Rook,523,
english,Cape Shoveler,94,
english,Cape Siskin,855,
english,Cape Sparrow,786,
english,Cape Spurfowl (Francolin),181,
english,Cape Sugarbird,749,
english,Cape Teal,98,
english,Cape Verde Barn Owl,,
english,Cape Verde Buzzard,,
english,Cape Verde Kite,,
english,Cape Verde Little Shearwater,2250,
english,Cape Verde Peregrine,,
english,Cape Verde Petrel,2246,
english,Cape Verde Purple Heron,,
english,Cape Verde Shearwater,2228,
english,Cape Verde Swamp (Cane)-Warbler,3226,
english,Cape Vulture (Griffon),106,
english,Cape Wagtail,686,
english,Cape Weaver,799,
english,Cape White-eye (split),,
english,Capped Wheatear,568,
english,Capuchin Babbler,3364,
english,Cardinal Quelea,807,
english,Cardinal Woodpecker,450,
english,Carmelite Sunbird,3608,
english,Carp's Tit,528,
english,Carrion Crow,2358,
english,Carruthers's Cisticola,3118,
english,Caspian Plover,240,
english,Caspian Tern,290,
english,Cassin's (Grey) Flycatcher (Alseonax),2628,
english,Cassin's Hawk Eagle,2144,
english,Cassin's Honeybird,1364,
english,Cassin's Spinetail,1684,
english,Cattle Egret,,
english,Cetti's Warbler,3252,
english,Chabert's Vanga,2444,
english,Chapin's (Chestnut-headed) Apalis,3066,
english,Chapin's Crombec,3424,
english,Chapin's Flycatcher,2638,
english,Chapin's Mountain-Babbler,,
english,Chaplin's Barbet,1424,
english,Chat Flycatcher,663,
english,Chatham Albatross,2256,
english,Chattering Cisticola,3110,
english,Chestnut Owlet,366,
english,Chestnut Sparrow,3846,
english,Chestnut Wattle-eye,2398,
english,Chestnut Weaver,796,
english,Chestnut-backed Sparrow Lark,484,
english,Chestnut-backed Sparrow-Weaver,782,
english,Chestnut-banded Plover,236,
english,Chestnut-bellied (Red-billed) Helmetshrike (incl. Gabon),2474,
english,Chestnut-bellied Sandgrouse,1960,
english,Chestnut-bellied Starling,2790,
english,Chestnut-breasted Negrofinch,1140,
english,Chestnut-capped Flycatcher,2410,
english,Chestnut-crowned Sparrow Weaver,3878,
english,Chestnut-flanked Sparrowhawk,2076,
english,Chestnut-fronted Helmetshrike,729,
english,Chestnut-headed (Long-toed) Flufftail,891,
english,Chestnut-headed Sparrow Lark,3504,
english,Chestnut-naped Francolin,,
english,Chestnut-sided White-eye,3206,
english,Chestnut-throated Apalis,3082,
english,Chestnut-vented Tit-Babbler,,
english,Chestnut-winged Starling,2804,
english,Chin-spot Batis,673,
english,Chinstrap Penguin,943,
english,Chirinda Apalis,927,
english,Chirping Cisticola,915,
english,Chocolate-backed Kingfisher,1560,
english,Cholo Alethe,,
english,Chorister Robin-Chat,578,
english,Christmas Island Frigatebird,2214,
english,Chubb's Cisticola,3122,
english,Chukar Partridge,980,
english,Churring Cisticola,640,
english,Cinderella Waxbill,920,
english,Cinereous (Black) Vulture,2090,
english,Cinereous Bunting,4026,
english,Cinnamon (African) Reed Warbler,,
english,Cinnamon Bracken Warbler,1107,
english,Cinnamon Weaver,3892,
english,Cinnamon-breasted (Kopje) Warbler,613,
english,Cinnamon-breasted Bunting,872,
english,Cinnamon-breasted Tit,,
english,Cinnamon-chested Bee-eater,1578,
english,Cirl Bunting,4028,
english,Citril Finch,4092,
english,Citrine Wagtail,1053,
english,Clamorous Reed-Warbler,3236,
english,Clapperton's Francolin,1224,
english,Clarke's Weaver,3912,
english,Cloud (Tink-tink) Cisticola,631,
english,Coal Tit,2862,
english,Coastal Cisticola,3132,
english,Collared Flycatcher,917,
english,Collared Kingfisher,1564,
english,Collared Lark,3536,
english,Collared Nightjar,1820,
english,Collared Palm Thrush,593,
english,Collared Pratincole,281,
english,Collared Sunbird,771,
english,Common (Chaffinch) Chaffinch,870,
english,Common (European) Starling,733,
english,Common (Yellowcrowned) Gonolek,2424,
english,Common Bulbul,3036,
english,Common Buttonquail,196,
english,Common Chiffchaff,1054,
english,Common Crane,1922,
english,Common Cuckoo,340,
english,Common Diving-Petrel,38,
english,Common Drongo,517,
english,Common Grasshopper Warbler,3306,
english,Common Greenshank,263,
english,Common Gull,2052,
english,Common House Martin,507,
english,Common Jery,3326,
english,Common Kestrel,2162,
english,Common Kingfisher,1552,
english,Common Loon,2224,
english,Common Merganser (Goosander),1328,
english,Common Moorhen,210,
english,Common Murre,2072,
english,Common Myna,734,
english,Common Newtonia,3346,
english,Common Nightingale,2596,
english,Common Ostrich,1,
english,Common Peacock(Peafowl),1021,
english,Common Pochard,1296,
english,Common Quail,189,
english,Common Raven,2354,
english,Common Redpoll,,
english,Common Redshank,261,
english,Common Redstart,1004,
english,Common Ringed Plover,233,
english,Common Rock Thrush,2618,
english,Common Rosefinch,4014,
english,Common Sandpiper,258,
english,Common Scimitarbill,421,
english,Common Shelduck,1342,
english,Common Snipe,957,
english,Common Stonechat,576,
english,Common Swift,378,
english,Common Tern,291,
english,Common Waxbill,843,
english,Common Whitethroat,594,
english,Common Wood-Pigeon,1858,
english,Comoro Blue-Pigeon,1844,
english,Comoro Bulbul,2992,
english,Comoro Drongo,2378,
english,Comoro Olive-Pigeon,1862,
english,Comoro Scops-Owl,1784,
english,Comoro Thrush,2738,
english,Comoro White-eye,3210,
english,Compact Weaver,3830,
english,Congo (Sand) Martin,2932,
english,Congo (~ Black-bellied) Sunbird,,
english,Congo Bay-Owl,,
english,Congo Moor-Chat,2656,
english,Congo Peafowl (Peacock),1202,
english,Congo Serpent Eagle,2124,
english,Copper Sunbird,754,
english,Copper-tailed Glossy-Starling,,
english,Coppery-tailed Coucal,354,
english,Coquerel's Coua,1602,
english,Coqui Francolin,173,
english,Corn Bunting,4054,
english,Corncrake,198,
english,Cory's Shearwater,26,
english,Crab-plover,273,
english,Cream-coloured Courser,2024,
english,Crested (Oriental) Honey-buzzard,2140,
english,Crested Barbet,439,
english,Crested Coua,1604,
english,Crested Drongo,2376,
english,Crested Francolin,174,
english,Crested Guineafowl,193,
english,Crested Lark,3506,
english,Crested Malimbe,3804,
english,Cretzschmar's Bunting,4022,
english,Crimson Seedcracker,3956,
english,Crimson-breasted Shrike,711,
english,Crimson-rumped Waxbill,817,
english,Crimson-winged Finch,4068,
english,Croaking Cisticola,647,
english,Crossley's Babbler,3320,
english,Crossley's Ground-Thrush,2764,
english,Crowned Cormorant,51,
english,Crowned Eagle,143,
english,Crowned Hornbill,427,
english,Crowned Plover,242,
english,Crowned Sandgrouse,1956,
english,Crozet Shag,,
english,Cryptic Warbler,3256,
english,Cuckoo Roller,1546,
english,Curlew Sandpiper,251,
english,Cut-throat Finch,821,
english,Cyprus Warbler,3412,
english,Cyprus Wheatear,2668,
english,D'Arnaud's Barbet,1452,
english,Dalmatian Pelican,2212,
english,Damara Canary,,
english,Damara Hornbill (split),1185,
english,Damara Tern,300,
english,Dambo (Cloud-scraping) Cisticola,3126,
english,Dapple-throat (Dappled Mountain Robin),,
english,Dark Chanting Goshawk,163,
english,Dark Newtonia,3342,
english,Dark-backed Weaver,790,
english,Dark-capped (Black-eyed) Bulbul,,
english,Dark-capped Yellow Warbler,,
english,Dartford Warbler,3422,
english,Dead Sea Sparrow,3862,
english,Degodi Lark,,
english,Demoiselle Crane,1920,
english,Denham's Bustard,219,
english,Desert Cisticola,630,
english,Desert Finch,4066,
english,Desert Lark,3476,
english,Desert Sparrow,3868,
english,Desert Warbler,,
english,Desert Wheatear,2670,
english,Dickinson's Kestrel,121,
english,Diederik Cuckoo,352,
english,Dimorphic Egret,,
english,Djibouti (Ochre-breasted) Francolin,1242,
english,Dodson's Bulbul,3032,
english,Doherty's Bushshrike,2500,
english,Dohrn's Thrush Babbler (~ Flycatcher),,
english,Donaldson Smith's Nightjar,1818,
english,Donaldson Smith's Sparrow Weaver,3876,
english,Dorst's Cisticola,3128,
english,Double-banded Courser,278,
english,Double-banded Sandgrouse,310,
english,Double-spurred Francolin,1218,
english,Double-toothed Barbet,1422,
english,Dovekie,2036,
english,Drakensberg (Orange-breasted) Rock-jumper,1038,
english,Drakensberg Prinia (split),,
english,Drakensberg Siskin,856,
english,Dune Lark,480,
english,Dunlin,896,
english,Dunn's Lark,3494,
english,Dupont's Lark,3492,
english,Dusky Babbler,3464,
english,Dusky Crested Flycatcher,1128,
english,Dusky Crimson-wing,3724,
english,Dusky Greenbul,,
english,Dusky Indigobird,849,
english,Dusky Lark,464,
english,Dusky Long-tailed Cuckoo,1592,
english,Dusky Nightjar,1824,
english,Dusky Sunbird,764,
english,Dusky Tit,2870,
english,Dusky Turtle Dove,1874,
english,Dusky Twinspot,3758,
english,Dusky Warbler,3372,
english,Dusky-blue Flycatcher,2630,
english,Dwarf Bittern,66,
english,Dwarf Honeyguide,1354,
english,Dwarf Kingfisher,,
english,Dwarf Olive Ibis,2198,
english,Dwarf Raven,2362,
english,Dybowski's Twinspot,3760,
english,EMPEROR PENGUIN,890,
english,East Coast Akalat,591,
english,Eastern Bronze-naped Pigeon,313,
english,Eastern Chanting Goshawk,2136,
english,Eastern Clapper Lark (split),,
english,Eastern Double-collared Sunbird,767,
english,Eastern Forest Robin,,
english,Eastern Forest Scrub Warbler,652,
english,Eastern Golden Weaver,800,
english,Eastern Grey Plantain-eater,1704,
english,Eastern Imperial Eagle,2096,
english,Eastern Long-billed Lark (split),,
english,Eastern Nicator,725,
english,Eastern Olivaceous Warbler,3278,
english,Eastern Orphean Warbler,3398,
english,Eastern Paradise Whydah,852,
english,Eastern Saw-wing,,
english,Eastern Saw-wing Swallow,512,
english,Eastern Violet-backed Sunbird,3588,
english,Eastern Yellow-billed Hornbill,1494,
english,Eaton's Pintail,1292,
english,Echo Parakeet,1042,
english,Egyptian Goose,89,
english,Egyptian Nightjar,1808,
english,Egyptian Plover,2032,
english,Egyptian Vulture,111,
english,Elegant Tern,4143,
english,Eleonora's Falcon,992,
english,Elliot's Woodpecker,1404,
english,Emerald-spotted Wood-Dove,321,
english,Emin's Shrike,2286,
english,Equatorial Akalat,2710,
english,Erckel's Francolin,1226,
english,Erlanger's Lark,,
english,Ethiopian Cisticola,3140,
english,Ethiopian Sawwing,2918,
english,Ethiopian Swallow,2886,
english,Eurasian (Common) Coot,1930,
english,Eurasian (Great) Bittern,71,
english,Eurasian Bee-eater,404,
english,Eurasian Blackbird,2742,
english,Eurasian Bullfinch,4062,
english,Eurasian Collared-Dove,1870,
english,Eurasian Crag-Martin,2904,
english,Eurasian Curlew,267,
english,Eurasian Dotterel,2006,
english,Eurasian Eagle-Owl,1752,
english,Eurasian Golden Oriole,519,
english,Eurasian Griffon (Vulture),2128,
english,Eurasian Hobby,115,
english,Eurasian Jackdaw,,
english,Eurasian Jay,2416,
english,Eurasian Linnet,,
english,Eurasian Nightjar,371,
english,Eurasian Oystercatcher,894,
english,Eurasian Penduline Tit,2880,
english,Eurasian Reed Warbler,911,
english,Eurasian Roller,412,
english,Eurasian Scops Owl,1790,
english,Eurasian Siskin,4012,
english,Eurasian Skylark,3470,
english,Eurasian Sparrowhawk,1006,
english,Eurasian Spoonbill,2210,
english,Eurasian Teal,1274,
english,Eurasian Tree Sparrow,3864,
english,Eurasian Wigeon,1280,
english,Eurasian Woodcock,1992,
english,Eurasian Wryneck,1402,
english,European (Greater) Golden-Plover,2010,
english,European Goldfinch,4004,
english,European Greenfinch,4006,
english,European Honey Buzzard,132,
english,European Robin,2580,
english,European Serin,4112,
english,European Shag,2176,
english,European Storm-Petrel,30,
english,European Turtle Dove,1005,
english,Evergreen Forest Warbler,1106,
english,Fairy Flycatcher (Warbler),678,
english,Fairy Prion,879,
english,Fairy Tern,302,
english,Familiar Chat,570,
english,Fan-tailed Grassbird,616,
english,Fan-tailed Raven,2368,
english,Fan-tailed Widowbird,816,
english,Fanti Sawwing,2928,
english,Fawn-breasted Waxbill,1090,
english,Fawn-coloured Lark,,
english,Feral Pigeon,940,
english,Fernando Po Oliveback,,
english,Fernando Po Speirops,3196,
english,Fernando Po Swift,1666,
english,Ferruginous Duck,1304,
english,Fieldfare,2746,
english,Fiery-breasted Bushshrike,2448,
english,Fiery-necked Nightjar,373,
english,Fine-banded Woodpecker,1376,
english,Fine-spotted Woodpecker,1374,
english,Finsch's Flycatcher-Thrush (Ant-Thrush),,
english,Finsch's Francolin,1252,
english,Finsch's Wheatear,2672,
english,Fire (Red)-fronted Serin,4110,
english,Fire-bellied Woodpecker,1396,
english,Fire-crested Alethe,2540,
english,Fire-crested Alethe (incl. White-tailed),,
english,Fire-fronted Bishop,3746,
english,Firecrest,,
english,Fiscal Flycatcher,665,
english,Fischer's Greenbul,2998,
english,Fischer's Lovebird,1636,
english,Fischer's Sparrow Lark,3500,
english,Fischer's Starling,2836,
english,Fischer's Turaco,1716,
english,Flappet Lark,468,
english,Flesh-footed Shearwater,881,
english,Forbes's Plover,956,
english,Forbes-Watson's Swift,1674,
english,Forest (Green) White-eye,3218,
english,Forest (Yellow-fronted) Penduline-Tit,2848,
english,Forest Batis,683,
english,Forest Buzzard,155,
english,Forest Canary,858,
english,Forest Double-collared Sunbird,3598,
english,Forest Fody,3764,
english,Forest Francolin,1212,
english,Forest Robin,2720,
english,Forest Rock-Thrush,2620,
english,Forest Scrub-Robin,1182,
english,Forest Swallow,2888,
english,Forest Wood-hoopoe,1518,
english,Four-banded Sandgrouse,1968,
english,Fox Kestrel,2152,
english,Fox's Weaver,3936,
english,Foxy Cisticola,3164,
english,Frances's Goshawk,,
english,Franklin's Gull,932,
english,Fraser's (African) Forest-Flycatcher,2588,
english,Fraser's Eagle-Owl,1758,
english,Freckled Nightjar,374,
english,Friedmann's Lark,3552,
english,Fuelleborn's (Black) Boubou,732,
english,Fuelleborn's Longclaw,,
english,Fulvous Chatterer (Babbler),,
english,Fulvous Whistling Duck,101,
english,Gabar Goshawk,162,
english,Gabela Akalat,1184,
english,Gabela Bush-shrike,2422,
english,Gabon Coucal,1624,
english,Gabon Forest Robin,,
english,Gabon Helmet-shrike,2480,
english,Gabon Nightjar,376,
english,Gabon Woodpecker,1390,
english,Gadwall,1282,
english,Gambaga Flycatcher,2634,
english,Garden Warbler,595,
english,Garganey,885,
english,Gentoo Penguin,958,
english,Ghana (Western Wattled) Cuckoo-shrike,,
english,Giant Coua,1610,
english,Giant Kingfisher,395,
english,Giant Weaver,1149,
english,Gillett's Lark,3542,
english,Glaucous Gull,2060,
english,Glaucous-winged Gull,2056,
english,Glossy Ibis,83,
english,Gola (Ballmann's) Malimbe,,
english,Gold-breast (Jambandu) Indigobird,3998,
english,Goldcrest,2936,
english,Golden Eagle,2094,
english,Golden Greenbul,2970,
english,Golden Nightjar,1822,
english,Golden Palm Weaver,3898,
english,Golden Pipit,702,
english,Golden-backed Bishop,1179,
english,Golden-backed Weaver,3916,
english,Golden-breasted Bunting,874,
english,Golden-breasted Starling,2778,
english,Golden-naped Weaver,3890,
english,Golden-tailed Woodpecker,447,
english,Golden-winged Grosbeak,4072,
english,Golden-winged Sunbird,1118,
english,Goliath Heron,56,
english,Gorgeous Bushshrike,721,
english,Gosling's Apalis,3072,
english,Gough Finch,794,
english,Graceful Prinia,3186,
english,Grand Comoro Brush-Warbler,3332,
english,Grand Comoro Sparrowhawk,,
english,Grant's Bluebill,3970,
english,Grant's Woodhoopoe,,
english,Grass Owl,360,
english,Grasshopper Buzzard,2100,
english,Grassland Pipit,692,
english,Grauer's Cuckoo-shrike,,
english,Grauer's Double-collared Sunbird,,
english,Grauer's Swamp- (Rush-/Scrub-) Warbler,3250,
english,Grauer's Warbler,3172,
english,Gray's Lark,483,
english,Great (Southern Rufous) Sparrow,785,
english,Great Black-backed Gull,2064,
english,Great Blue Turaco,1696,
english,Great Bustard,1914,
english,Great Cormorant,47,
english,Great Crested Grebe,4,
english,Great Frigatebird,53,
english,Great Grey (Northern) Shrike,2282,
english,Great Knot,1980,
english,Great Reed Warbler,603,
english,Great Shearwater,25,
english,Great Skua,2038,
english,Great Snipe,249,
english,Great Sparrowhawk,,
english,Great Spotted Cuckoo,346,
english,Great Spotted Woodpecker,1378,
english,Great Tit,1186,
english,Great White Egret,58,
english,Great White Pelican,42,
english,Great-winged Petrel,16,
english,Greater (Snowy) Sheathbill,,
english,Greater Blue-eared Starling,738,
english,Greater Double-collared Sunbird,758,
english,Greater Flamingo,86,
english,Greater Honeyguide,440,
english,Greater Kestrel,122,
english,Greater Painted-snipe,230,
english,Greater Sand Plover,239,
english,Greater Scaup,1302,
english,Greater Short-toed Lark,3486,
english,Greater Spotted Eagle,1098,
english,Greater Striped-Swallow,502,
english,Greater Swamp Warbler,912,
english,Greater Yellowlegs,1008,
english,Green Barbet,435,
english,Green Crombec,3436,
english,Green Hylia,3282,
english,Green Jery,3328,
english,Green Longtail,1169,
english,Green Malkoha (Coucal/Yellowbill),1596,
english,Green Sandpiper,259,
english,Green Tinkerbird,905,
english,Green Wood-hoopoe,419,
english,Green-backed (Eastern Bearded) Bulbul (Greenbul),1121,
english,Green-backed Camaroptera (split),627,
english,Green-backed Eremomela,3262,
english,Green-backed Honeybird,444,
english,Green-backed Twinspot,827,
english,Green-backed Woodpecker,449,
english,Green-breasted Bushshrike,2450,
english,Green-breasted Pitta,2258,
english,Green-capped Eremomela,602,
english,Green-headed Oriole,909,
english,Green-headed Sunbird,1068,
english,Green-tailed Bristlebill,2964,
english,Green-throated Sunbird,1116,
english,Green-winged Pytilia,830,
english,Grey (Black-tailed) Waxbill,,
english,Grey (Bourbon) White-eye,,
english,Grey (Southern Grey) Tit,,
english,Grey Apalis,3070,
english,Grey Crowned Crane,214,
english,Grey Cuckooshrike,516,
english,Grey Emu-tail,,
english,Grey Go-away-bird (Lourie),,
english,Grey Ground-Thrush,2770,
english,Grey Heron,54,
english,Grey Hypocolius,3046,
english,Grey Kestrel,889,
english,Grey Longbill,3308,
english,Grey Parrot,1664,
english,Grey Penduline Tit,530,
english,Grey Petrel,24,
english,Grey Phalarope,271,
english,Grey Plover,241,
english,Grey Pratincole,2028,
english,Grey Wagtail,690,
english,Grey Wren-Warbler,3090,
english,Grey-backed (Red-headed) Cisticola,,
english,Grey-backed Camaroptera,628,
english,Grey-backed Fiscal,2284,
english,Grey-backed Sparrowlark (Finchlark),485,
english,Grey-backed Storm-Petrel,35,
english,Grey-breasted Spurfowl,1244,
english,Grey-capped Warbler,3170,
english,Grey-chested Babbler,1133,
english,Grey-chinned Sunbird,3592,
english,Grey-crested Helmetshrike,2478,
english,Grey-crowned Greenbul,,
english,Grey-headed (Parrot-billed) Sparrow,,
english,Grey-headed (Swahili) Sparrow,,
english,Grey-headed (Swainson's) Sparrow,,
english,Grey-headed Batis,2324,
english,Grey-headed Bristlebill,2962,
english,Grey-headed Broadbill,2264,
english,Grey-headed Bush-Shrike,723,
english,Grey-headed Greenbul,3020,
english,Grey-headed Gull,288,
english,Grey-headed Kingfisher,401,
english,Grey-headed Lovebird,1634,
english,Grey-headed Mollymawk (Albatross),9,
english,Grey-headed Negrofinch,1141,
english,Grey-headed Olive Woodpecker,,
english,Grey-headed Oliveback,3822,
english,Grey-headed Silverbill,3966,
english,Grey-headed Social Weaver,3952,
english,Grey-headed Sparrow,3852,
english,Grey-headed Sunbird,3570,
english,Grey-headed Woodpecker,1384,
english,Grey-necked Parrot (split),,
english,Grey-necked Picathartes (Rockfowl),2536,
english,Grey-olive Greenbul,965,
english,Grey-rumped Swallow,499,
english,Grey-striped Francolin,1228,
english,Grey-throated Barbet,1416,
english,Grey-throated Rail,1928,
english,Grey-throated Tit-Flycatcher,2648,
english,Grey-winged Francolin,176,
english,Grey-winged Robin,1085,
english,Greyish Eagle Owl,1754,
english,Greylag Goose,1286,
english,Grimwood's Longclaw,3790,
english,Grosbeak Weaver,804,
english,Ground Woodpecker,445,
english,Groundscraper Thrush,557,
english,Guinea Turaco,1726,
english,Gulf-of-Guinea (Olivaceous) Thrush,1167,
english,Gull-billed Tern,902,
english,Gurney's Sugarbird,750,
english,Hadada Ibis,84,
english,Hairy-breasted Barbet,1468,
english,Hamerkop,72,
english,Handsome Francolin,1240,
english,Harlequin Quail,190,
english,Hartlaub's (Angola) Babbler,535,
english,Hartlaub's Bustard,1906,
english,Hartlaub's Duck,1338,
english,Hartlaub's Gull,289,
english,Hartlaub's Spurfowl (Francolin),184,
english,Hartlaub's Turaco,1718,
english,Harwood's Francolin,1230,
english,Hawfinch,4018,
english,Hedge Accentor,3950,
english,Helmet Vanga,2412,
english,Helmeted Guineafowl,192,
english,Hemprich's Hornbill,1498,
english,Henst's Goshawk,2084,
english,Herald Petrel,951,
english,Herero Chat,660,
english,Herring Gull,931,
english,Heuglin's Bustard,1910,
english,Heuglin's Courser,279,
english,Heuglin's Francolin,1232,
english,Heuglin's Gull (split),2042,
english,Heuglin's Masked Weaver,3914,
english,Heuglin's Wheatear,2664,
english,Hildebrandt's Francolin,,
english,Hildebrandt's Starling,2788,
english,Hinde's Babbler,3444,
english,Holub's Golden Weaver,801,
english,Honeyguide Greenbul,1113,
english,Hooded Crow,,
english,Hooded Vulture,110,
english,Hooded Wheatear,2686,
english,Hook-billed Vanga,2522,
english,Hoopoe,1512,
english,Horned (Shore) Lark,3496,
english,Horned (Slavonian) Grebe,2166,
english,Horned Lark,1051,
english,Horus Swift,384,
english,Hottentot Buttonquail (split),,
english,Hottentot Teal,,
english,Houbara Bustard,1898,
english,House Bunting,4048,
english,House Crow,989,
english,House Sparrow,784,
english,Hudsonian Godwit,1009,
english,Humblot's Flycatcher,2590,
english,Humblot's Heron,2186,
english,Humblot's Sunbird,3642,
english,Hume's Owl,1800,
english,Hume's Whitethroat,,
english,Hunter's Cisticola,632,
english,Hunter's Sunbird,3610,
english,Hybrid (weaver),,
english,Hybrid Antarctic/Kerguelen Tern,,
english,Hybrid Cape-Australian Gannet,,
english,Hybrid Damara x Red-billed Hornbill,,
english,Hybrid Kermadec x Round Island Petrel,,
english,Hybrid Lesser-crested x Sandwich tern,,
english,Hybrid Natal/Chorister Robin,,
english,Hybrid Olive/Kurrichane Thrush,,
english,Hybrid Pochard,,
english,Hybrid RED/YELLOWBILL DUCK,,
english,Hybrid Red-backed x Isabelline Shrike,,
english,Hybrid Yellow/Redbilled Oxpecker,,
english,IMPERIAL CORMORANT,,
english,Iago (Rufous-backed) Sparrow,3856,
english,Ibadan Malimbe,3802,
english,Iberian Chiffchaff,3368,
english,Icterine Greenbul,1145,
english,Icterine Warbler,596,
english,Inaccessible Island Rail,999,
english,Indian Yellow-nosed Albatross,1079,
english,Irania,2592,
english,Iringa Akalat,2714,
english,Iris Glossy-Starling (Emerald Starling),,
english,Isabelline Shrike,2288,
english,Isabelline Wheatear,1010,
english,Island (Socotra) Cisticola,3134,
english,Itombwe Flycatcher (Alseonax),,
english,Ituri Batis,2314,
english,Ja River Scrub-Warbler,3248,
english,Jack Snipe,1988,
english,Jackal Buzzard,152,
english,Jackson's Francolin,,
english,Jackson's Hornbill,1500,
english,Jackson's Pipit,3692,
english,Jackson's Widowbird,3752,
english,Jacobin Cuckoo,348,
english,Jameson's Firefinch,835,
english,Jameson's Wattle-eye,2404,
english,Java Sparrow,4058,
english,Johanna's Sunbird,3644,
english,Jos Plateau Indigobird,3980,
english,Jouanin's Petrel,1011,
english,Joyful Greenbul,2972,
english,Juba Weaver,3906,
english,Kabobo Apalis,3052,
english,Kabylie Nuthatch,2840,
english,Kakamega Greenbul,,
english,Kalahari Scrub-Robin,586,
english,Kandt's Waxbill,3740,
english,Karamoja Apalis,3076,
english,Karoo (Green/Yellow-rumped) Eremomela,626,
english,Karoo Chat,566,
english,Karoo Korhaan,220,
english,Karoo Lark,461,
english,Karoo Long-billed Lark (split),,
english,Karoo Prinia (split),4139,
english,Karoo Scrub-Robin,583,
english,Karoo Thrush (split),1104,
english,Katanga Masked-Weaver,3882,
english,Kelp Gull,287,
english,Kemp's Longbill,3312,
english,Kenrick's Starling,2824,
english,Kentish Plover,2002,
english,Kenya (Eastern) Violet-backed Sunbird,3588,
english,Kenya Rufous Sparrow,3840,
english,Kerguelen Petrel,950,
english,Kerguelen Tern,970,
english,Kermadec Petrel,4121,
english,Kilombero Cisticola,3158,
english,Kilombero Weaver,3900,
english,Kimberly Pipit,,
english,King Penguin,987,
english,Kioloides Rail,,
english,Kipengere Seed-eater,,
english,Kirk's Francolin,,
english,Kittlitz's Plover,237,
english,Kivu Ground-Thrush,,
english,Klaas's Cuckoo,351,
english,Knob-billed Duck,91,
english,Knysna Turaco (split),,
english,Knysna Warbler,611,
english,Knysna Woodpecker,448,
english,Kordofan Lark,3538,
english,Kordofan Rufous Sparrow,3844,
english,Kori Bustard,217,
english,Kretschmer's Longbill,3314,
english,Kulal White-eye,,
english,Kungwe Apalis,3054,
english,Kurrichane Thrush,552,
english,Lafresnaye's Vanga,2528,
english,Lagden's Bushshrike,2452,
english,Lake Lufira (Ruwet's) Masked-Weaver,,
english,Lammergeier,150,
english,Lanner Falcon,114,
english,Lapland Longspur (Bunting),4000,
english,Lappet-faced Vulture,108,
english,Large-billed (Sabine's) Puffback,2390,
english,Large-billed Lark,463,
english,Lark-like Bunting,871,
english,Laughing Dove,317,
english,Laughing Gull,2046,
english,Laura's Woodland-Warbler,1091,
english,Lavender Waxbill,3742,
english,Layard's Tit-Babbler (Warbler),,
english,Laysan Albatross,1012,
english,Lazy Cisticola,,
english,Leach's Storm-Petrel,31,
english,Lead-coloured Flycatcher,,
english,Least Honeyguide,1132,
english,Lemon Dove,322,
english,Lemon-bellied Crombec,3428,
english,Lemon-breasted Canary,921,
english,Lepe Cisticola,3100,
english,Lesser (Nyasa) Seedcracker,,
english,Lesser Black-backed Gull,4136,
english,Lesser Blue-eared Starling,739,
english,Lesser Bristlebill,,
english,Lesser Crested Tern,297,
english,Lesser Cuckoo (Asian Lesser),4130,
english,Lesser Flamingo,87,
english,Lesser Frigatebird,1013,
english,Lesser Grey Shrike,706,
english,Lesser Honeyguide,442,
english,Lesser Hoopoe-Lark,3468,
english,Lesser Jacana,229,
english,Lesser Kestrel,125,
english,Lesser Masked Weaver,792,
english,Lesser Moorhen,211,
english,Lesser Noddy,939,
english,Lesser Sand Plover,,
english,Lesser Sheathbill,975,
english,Lesser Short-toed Lark,,
english,Lesser Spotted Eagle,136,
english,Lesser Spotted Woodpecker,1380,
english,Lesser Striped Swallow,503,
english,Lesser Swamp Warbler,604,
english,Lesser White-fronted Goose,1288,
english,Lesser Whitethroat,3400,
english,Lesser Yellowlegs,1014,
english,Levaillant's Cisticola,646,
english,Levaillant's Cuckoo,347,
english,Levaillant's Woodpecker,1412,
english,Levant Sparrowhawk,2074,
english,Liberian (White-winged) Greenbul,,
english,Lichtenstein's Sandgrouse,1962,
english,Light-mantled Albatross (Mollymawk),876,
english,Lilac-breasted Roller,413,
english,Lilian's Lovebird,332,
english,Lineated Pytilia,,
english,Little Bee-eater,410,
english,Little Bittern,67,
english,Little Blue Heron,1015,
english,Little Brown Bustard,1908,
english,Little Bunting,4040,
english,Little Bustard,1916,
english,Little Crake,1934,
english,Little Egret,59,
english,Little Grebe,6,
english,Little Green (Golden-backed) Woodpecker,449,
english,Little Green Bee-eater,1580,
english,Little Green Sunbird,3670,
english,Little Greenbul,565,
english,Little Grey Flycatcher (Alseonax),2632,
english,Little Grey Greenbul,2950,
english,Little Grey Woodpecker,1388,
english,Little Gull,2068,
english,Little Owl,1746,
english,Little Ringed Plover,955,
english,Little Rock Thrush,2616,
english,Little Rush Warbler,609,
english,Little Shearwater,27,
english,Little Sparrowhawk,158,
english,Little Stint,253,
english,Little Swift,385,
english,Little Tern,299,
english,Little Weaver,3918,
english,Little Yellow Flycatcher,2408,
english,Littoral Rock-Thrush,2614,
english,Livingstone's Flycatcher,679,
english,Livingstone's Turaco (split),,
english,Lizard Buzzard,144,
english,Loango Weaver,3938,
english,Locust Finch,845,
english,Long-billed (Cape) Crombec,621,
english,Long-billed Dowitcher,1986,
english,Long-billed Green Sunbird,,
english,Long-billed Greenbul,,
english,Long-billed Pipit,693,
english,Long-crested Eagle,138,
english,Long-eared Owl,1744,
english,Long-legged Buzzard,979,
english,Long-legged Pipit,3700,
english,Long-tailed (Uelle/Exclamatons) Paradise-Whydah,,
english,Long-tailed Cisticola,3102,
english,Long-tailed Fiscal,2278,
english,Long-tailed Ground-Roller,1544,
english,Long-tailed Hawk,2146,
english,Long-tailed Nightjar,1816,
english,Long-tailed Pipit,,
english,Long-tailed Skua,930,
english,Long-tailed Widowbird,818,
english,Long-toed Plover,248,
english,Long-toed Stint,972,
english,Lost or destroyed ring,9999,Non-species label mapped to lost or destroyed ring
english,Loveridge's Sunbird,3648,
english,Lowland Akalat,2712,
english,Luapula Cisticola (split),3138,
english,Ludwig's (Montane) Double-collared Sunbird,,
english,Ludwig's Bustard,218,
english,Lynes's Cisticola,3104,
english,Lyre-tailed Honeyguide,1358,
english,Lühder's Bushshrike,2436,
english,MAURITIUS KESTREL,124,
english,MOTTLED PETREL,187,
english,Macaroni Penguin,983,
english,Maccoa Duck,103,
english,Mackinnon's Shrike,2290,
english,Macqueen's Bustard,,
english,Madagascar Baza,2098,
english,Madagascar Bee-eater,406,
english,Madagascar Blue-Pigeon,1842,
english,Madagascar Brush-Warbler,3340,
english,Madagascar Bulbul,1070,
english,Madagascar Buttonquail,1348,
english,Madagascar Buzzard,2108,
english,Madagascar Cisticola,3120,
english,Madagascar Coucal,1630,
english,Madagascar Cuckoo,1620,
english,Madagascar Fish-Eagle,2132,
english,Madagascar Flufftail,1942,
english,Madagascar Grebe,2170,
english,Madagascar Green-Pigeon,1882,
english,Madagascar Harrier-Hawk,2142,
english,Madagascar Hoopoe,1514,
english,Madagascar Jacana,1996,
english,Madagascar Kestrel,2160,
english,Madagascar Kingfisher,,
english,Madagascar Lark,3544,
english,Madagascar Magpie-Robin,2562,
english,Madagascar Marsh-Harrier,2122,
english,Madagascar Munia,,
english,Madagascar Nightjar,1828,
english,Madagascar Owl,1742,
english,Madagascar Paradise-Flycatcher,2514,
english,Madagascar Partridge,1208,
english,Madagascar Pochard,1300,
english,Madagascar Pond Heron,883,
english,Madagascar Pratincole,898,
english,Madagascar Pygmy-Kingfisher,1558,
english,Madagascar Rail,1938,
english,Madagascar Red Fody,1047,
english,Madagascar Red Owl,1736,
english,Madagascar Sandgrouse,1966,
english,Madagascar Serpent-Eagle,2126,
english,Madagascar Snipe,1982,
english,Madagascar Sparrowhawk,2086,
english,Madagascar Starling,2830,
english,Madagascar Swamp-Warbler,3230,
english,Madagascar Swift,1670,
english,Madagascar Turtle-Dove,,
english,Madagascar White-browed Owl,,
english,Madeira Petrel,2248,
english,Madeiran (Band-rumped) Storm-Petrel,,
english,Magellanic Penguin,2220,
english,Magnificent Frigatebird,2218,
english,Magpie (Long-tailed) Shrike,,
english,Magpie Mannikin,822,
english,Magpie Shrike,2300,
english,Magpie Starling,2832,
english,Malachite Kingfisher,397,
english,Malachite Sunbird,751,
english,Malagasy Scops-Owl,1788,
english,Malagasy Spinetail,1692,
english,Malagasy White-eye,1075,
english,Malawi Batis,2306,
english,Malbrant's Lark,,
english,Mali (Kulikoro) Firefinch,,
english,Malindi Pipit,3698,
english,Mallard,1016,
english,Mandarin Duck,1017,
english,Maned Owl,1766,
english,Mangbettu Sawwing,2916,
english,Mangrove Kingfisher,400,
english,Manx Shearwater,882,
english,Many-colored Bushshrike,2504,
english,Marabou Stork,73,
english,Marbled Teal,1320,
english,Margaret's (Boulton's) Batis,2316,
english,Marico Flycatcher,661,
english,Marico Sunbird,755,
english,Marmora's Warbler,3420,
english,Marsh Owl,361,
english,Marsh Sandpiper,262,
english,Marsh Tchagra,716,
english,Marsh Warbler,607,
english,Marsh Widowbird,971,
english,Martial Eagle,142,
english,Mascarene Black Petrel,,
english,Mascarene Martin,908,
english,Mascarene Paradise Flycatcher,1045,
english,Mascarene Shearwater,,
english,Mascarene Swiftlet,1682,
english,Masked Apalis,3064,
english,Masked Booby,45,
english,Masked Lark,3568,
english,Masked Shrike,2296,
english,Matsudaira's Storm-Petrel,1019,
english,Mauritius Bulbul,2990,
english,Mauritius Cuckoo-shrike,,
english,Mauritius Fody,1048,
english,Mauritius Olive White-eye,3200,
english,Mauritius Parakeet,1042,
english,Maxwell's Black Weaver,3884,
english,Mayotte Drongo,2380,
english,Mayotte Sunbird,3636,
english,Meadow Pipit,3704,
english,Mediterranean (Yelkouan) Shearwater,2254,
english,Mediterranean Gull,2066,
english,Medium-billed (Salvin's) Prion,,
english,Melancholy Woodpecker,1382,
english,Meller's Duck,1278,
english,Melodious (Latakoo) Lark,456,
english,Melodious Cisticola,,
english,Melodious Warbler,3280,
english,Menetries's Warbler,3414,
english,Merlin,1020,
english,Meves's Starling,742,
english,Meyer's Parrot,327,
english,Miombo (Central Bearded) Scrub-Robin,,
english,Miombo (Northern Grey) Tit,,
english,Miombo (~ Pied) Barbet,1466,
english,Miombo Double-collared Sunbird,,
english,Miombo Rock-Thrush,562,
english,Mistle Thrush,2754,
english,Mocking Cliff Chat,573,
english,Moheli Brush-Warbler,3336,
english,Moheli Scops-Owl,1782,
english,Mombasa Woodpecker,1366,
english,Monotonous Lark,457,
english,Montagu's Harrier,170,
english,Montane Nightjar,357,
english,Montane Oriole,2466,
english,Montane White-eye,3214,
english,Monteiro's Bushshrike,2454,
english,Monteiro's Hornbill,429,
english,Moorland Chat,2552,
english,Moorland Francolin,1254,
english,Moreau's (Long-billed) Tailorbird (Apalis),,
english,Moreau's Sunbird,3620,
english,Moroccan Wagtail,3814,
english,Mosque Swallow,500,
english,Mottled Spinetail,388,
english,Mottled Swift,382,
english,Mount Cameroon Speirops,1162,
english,Mount Kupe (Serle's) Bushshrike,,
english,Mountain Buzzard,2112,
english,Mountain Chat (Wheatear),,
english,Mountain Greenbul,,
english,Mountain Illadopsis,3292,
english,Mountain Marsh (Buff-shouldered) Widowbird,,
english,Mountain Pipit,928,
english,Mountain Robin-Chat,1120,
english,Mountain Sooty Boubou,2420,
english,Mountain Thrush,2736,
english,Mountain Wagtail,688,
english,Mountain Yellow Warbler,471,
english,Mourning Wheatear,2680,
english,Mouse-brown Sunbird,3584,
english,Mouse-coloured Penduline-Tit,2850,
english,Mouse-coloured Sunbird,765,
english,Moussier's Redstart,2694,
english,Moustached Grass Warbler,617,
english,Moustached Tinkerbird,1442,
english,Moustached Warbler,3228,
english,Mrs. Moreau's Warbler,,
english,Mute Swan,884,
english,Nahan's Francolin,,
english,Naked-faced Barbet,1130,
english,Namaqua Dove,318,
english,Namaqua Sandgrouse,307,
english,Namaqua Warbler,653,
english,Namuli Apalis,3058,
english,Narina Trogon,393,
english,Narrow-tailed Starling,2826,
english,Natal Spurfowl (Francolin),183,
english,Nduk (Usumbara) Eagle-Owl,,
english,Nechisar Nightjar,1804,
english,Neddicky (Piping Cisticola),,
english,Neergaard's Sunbird,761,
english,Neglected Kestrel,,
english,Nelicourvi Weaver,3924,
english,Neumann's (Short-tailed) Warbler,3274,
english,Neumann's Coucal,1622,
english,Neumann's Starling,2806,
english,Newton's (Yellow-breasted) Sunbird,,
english,Niam-niam Parrot,1652,
english,Nightingale Finch,4056,
english,Nile Valley Sunbird,3572,
english,Nimba (West African Black-) Flycatcher,2604,
english,Nkulengu Rail,1932,
english,Northern (Hen) Harrier,2120,
english,Northern (Sahel) Paradise-Whydah,3996,
english,Northern Anteater Chat,2650,
english,Northern Black (White-quilled) Korhaan (split),1035,
english,Northern Black Flycatcher,2608,
english,Northern Black Tit,,
english,Northern Brown-throated Weaver,3904,
english,Northern Brownbul,3024,
english,Northern Carmine Bee-eater,1576,
english,Northern Crombec,3426,
english,Northern Double-collared Sunbird,3660,
english,Northern Fulmar,2232,
english,Northern Gannet,2174,
english,Northern Giant-Petrel,984,
english,Northern Goshawk,,
english,Northern Grey Tit,,
english,Northern Grosbeak Canary,4094,
english,Northern Lapwing,2022,
english,Northern Masked Weaver,3940,
english,Northern Mountain Greenbul,,
english,Northern Pied Babbler,3446,
english,Northern Pintail,886,
english,Northern Puffback,2386,
english,Northern Red Bishop,3748,
english,Northern Royal Albatross,2230,
english,Northern Shoveler,93,
english,Northern Wheatear,563,
english,Northern White-crowned Shrike,2276,
english,Northern White-faced Scops Owl,1792,
english,Nubian Bustard,1912,
english,Nubian Nightjar,1830,
english,Nubian Woodpecker,1372,
english,Nuthatch Vanga,2418,
english,Nyanza Swift,1676,
english,Obbia Lark,3566,
english,Oberlaender's Ground-Thrush,,
english,Olivaceous Bulbul,2986,
english,Olivaceous Flycatcher (Alseonax),,
english,Olive Bush-Shrike,,
english,Olive Ibis,2202,
english,Olive Long-tailed Cuckoo,1594,
english,Olive Sunbird,766,
english,Olive Thrush,1105,
english,Olive Woodpecker,452,
english,Olive-bellied Sunbird,1117,
english,Olive-breasted Mountain Greenbul,,
english,Olive-flanked Robin,,
english,Olive-green Camaroptera,1189,
english,Olive-headed Greenbul,2956,
english,Olive-headed Weaver,919,
english,Olive-tree Warbler,597,
english,Orange Ground Thrush,556,
english,Orange River Francolin,179,
english,Orange River White-eye (split),,
english,Orange Weaver,3888,
english,Orange-breasted Sunbird,753,
english,Orange-breasted Waxbill,838,
english,Orange-cheeked Waxbill,1089,
english,Orange-tufted Sunbird,3626,
english,Orange-winged Pytilia,829,
english,Oriental Pratincole,2030,
english,Oriole (Eastern Wattled) Cuckoo-shrike,,
english,Oriole Finch,477,
english,Oriole Warbler,3174,
english,Orphean Warbler,,
english,Ortolan Bunting,4032,
english,Osprey,172,
english,Oustalet's (~ White-bellied) Sunbird,,
english,Ovampo Sparrowhawk,157,
english,Pacific Golden Plover,1039,
english,Pale Batis,675,
english,Pale Crag Martin,2884,
english,Pale Flycatcher,662,
english,Pale Prinia,3188,
english,Pale Rock-Finch (-Sparrow),3720,
english,Pale Wren Warbler,3092,
english,Pale-billed Firefinch,3774,
english,Pale-billed Hornbill,1504,
english,Pale-breasted Illadopsis,3296,
english,Pale-crowned Cisticola,635,
english,Pale-fronted Negrofinch,3826,
english,Pale-olive Greenbul,3010,
english,Pale-winged Starling,744,
english,Palestine (Northern Orange-tufted) Sunbird,,
english,Pallas' (Lemon-rumped) Warbler,,
english,Pallas's Gull,2062,
english,Pallas's Sandgrouse,1972,
english,Pallid Harrier,168,
english,Pallid Honeyguide,906,
english,Pallid Swift,379,
english,Palm-nut Vulture,112,
english,Pangani Longclaw,3786,
english,Papyrus Canary,4080,
english,Papyrus Gonolek,2438,
english,Papyrus Yellow Warbler,1067,
english,Parasitic Weaver,854,
english,Parrot-billed Sparrow,3850,
english,Pearl-breasted Swallow,498,
english,Pearl-spotted Owlet,365,
english,Pectoral Sandpiper,895,
english,Pectoral-patch Cisticola,3114,
english,Pel's Fishing-Owl,370,
english,Pemba Green-Pigeon,1884,
english,Pemba Scops-Owl,1786,
english,Pemba Sunbird,3658,
english,Pemba White-eye,3220,
english,Pennant-winged Nightjar,377,
english,Peregrine Falcon,113,
english,Perrin's Bushshrike,721,
english,Peter's Twinspot,832,
english,Petit's Cuckooshrike,2340,
english,Petit's Sawwing,2920,
english,Pharaoh Eagle-Owl,1748,
english,Piapiac,2484,
english,Pied (African Pied) Starling,,
english,Pied Avocet,269,
english,Pied Crow,522,
english,Pied Flycatcher,1022,
english,Pied Kingfisher,394,
english,Pied Wheatear,1023,
english,Pied-winged Swallow,2890,
english,Pin-tailed Sandgrouse,1954,
english,Pin-tailed Whydah,846,
english,Pine Bunting,4034,
english,Pink Pigeon,324,
english,Pink-backed Pelican,41,
english,Pink-billed Lark,490,
english,Pink-breasted Lark,3520,
english,Pink-footed Puffback,2384,
english,Pink-throated (Rosy) Twinspot,831,
english,Pintado (Cape) Petrel,14,
english,Pintail Snipe,1984,
english,Piping (White-tailed) Hornbill,,
english,Pitta-like Ground-Roller,1538,
english,Placid Greenbul,541,
english,Plain (Cameroon Sombre) Greenbul,,
english,Plain Greenbul,2946,
english,Plain Martin,509,
english,Plain Nightjar,1826,
english,Plain Swift,1678,
english,Plain-backed Pipit,694,
english,Plain-backed Sunbird,769,
english,Plumed Guineafowl,1266,
english,Plumheaded Parakeet,1024,
english,Pollen's Vanga,2526,
english,Pomarine Skua,285,
english,Preuss's (Cliff) Swallow,2902,
english,Preuss's Weaver,3930,
english,Prigogine's (Itombwe) Nightjar,1832,
english,Prigogine's Double-collared Sunbird,3618,
english,Prigogine's Greenbul,2974,
english,Principe Drongo,,
english,Principe Glossy-Starling,1134,
english,Principe Golden-Weaver,1096,
english,Principe Kingfisher,,
english,Principe Seedeater,1160,
english,Principe Speirops,1161,
english,Principe Sunbird,1095,
english,Principe Thrush,2756,
english,Principe White-eye,1170,
english,Pringle's Puffback,2388,
english,Pririt Batis,674,
english,Protea Seedeater (Canary),,
english,Pulitzer's Longbill,3316,
english,Purple Grenadier,3978,
english,Purple Heron,57,
english,Purple Indigobird,850,
english,Purple Sandpiper,1976,
english,Purple Starling,2792,
english,Purple Swamphen,208,
english,Purple-banded Sunbird,756,
english,Purple-breasted Sunbird,3662,
english,Purple-crested Turaco,337,
english,Purple-headed Glossy-Starling,,
english,Purple-throated Cuckooshrike,2344,
english,Puvel's Illadopsis,3290,
english,Pygmy Batis,2326,
english,Pygmy Cormorant,2182,
english,Pygmy Falcon,126,
english,Pygmy Sunbird,3576,
english,Quail-finch Indigobird,,
english,Quailplover,1344,
english,ROYAL PENGUIN,164,
english,Rachel's Malimbe,3808,
english,Racket-tailed Roller,414,
english,Radde's Warbler,3380,
english,Rand's Warbler,3390,
english,Rattling Cisticola,642,
english,Razo Lark,3472,
english,Razorbill,2034,
english,Red Avadavat,1032,
english,Red Crossbill,4052,
english,Red Kite,1025,
english,Red Knot,254,
english,Red Lark,479,
english,Red Sea (Arabian) Warbler,,
english,Red Sea (Cliff) Swallow,2900,
english,Red- (Crimson-) winged Pytilia,3964,
english,Red- (Rufous-) tailed Wheatear,2692,
english,Red-and-yellow Barbet,1454,
english,Red-backed Mousebird,1586,
english,Red-backed Shrike,708,
english,Red-bellied Malimbe,3800,
english,Red-bellied Paradise Flycatcher,1165,
english,Red-billed (Black-chinned) Quailfinch,3828,
english,Red-billed Buffalo Weaver,779,
english,Red-billed Chough,2488,
english,Red-billed Dwarf Hornbill,1488,
english,Red-billed Firefinch,837,
english,Red-billed Hornbill,4129,
english,Red-billed Oxpecker,748,
english,Red-billed Quelea,805,
english,Red-billed Spurfowl (Francolin),182,
english,Red-billed Teal,97,
english,Red-billed Tropicbird,953,
english,Red-breasted Coua,1616,
english,Red-breasted Flycatcher,2582,
english,Red-breasted Goose,1310,
english,Red-breasted Merganser,1330,
english,Red-capped Coua,1614,
english,Red-capped Crombec,914,
english,Red-capped Lark,488,
english,Red-capped Robin Chat,579,
english,Red-cheeked Cordon-bleu,3974,
english,Red-cheeked Wattle-eye,2394,
english,Red-chested Cuckoo,343,
english,Red-chested Flufftail,205,
english,Red-chested Goshawk,,
english,Red-chested Owlet,1764,
english,Red-chested Sunbird,3638,
english,Red-chested Swallow,2892,
english,Red-collared Mountain-Babbler,,
english,Red-collared Widowbird,813,
english,Red-crested Korhaan,224,
english,Red-crested Pochard,1332,
english,Red-crested Turaco,1714,
english,Red-crowned Malimbe,3798,
english,Red-eyed (Black-shouldered) Puffback,2392,
english,Red-eyed Dove,314,
english,Red-eyed Vireo,2302,
english,Red-faced Barbet,1432,
english,Red-faced Cisticola,644,
english,Red-faced Crimson-wing,828,
english,Red-faced Crombec,913,
english,Red-faced Mousebird,392,
english,Red-faced Pytilia,3962,
english,Red-faced Woodland-Warbler,3378,
english,Red-footed Booby,1027,
english,Red-footed Falcon,120,
english,Red-fronted Antpecker (incl. Jameson's),3832,
english,Red-fronted Barbet,1462,
english,Red-fronted Coua,1612,
english,Red-fronted Parrot,1656,
english,Red-fronted Tinkerbird,436,
english,Red-fronted Warbler,,
english,Red-headed Bluebill,1190,
english,Red-headed Finch,820,
english,Red-headed Fody,1069,
english,Red-headed Lovebird,1640,
english,Red-headed Malimbe,3810,
english,Red-headed Quelea,806,
english,Red-headed Weaver,793,
english,Red-knobbed Coot,212,
english,Red-naped Bushshrike,2440,
english,Red-necked (Red-tailed) Buzzard,2104,
english,Red-necked Falcon,117,
english,Red-necked Grebe,2168,
english,Red-necked Nightjar,1834,
english,Red-necked Phalarope,272,
english,Red-necked Spurfowl,188,
english,Red-necked Stint,897,
english,Red-pate Cisticola,3154,
english,African Red-rumped Swallow,14933,Current SAFRING species
english,European Red-rumped Swallow,14935,Post-split European species
english,Red-rumped Swallow,962,
scientific_name,Cecropis rufula,14935,Post-split European species identified by reviewed source evidence
english,Red-rumped Tinkerbird,1438,
english,Red-rumped Wheatear,2684,
english,Red-shouldered Cuckooshrike,2342,
english,Red-shouldered Vanga,2334,
english,Red-tailed Ant Thrush,2662,
english,Red-tailed Bristlebill,1191,
english,Red-tailed Bulbul (Greenbul),2980,
english,Red-tailed Leaf-love (Greenbul),3022,
english,Red-tailed Newtonia,3348,
english,Red-tailed Tropicbird,39,
english,Red-tailed Vanga,2332,
english,Red-thighed (Western Little) Sparrowhawk,,
english,Red-throated (Angolan Cliff) Swallow,,
english,Red-throated Alethe,2542,
english,Red-throated Bee-eater,1568,
english,Red-throated Loon,2226,
english,Red-throated Pipit,1028,
english,Red-throated Tit,2868,
english,Red-throated Wryneck,453,
english,Red-vented Malimbe,3812,
english,Red-winged Francolin,178,
english,Red-winged Grey Warbler,3168,
english,Red-winged Lark,3546,
english,Red-winged Starling,745,
english,Red-winged Warbler,,
english,Redwhiskered Bulbul,,
english,Redwing,2740,
english,Reed Bunting,4044,
english,Reed Cormorant,50,
english,Regal Sunbird,3664,
english,Reichenbach's Sunbird,3602,
english,Reichenow's Batis,,
english,Reichenow's Firefinch,,
english,Reichenow's Seedeater [Yellow-rumped],4074,
english,Reichenow's Woodpecker,,
english,Retz's Helmetshrike,728,
english,Reunion Cuckoo-shrike,,
english,Reunion Olive White-eye,3212,
english,Reunion Stonechat,2706,
english,Richard's Pipit,3708,
english,Ring Ouzel,2752,
english,Ring-billed Gull,2054,
english,Ring-necked Dove,316,
english,Ring-necked Duck,1294,
english,Ring-necked Francolin,1256,
english,River Prinia,3184,
english,River Warbler,598,
english,Roberts's (Brier) Warbler,,
english,Robin Accentor,1056,
english,Rock Bunting,4024,
english,Rock Firefinch,3780,
english,Rock Kestrel,123,
english,Rock Martin,506,
english,Rock Pipit,3702,
english,Rock Pratincole,283,
english,Rock Sparrow,3872,
english,Rock-loving Cisticola,3098,
english,Rockefeller's Sunbird,3666,
english,Rockhopper Penguin,3,
english,Rockrunner (Damara Rock-jumper),539,
english,Rodrigues Fody,3762,
english,Rodrigues Warbler,3234,
english,Rook,2364,
english,Rose-ringed Parakeet,941,
english,Roseate Tern,293,
english,Ross's Turaco,942,
english,Rosy Bee-eater,1572,
english,Rosy Pipit,1057,
english,Rosy-breasted Longclaw,705,
english,Rosy-faced Lovebird,330,
english,Rosy-patched Bushshrike,2490,
english,Rouget's Rail,1940,
english,Rough-legged Hawk,2110,
english,Royal Tern,935,
english,Rudd's Apalis,624,
english,Rudd's Lark,473,
english,Ruddy Duck,1334,
english,Ruddy Shelduck,1340,
english,Ruddy Turnstone,232,
english,Rueppell's (Black-) Chat,2654,
english,Rueppell's Warbler,,
english,Ruff,256,
english,Rufous (Ussher's) Fishing-Owl,1796,
english,Rufous Bush Chat,567,
english,Rufous Chatterer,3456,
english,Rufous Cisticola,3156,
english,Rufous Flycatcher-Thrush (Ant-Thrush),,
english,Rufous Vanga,2492,
english,Rufous- (Brown-) crowned Eremomela,3266,
english,Rufous-bellied Heron,65,
english,Rufous-bellied Tit,529,
english,Rufous-breasted Sparrowhawk,156,
english,Rufous-cheeked Nightjar,372,
english,Rufous-chested Swallow,501,
english,Rufous-crowned Roller,415,
english,Rufous-eared Warbler,619,
english,Rufous-headed Ground-Roller,1536,
english,Rufous-naped Lark,458,
english,Rufous-rumped Lark,3560,
english,Rufous-sided Broadbill,2262,
english,Rufous-tailed Palm-Thrush,910,
english,Rufous-tailed Weaver,3766,
english,Rufous-vented Paradise-Flycatcher,1192,
english,Rufous-winged Cisticola (split),4138,
english,Rufous-winged Illadopsis,3294,
english,Rufous-winged Sunbird,3668,
english,Running Coua,1606,
english,Ruppell's Parrot,329,
english,Rustic Bunting,4042,
english,Rusty (~ Bush) Lark,3554,
english,Ruwenzori Hill Babbler,,
english,Ruwenzori Nightjar,1840,
english,Ruwenzori Turaco,,
english,Rwenzori (Collared) Apalis,,
english,Rwenzori (Stuhlmann's) Double-collared Sunbird,,
english,Rwenzori Batis,2312,
english,Rüppell's Korhaan,221,
english,Rüppell's Robin Chat,2576,
english,Rüppell's Starling,2794,
english,Rüppell's Vulture,1029,
english,Rüppell's Weaver,3910,
english,SHORTTAILED SHEARWATER,,
english,SNARES CRESTED PENGUIN,32,
english,Sabine's Gull,901,
english,Sabine's Spinetail,1686,
english,Sabota Lark,460,
english,Sacred Ibis,81,
english,Saddle-billed Stork,75,
english,Sakalava Rail,1924,
english,Sakalava Weaver,3932,
english,Saker Falcon,2154,
english,Salvadori's Eremomela,3260,
english,Salvadori's Seedeater,4120,
english,Salvin's Albatross,1081,
english,Salvin's Prion,878,
english,Sand Martin,508,
english,Sand Partridge,1206,
english,Sanderling,255,
english,Sandwich Tern,296,
english,Sandy Scops-Owl,1776,
english,Sangha Forest Robin,,
english,Sao Tome (Giant) Sunbird,,
english,Sao Tome (Newton's) Fiscal,,
english,Sao Tome Bronze-naped Pigeon,1852,
english,Sao Tome Chestnut-winged Starling,2804,
english,Sao Tome Green-Pigeon,1886,
english,Sao Tome Grosbeak,1138,
english,Sao Tome Kingfisher,,
english,Sao Tome Olive-Pigeon,1866,
english,Sao Tome Oriole,1143,
english,Sao Tome Paradise-Flycatcher,1164,
english,Sao Tome Prinia,1156,
english,Sao Tome Scops-Owl,1774,
english,Sao Tome Spinetail,1694,
english,Sao Tomé Short-tail (Bocage's Longbill),,
english,Sao Tomé Weaver,,
english,Sardinian Warbler,3410,
english,Sassi's (~ Olive-) Greenbul,3016,
english,Saunders's Tern,2070,
english,Savi's Warbler,3304,
english,Savile's Bustard,1902,
english,Scaly Babbler,3462,
english,Scaly Chatterer,3440,
english,Scaly Francolin,,
english,Scaly Ground-Roller,1542,
english,Scaly-breasted Illadopsis,1193,
english,Scaly-feathered Finch,789,
english,Scaly-fronted Warbler (Cricket Warbler),3194,
english,Scaly-throated Honeyguide,441,
english,Scarce Swift,904,
english,Scarlet-chested Sunbird,774,
english,Scarlet-tufted (Fraser's) Sunbird,,
english,Scarlet-tufted Sunbird,3646,
english,Schalow's Turaco,338,
english,Schalow's Wheatear,,
english,Schlegel's Asity,2272,
english,Schlegel's Francolin,1214,
english,Schouteden's Swift,,
english,Sclater's Lark,491,
english,Secretarybird,105,
english,Sedge Warbler,608,
english,Semi-collared Flycatcher,2584,
english,Semi-collared Kingfisher,396,
english,Semipalmated Sandpiper,1978,
english,Senegal Batis,2330,
english,Senegal Coucal,355,
english,Senegal Eremomela,3270,
english,Senegal Parrot,1660,
english,Senegal Plover,244,
english,Senegal Thick-knee,2000,
english,Sennar Penduline-Tit,2854,
english,Sentinel Rock-Thrush,560,
english,Seychelles Blue Pigeon,1174,
english,Seychelles Bulbul,2988,
english,Seychelles Fody,1178,
english,Seychelles Kestrel,1082,
english,Seychelles Magpie-robin,1175,
english,Seychelles Paradise Flycatcher,2512,
english,Seychelles Scops-Owl,1778,
english,Seychelles Sunbird,1177,
english,Seychelles Swiftlet,1680,
english,Seychelles Turtle Dove,,
english,Seychelles Warbler,1176,
english,Seychelles White-eye,3208,
english,Shaft-tailed Whydah,847,
english,Shari Sawwing,2912,
english,Sharp-tailed Starling,741,
english,Sharpe's Akalat,2718,
english,Sharpe's Apalis,3088,
english,Sharpe's Greenbul,3000,
english,Sharpe's Longclaw,3688,
english,Sharpe's Starling,2822,
english,Shelley's Crimson-wing,3728,
english,Shelley's Eagle-Owl,1760,
english,Shelley's Francolin,177,
english,Shelley's Greenbul,555,
english,Shelley's Rufous Sparrow,3866,
english,Shelley's Starling,2796,
english,Shelley's Sunbird,757,
english,Shikra,161,
english,Shining Drongo,2374,
english,Shining Sunbird,,
english,Shining-blue Kingfisher,959,
english,Shoebill,1030,
english,Short-billed (Phillipa's/Somali) Crombec,3434,
english,Short-clawed Lark,465,
english,Short-eared Owl,1740,
english,Short-legged Ground-Roller,1540,
english,Short-tailed Lark,3562,
english,Short-tailed Pipit,700,
english,Short-toed Rock-Thrush,561,
english,Short-toed Snake-Eagle (incl. Beaudouin's),2118,
english,Short-toed Tree-Creeper,2844,
english,Shrike Flycatcher,2456,
english,Shy Albatross,11,
english,Siberian Rubythroat,2594,
english,Siberian Stonechat,2704,
english,Sickle-billed Vanga,2414,
english,Sickle-winged Chat,572,
english,Sidamo Lark,,
english,Sierra Leone (White-eyed) Prinia,,
english,Siffling Cisticola,636,
english,Silverbird,2578,
english,Silvery-cheeked Hornbill,423,
english,Simple Greenbul,2976,
english,Sinai Rosefinch,4016,
english,Singing Bush Lark,3534,
english,Singing Cisticola,643,
english,Sjostedt's (Chesnut-backed) Owlet,1762,
english,Sjostedt's Honeyguide (White-tailed) Greenbul,2960,
english,Sladen's Barbet,1420,
english,Slate-coloured Boubou,2430,
english,Slaty Egret,982,
english,Slender-billed Curlew,1990,
english,Slender-billed Flufftail,1946,
english,Slender-billed Greenbul,2948,
english,Slender-billed Gull,1078,
english,Slender-billed Prion,880,
english,Slender-billed Starling,2816,
english,Slender-billed Weaver,1065,
english,Slender-tailed Nightjar,1814,
english,Smew,1326,
english,Snail-eating Coua,1608,
english,Snow Bunting,4060,
english,Snow Petrel,993,
english,Snowy Egret,2192,
english,Snowy-headed Robin Chat,2574,
english,Sociable (Social) Weaver,783,
english,Sociable Plover (Lapwing),2012,
english,Socotra Bunting,4046,
english,Socotra Cormorant,2180,
english,Socotra Sparrow,3858,
english,Socotra Starling,2812,
english,Socotra Sunbird,3606,
english,Socotra Warbler (Cisticola),,
english,Soft-plumaged Petrel,19,
english,Sokoke Pipit,3712,
english,Sokoke Scops Owl,1780,
english,Solitary Sandpiper,1994,
english,Somali (Long-billed) Lark (Somali Red Lark),,
english,Somali Bee-eater,1582,
english,Somali Bulbul,3034,
english,Somali Bunting,4038,
english,Somali Courser,2026,
english,Somali Crombec,3430,
english,Somali Fiscal,2298,
english,Somali Golden-winged Grosbeak,4070,
english,Somali Ostrich,1200,
english,Somali Pigeon (Somali Stock Dove),1856,
english,Somali Rufous-naped Lark,,
english,Somali Short-toed Lark,3484,
english,Somali Sparrow,3842,
english,Somali Starling,2810,
english,Somali Thrush,2734,
english,Somali Wheatear,2688,
english,Sombre (Rock) Chat,2546,
english,Song Thrush,2744,
english,Sooty Albatross (Mollymawk),12,
english,Sooty Boubou,2432,
english,Sooty Chat,966,
english,Sooty Falcon,888,
english,Sooty Flycatcher,2636,
english,Sooty Gull,2058,
english,Sooty Shearwater,29,
english,Sooty Tern,295,
english,Souimanga Sunbird,1073,
english,South African Cliff Swallow,504,
english,South African Shelduck,90,
english,South Georgia Diving Petrel,986,
english,South Pare White-eye,3222,
english,South Polar Skua,990,
english,Southern Bald (Bald) Ibis,82,
english,Southern Banded Snake Eagle,147,
english,Southern Black Flycatcher,664,
english,Southern Black Korhaan (Black) (split),4134,
english,Southern Black Tit,527,
english,Southern Blue-eared Glossy-Starling,2782,
english,Southern Boubou,709,
english,Southern Brown-throated Weaver,802,
english,Southern Carmine Bee-eater,407,
english,Southern Citril,4084,
english,Southern Double-collared Sunbird,760,
english,Southern Giant-Petrel,13,
english,Southern Grey Shrike,2294,
english,Southern Greyheaded Sparrow (split),4142,
english,Southern Grosbeak Canary,4086,
english,Southern Ground Hornbill,430,
english,Southern Hyliota,668,
english,Southern Masked-Weaver,803,
english,Southern Mountain (Green-throated) Greenbul,,
english,Southern Pale Chanting Goshawk,165,
english,Southern Pied-Babbler,536,
english,Southern Pochard,102,
english,Southern Red Bishop,808,
english,Southern Royal Albatross,924,
english,Southern Tchagra,713,
english,Southern White-crowned Shrike,730,
english,Southern White-faced Scops Owl,,
english,Southern Yellow-billed Hornbill,426,
english,Souza's Shrike,918,
english,Spanish Sparrow,3854,
english,Speckle-breasted Woodpecker,1394,
english,Speckle-fronted Weaver,3972,
english,Speckle-throated (Reichenow's) Woodpecker,907,
english,Speckled Mousebird,390,
english,Speckled Pigeon,311,
english,Speckled Tinkerbird,1446,
english,Spectacled Greenbul,,
english,Spectacled Petrel (split),2240,
english,Spectacled Warbler,3396,
english,Spectacled Weaver,791,
english,Speke's Weaver,3934,
english,Spike-heeled Lark,474,
english,Splendid Starling,2798,
english,Splendid Sunbird,3630,
english,Spot-breasted Ibis,2204,
english,Spot-breasted Plover (Lapwing),2016,
english,Spot-flanked Barbet,1470,
english,Spot-throat (Modulatrix),3318,
english,Spotless Starling,2838,
english,Spotted Crake,201,
english,Spotted Creeper,,
english,Spotted Eagle Owl,368,
english,Spotted Flycatcher,654,
english,Spotted Greenbul,2994,
english,Spotted Ground Thrush,558,
english,Spotted Honeyguide,1352,
english,Spotted Palm Thrush,2560,
english,Spotted Redshank,260,
english,Spotted Sandgrouse,1970,
english,Spotted Sandpiper,1974,
english,Spotted Thick-knee,275,
english,Spur-winged Goose,88,
english,Spur-winged Plover,1031,
english,Squacco Heron,62,
english,Square-tailed Drongo,518,
english,Square-tailed Sawwing,2926,
english,St. Helena Plover,2004,
english,Standard-winged Nightjar,1838,
english,Star-spotted Nightjar,1836,
english,Stark's Lark,492,
english,Steel-blue Whydah,3992,
english,Steppe (Common) Buzzard,154,
english,Steppe Eagle,135,
english,Stierling's Woodpecker,417,
english,Stierling's Wren-Warbler,615,
english,Stock Pigeon,1854,
english,Stone Partridge,1250,
english,Stone-curlew,1998,
english,Stout Cisticola,3152,
english,Strange Weaver,3886,
english,Straw-tailed Whydah,3990,
english,Streaked Scrub-Warbler,3190,
english,Streaked Shearwater,1033,
english,Streaked Weaver,3920,
english,Streaky Seedeater,778,
english,Streaky-breasted Flufftail,892,
english,Streaky-headed Seedeater,867,
english,Streaky-throated Barbet,,
english,Stresemann's Bush-Crow (Zavattariornis),2530,
english,Striated Heron,63,
english,Stripe-breasted Seedeater,834,
english,Stripe-breasted Tit,2866,
english,Stripe-cheeked Greenbul,549,
english,Stripe-faced Greenbul,,
english,Stripe-throated Jery,3324,
english,Striped Crake,200,
english,Striped Flufftail,207,
english,Striped Kingfisher,403,
english,Striped Pipit,696,
english,Stuhlmann's Starling,2828,
english,Subalpine Warbler,,
english,Subantarctic Skua (incl. Southern & Brown),,
english,Subdesert Brush Warbler,3338,
english,Subdesert Mesite,1952,
english,Sudan Golden-Sparrow,3860,
english,Sulphur-breasted Bushshrike,719,
english,Sun Lark,3508,
english,Sunbird Asity,2266,
english,Superb Starling,2800,
english,Superb Sunbird,3672,
english,Swainson's Spurfowl (Francolin),185,
english,Swallow-tailed Bee-eater,411,
english,Swamp (Palm) Bulbul (Greenbul),3040,
english,Swamp Boubou,710,
english,Swamp Flycatcher,1063,
english,Swamp Nightjar,375,
english,Swee (Black-faced) Waxbill (Swee),,
english,Swierstra's Francolin,1248,
english,Swift Tern,,
english,Swinhoe's Storm-Petrel,2236,
english,Swynnerton's Robin,590,
english,Syrian Serin,4114,
english,Syrian Woodpecker,1398,
english,THICKBILLED PRION,991,
english,TRISTAN BUNTING,,
english,Tacazze Sunbird,3674,
english,Taita Apalis,3056,
english,Taita Falcon,887,
english,Taita Fiscal,2280,
english,Taita Thrush,2732,
english,Taita White-eye,3216,
english,Tambourine Dove,319,
english,Tana River Cisticola,3150,
english,Tanzania Masked-Weaver,,
english,Tanzanian Red-billed Hornbill,1506,
english,Taveta Golden Weaver,3902,
english,Tawny Eagle,134,
english,Tawny Owl,1798,
english,Tawny Pipit,3696,
english,Tawny-flanked Prinia,649,
english,Temminck's (Horned) Lark,3498,
english,Temminck's Courser,277,
english,Temminck's Stint,985,
english,Terek Sandpiper,257,
english,Terrestrial Brownbul,546,
english,Tessmann's Flycatcher,2644,
english,Thamnornis Warbler,3438,
english,Thekla Lark,3510,
english,Thick-billed Cuckoo,345,
english,Thick-billed Honeyguide,,
english,Thick-billed Lark,3564,
english,Thick-billed Raven,2360,
english,Thick-billed Seedeater,1159,
english,Thick-billed Warbler,3224,
english,Three-banded Plover,238,
english,Three-streaked Tchagra,2496,
english,Thrush Nightingale,592,
english,Tickell's Leaf Warbler,1055,
english,Tinkling (Grey) Cisticola,641,
english,Tiny Cisticola,3146,
english,Tiny Greenbul,548,
english,Tiny Sunbird,3650,
english,Tit-hylia,2878,
english,Togo Paradise-Whydah,3986,
english,Toha Sunbird,,
english,Toro Olive Greenbul,3012,
english,Tractrac Chat,571,
english,Transvaal Rock-Thrush,2610,
english,Tree Pipit,698,
english,Trilling Cisticola,3166,
english,Tristan Albatross,1080,
english,Tristan Moorhen,996,
english,Tristan Thrush,967,
english,Tristram's Warbler,3404,
english,Tropical Boubou,977,
english,Trumpeter Finch,4064,
english,Trumpeter Hornbill,422,
english,Tsavo Sunbird,3676,
english,Tufted Duck,1298,
english,Turati's Boubou,2442,
english,Turner's Eremomela,3272,
english,Twinspot Indigobird,,
english,Tylas Vanga,2520,
english,Uganda Woodland Warbler,3370,
english,Uhehe Fiscal,,
english,Uluguru Bushshrike,2446,
english,Uluguru Mountain Greenbul,3048,
english,Uluguru Violet-backed Sunbird,3586,
english,Unknown,0,Non-species label mapped to unknown
english,Upcher's Warbler,3276,
english,Ursula's (~ Mouse-coloured) Sunbird,,
english,Usambara (Tanzanian Mountain) Weaver,3926,
english,Usambara Akalat,2716,
english,Usambara Double-collared Sunbird,3600,
english,Usambara Thrush,2748,
english,Usambiro Barbet,,
english,Ussher's Flycatcher,2646,
english,Usumbara Hyliota,,
english,Uzungwa Partridge,1258,
english,Van Dam's Vanga,2524,
english,Variable Sunbird,762,
english,Vasa Parrot,1648,
english,Velvet Asity,2270,
english,Velvet-mantled Drongo,1093,
english,Vermiculated (Bouvier's) Fishing-Owl,1794,
english,Verreaux's (Gabon) Batis,2318,
english,Verreaux's Coua,1618,
english,Verreaux's Eagle,133,
english,Verreaux's Eagle Owl,369,
english,Victorin's Warbler,612,
english,Vieillot's Barbet,1436,
english,Vieillot's Black Weaver,1152,
english,Village Indigobird,851,
english,Village Weaver,797,
english,Vinaceous Dove,1880,
english,Violet Turaco,1708,
english,Violet Wood-Hoopoe,420,
english,Violet-backed Hyliota,3286,
english,Violet-backed Starling,736,
english,Violet-breasted Sunbird,3628,
english,Violet-eared Waxbill,840,
english,Violet-tailed Sunbird,3580,
english,Vitelline Masked Weaver,1153,
english,Von der Decken's Hornbill,1490,
english,Vulturine Guineafowl,1260,
english,Wahlberg's Eagle,137,
english,Wahlberg's Honeybird,443,
english,Wailing Cisticola,639,
english,Waldrapp,2206,
english,Wallcreeper,2842,
english,Waller's Starling,2818,
english,Wandering Albatross,7,
english,Ward's Shrike-flycatcher,2482,
english,Warsangli Linnet,4010,
english,Water Pipit,3714,
english,Water Rail,1936,
english,Water Thick-knee,274,
english,Wattled Crane,215,
english,Wattled Ibis,2200,
english,Wattled Starling,735,
english,Wedge-tailed Jery,3322,
english,Wedge-tailed Shearwater,180,
english,West African Batis,2310,
english,West African Seedeater,4088,
english,West African Swallow,,
english,Western (European) Marsh Harrier,166,
english,Western (Green-) Tinkerbird,,
english,Western Banded Snake Eagle,148,
english,Western Bluebill,1163,
english,Western Bonelli's Warbler,3366,
english,Western Bronze-naped Pigeon,1850,
english,Western Citril,4082,
english,Western Grey Plantain-eater,1702,
english,Western Mountain (Grey-throated) Greenbul,,
english,Western Oriole,2460,
english,Western Red-billed Hornbill,1502,
english,Western Reef Heron (Egret),2190,
english,Western Violet-backed Sunbird,770,
english,Weyns's Weaver,3946,
english,Whimbrel,268,
english,Whinchat,577,
english,Whiskered Tern,305,
english,Whistling Cisticola,3136,
english,White Stork,80,
english,White Wagtail,3816,
english,White-backed Duck,104,
english,White-backed Mousebird,391,
english,White-backed Night Heron,70,
english,White-backed Tit,,
english,White-backed Vulture,107,
english,White-bearded Bulbul (Greenbul),2982,
english,White-bellied (breasted) Sunbird,,
english,White-bellied Bustard,222,
english,White-bellied Canary,4096,
english,White-bellied Crested-Flycatcher,1126,
english,White-bellied Go-away-bird,1698,
english,White-bellied Kingfisher,1062,
english,White-bellied Robin-Chat,2564,
english,White-bellied Storm-Petrel,37,
english,White-bellied Tit,2860,
english,White-billed Buffalo Weaver,3718,
english,White-billed Starling,2808,
english,White-breasted Cuckooshrike,515,
english,White-breasted Guineafowl,1262,
english,White-breasted Mesite,1950,
english,White-breasted Negrofinch,3824,
english,White-browed Coucal,1036,
english,White-browed Crombec,3432,
english,White-browed Forest-Flycatcher,2586,
english,White-browed Robin Chat,580,
english,White-browed Scrub Robin,588,
english,White-browed Sparrow Weaver,780,
english,White-cheeked Tern,938,
english,White-cheeked Turaco,1722,
english,White-chested Alethe,946,
english,White-chested Tinkerbird,,
english,White-chinned Petrel (split),4137,
english,White-chinned Prinia,3180,
english,White-collared Oliveback,3820,
english,White-collared Pigeon,1848,
english,White-collared Starling,2772,
english,White-crested Bittern (Tiger Heron),,
english,White-crested Helmetshrike,727,
english,White-crested Hornbill,,
english,White-crested Turaco,1720,
english,White-crowned Black (White-tailed) Wheatear,2676,
english,White-crowned Cliff-Chat,2728,
english,White-crowned Lapwing (Plover),246,
english,White-crowned Robin-Chat,2566,
english,White-crowned Starling,2834,
english,White-eared Barbet,433,
english,White-eyed Gull,900,
english,White-eyed Slaty Flycatcher,2600,
english,White-faced Storm-Petrel,34,
english,White-faced Whistling Duck,100,
english,White-fronted Bee-eater,409,
english,White-fronted Black-Chat,2652,
english,White-fronted Plover,235,
english,White-fronted Wattle-eye,2396,
english,White-headed (Cretschmar's) Babbler,,
english,White-headed Barbet,960,
english,White-headed Buffalo Weaver,3730,
english,White-headed Duck,1336,
english,White-headed Mousebird,1588,
english,White-headed Petrel,862,
english,White-headed Saw-wing,964,
english,White-headed Vanga,2304,
english,White-headed Vulture,109,
english,White-headed Wood-hoopoe,1516,
english,White-naped Pigeon,1846,
english,White-necked Picathartes (Rockfowl),2534,
english,White-necked Raven,524,
english,White-rumped Babbler (Hartlaubs),,
english,White-rumped Sandpiper,997,
english,White-rumped Seedeater,4104,
english,White-rumped Swift,383,
english,White-shouldered (Black) Tit,2856,
english,White-spectacled Bulbul,3038,
english,White-spotted Flufftail,1944,
english,White-spotted Wattle-eye,2400,
english,White-starred Robin,589,
english,White-tailed Ant Thrush,2660,
english,White-tailed Blue-Flycatcher,2406,
english,White-tailed Cisticola,3162,
english,White-tailed Crested Flycatcher,681,
english,White-tailed Eagle,2130,
english,White-tailed Lark,3528,
english,White-tailed Plover (Lapwing),2014,
english,White-tailed Rubythroat,,
english,White-tailed Shrike (Chatshrike),726,
english,White-tailed Swallow,2894,
english,White-tailed Tropicbird,40,
english,White-tailed Warbler,1154,
english,White-thighed Hornbill,1474,
english,White-throated Bee-eater,1034,
english,White-throated Blue Swallow,2896,
english,White-throated Canary,865,
english,White-throated Dipper,2538,
english,White-throated Francolin,1210,
english,White-throated Greenbul,3002,
english,White-throated Kingfisher,1562,
english,White-throated Mountain-Babbler,3300,
english,White-throated Oxylabes,3354,
english,White-throated Rail,1072,
english,White-throated Robin-Chat,582,
english,White-throated Swallow,495,
english,White-winged (Velvet) Scoter,1322,
english,White-winged Apalis,3068,
english,White-winged Black Tern,304,
english,White-winged Cliff-Chat,2730,
english,White-winged Flufftail,204,
english,White-winged Ibis,2208,
english,White-winged Swamp Warbler,1064,
english,White-winged Widowbird,814,
english,Whooper Swan,1318,
english,Whyte's Barbet,434,
english,Wilkins's Finch,998,
english,Willcocks's Honeyguide,1356,
english,Williams's Lark,3558,
english,Willow Warbler,599,
english,Wilson's Phalarope,929,
english,Wilson's Storm-Petrel,33,
english,Winding Cisticola,4138,
english,Wing-snapping Cisticola,634,
english,Winter Wren,2846,
english,Wire-tailed Swallow,496,
english,Wood (Woodland) Pipit,,
english,Wood Lark,3516,
english,Wood Sandpiper,264,
english,Wood Warbler,947,
english,Woodchat Shrike,976,
english,Woodhouse's (Red-headed) Antpecker,1144,
english,Woodland Kingfisher,399,
english,Woodward's Batis,676,
english,Woodwards' Barbet,,
english,Woolly-necked Stork,77,
english,Xavier's Greenbul,3028,
english,YELLOW-EYED PENGUIN,68,
english,Yellow (West African) Penduline-Tit,2852,
english,Yellow Bishop,810,
english,Yellow Bittern,2194,
english,Yellow Canary,866,
english,Yellow Longbill,3310,
english,Yellow Wagtail,689,
english,Yellow-backed Weaver,3922,
english,Yellow-bearded Bulbul (Greenbul),2984,
english,Yellow-bellied Asity,2268,
english,Yellow-bellied Eremomela,600,
english,Yellow-bellied Greenbul,550,
english,Yellow-bellied Hyliota,670,
english,Yellow-bellied Wattle-eye,1125,
english,Yellow-bellied Waxbill,826,
english,Yellow-billed (Alpine) Chough,2486,
english,Yellow-billed (Verraux's/Black-tip Crested) Turaco,1724,
english,Yellow-billed Barbet,1458,
english,Yellow-billed Cuckoo,1632,
english,Yellow-billed Duck,96,
english,Yellow-billed Egret,60,
english,Yellow-billed Oxpecker,747,
english,Yellow-billed Shrike,2274,
english,Yellow-billed Stork,76,
english,Yellow-breasted Apalis,625,
english,Yellow-breasted Barbet,1456,
english,Yellow-breasted Boubou,1135,
english,Yellow-breasted Pipit,701,
english,Yellow-browed (Inornate) Warbler,3376,
english,Yellow-browed Camaroptera,3094,
english,Yellow-browed Oxylabes,3254,
english,Yellow-browed Seed-eater,,
english,Yellow-capped Weaver,3908,
english,Yellow-casqued (~ Wattled) Hornbill,,
english,Yellow-collared Lovebird,1638,
english,Yellow-crested Helmetshrike,2472,
english,Yellow-crested Woodpecker,1400,
english,Yellow-crowned Bishop,812,
english,Yellow-crowned Canary,4098,
english,Yellow-eyed Black-Flycatcher,2606,
english,Yellow-eyed Bristle-bill,2968,
english,Yellow-footed Flycatcher (Alseonax),2642,
english,Yellow-footed Honeyguide,1360,
english,Yellow-fronted Canary,859,
english,Yellow-fronted Parrot,1654,
english,Yellow-fronted Tinkerbird,437,
english,Yellow-legged Gull,2050,
english,Yellow-legged Malimbe (Weaver),,
english,Yellow-lored (Lesser) Bristle-bill,,
english,Yellow-mantled Weaver,3944,
english,Yellow-mantled Widowbird,815,
english,Yellow-necked (Falkenstein's) Greenbul,1180,
english,Yellow-necked Spurfowl,1236,
english,Yellow-nosed Mollymawk (Albatross),10,
english,Yellow-rumped Tinkerbird,438,
english,Yellow-spotted (Western) Nicator,2996,
english,Yellow-spotted Barbet,1414,
english,Yellow-spotted Petronia,,
english,Yellow-streaked Greenbul,547,
english,Yellow-throated (~ Green) Cuckoo,1598,
english,Yellow-throated Apalis,1103,
english,Yellow-throated Leaflove,,
english,Yellow-throated Longclaw,704,
english,Yellow-throated Nicator,1195,
english,Yellow-throated Petronia (Sparrow),,
english,Yellow-throated Sandgrouse,309,
english,Yellow-throated Seedeater,4100,
english,Yellow-throated Tinkerbird,1448,
english,Yellow-throated Woodland Warbler,671,
english,Yellow-vented Eremomela,3268,
english,Yellow-whiskered Greenbul,1111,
english,Yellowbill,358,
english,Yellowhammer,4030,
english,Yemen Serin,4106,
english,Zanzibar Greenbul (EA coastal race),945,
english,Zanzibar Greenbul (for coastal race see #945),551,
english,Zanzibar Red Bishop,3754,
english,Zebra (Barred ground) Dove,1173,
english,Zenker's Honeyguide,1362,
english,Zitting Cisticola,629,
english_avilist,Abbott's Starling,2820,
english_avilist,Abdim's Stork,78,
english_avilist,Aberdare Cisticola,3108,
english_avilist,Abyssinian Catbird,3362,
english_avilist,Abyssinian Crimsonwing,3726,
english_avilist,Abyssinian Ground Hornbill,1510,
english_avilist,Abyssinian Ground Thrush,2768,
english_avilist,Abyssinian Longclaw,3788,
english_avilist,Abyssinian Owl,1738,
english_avilist,Abyssinian Roller,1530,
english_avilist,Abyssinian Scimitarbill,1526,
english_avilist,Abyssinian Slaty Flycatcher,669,
english_avilist,Abyssinian Thrush,2736,
english_avilist,Abyssinian Wheatear,2682,
english_avilist,Abyssinian White-eye,3198,
english_avilist,Abyssinian Woodpecker,1386,
english_avilist,Acacia Pied Barbet,432,
english_avilist,Adamawa Turtle Dove,1872,
english_avilist,Adelie Penguin,934,
english_avilist,Afep Pigeon,1868,
english_avilist,African Barred Owlet,366,
english_avilist,African Black Duck,95,
english_avilist,African Black Swift,380,
english_avilist,African Blue Flycatcher,1127,
english_avilist,African Broadbill,454,
english_avilist,African Citril,973,
english_avilist,African Collared Dove,1878,
english_avilist,African Crake,199,
english_avilist,African Cuckoo,341,
english_avilist,African Cuckoo-Hawk,127,
english_avilist,African Darter,52,
english_avilist,African Desert Warbler,3402,
english_avilist,African Dusky Flycatcher,655,
english_avilist,African Emerald Cuckoo,350,
english_avilist,African Finfoot,213,
english_avilist,African Firefinch,833,
english_avilist,African Fish Eagle,149,
english_avilist,African Golden Oriole,520,
english_avilist,African Goshawk,160,
english_avilist,African Grass Owl,360,
english_avilist,African Green Pigeon,323,
english_avilist,African Grey Flycatcher,2544,
english_avilist,African Grey Hornbill,424,
english_avilist,African Grey Woodpecker,1392,
english_avilist,African Harrier-Hawk,171,
english_avilist,African Hawk-Eagle,141,
english_avilist,African Hill Babbler,467,
english_avilist,African Hobby,116,
english_avilist,African Houbara,1898,
english_avilist,African Jacana,228,
english_avilist,African Marsh Harrier,167,
english_avilist,African Olive Pigeon,312,
english_avilist,African Openbill,74,
english_avilist,African Oystercatcher,231,
english_avilist,African Palm Swift,387,
english_avilist,African Paradise Flycatcher,682,
english_avilist,African Penguin,2,
english_avilist,African Piculet,1158,
english_avilist,African Pied Wagtail,685,
english_avilist,African Pipit,692,
english_avilist,African Pitta,455,
english_avilist,African Pygmy Goose,92,
english_avilist,African Pygmy Kingfisher,398,
english_avilist,African Rail,197,
english_avilist,African Red-eyed Bulbul,544,
english_avilist,African River Martin,2930,
english_avilist,African Rock Pipit,697,
english_avilist,African Sacred Ibis,81,
english_avilist,African Scops Owl,363,
english_avilist,African Shrike-flycatcher,2456,
english_avilist,African Silverbill,3784,
english_avilist,African Skimmer,306,
english_avilist,African Snipe,250,
english_avilist,African Spoonbill,85,
english_avilist,African Stonechat,576,
english_avilist,African Thrush,1168,
english_avilist,African Wattled Lapwing,247,
english_avilist,African Wood Owl,362,
english_avilist,Ahanta Spurfowl,1216,
english_avilist,Akun Eagle-Owl,1756,
english_avilist,Alaotra Grebe,2172,
english_avilist,Albertine Owlet,1802,
english_avilist,Aldabra Brush Warbler,3330,
english_avilist,Aldabra Drongo,1071,
english_avilist,Algerian Nuthatch,2840,
english_avilist,Allen's Gallinule,209,
english_avilist,Alpine Accentor,3948,
english_avilist,Alpine Chough,2486,
english_avilist,Alpine Swift,386,
english_avilist,Amani Sunbird,3574,
english_avilist,American Golden Plover,922,
english_avilist,American Pipit,3710,
english_avilist,American Wigeon,1270,
english_avilist,Amethyst Sunbird,772,
english_avilist,Amsterdam Albatross,848,
english_avilist,Amur Falcon,119,
english_avilist,Anambra Waxbill,3738,
english_avilist,Anchieta's Barbet,1450,
english_avilist,Anchieta's Sunbird,3578,
english_avilist,Angola Batis,2322,
english_avilist,Angola Cave Chat,2758,
english_avilist,Angola Lark,3530,
english_avilist,Angola Slaty Flycatcher,2602,
english_avilist,Angola Swallow,494,
english_avilist,Anjouan Scops Owl,1772,
english_avilist,Anjouan Sunbird,3632,
english_avilist,Ankober Serin,4090,
english_avilist,Annobon White-eye,3202,
english_avilist,Ansorge's Greenbul,2944,
english_avilist,Ant-eating Chat,575,
english_avilist,Antarctic Petrel,877,
english_avilist,Antarctic Prion,22,
english_avilist,Antarctic Tern,292,
english_avilist,Anteater Chat,2650,
english_avilist,Arabian Babbler,3460,
english_avilist,Arabian Bustard,1894,
english_avilist,Arabian Golden Sparrow,3848,
english_avilist,Archbold's Newtonia,3344,
english_avilist,Archer's Lark,3512,
english_avilist,Arctic Tern,294,
english_avilist,Armenian Gull,2044,
english_avilist,Arnot's Chat,574,
english_avilist,Arrow-marked Babbler,533,
english_avilist,Ascension Frigatebird,2216,
english_avilist,Ashy Cisticola,3124,
english_avilist,Ashy Flycatcher,656,
english_avilist,Ashy Starling,2780,
english_avilist,Ashy Tit,514,
english_avilist,Asian Green Bee-eater,1580,
english_avilist,Asian Woolly-necked Stork,77,
english_avilist,Atlantic Petrel,18,
english_avilist,Atlantic Puffin,2040,
english_avilist,Atlantic White Tern,302,
english_avilist,Atlantic Yellow-nosed Albatross,10,
english_avilist,Audouin's Gull,2048,
english_avilist,Augur Buzzard,153,
english_avilist,Australasian Gannet,43,
english_avilist,Ayres's Hawk-Eagle,140,
english_avilist,Babbling Starling,2802,
english_avilist,Baglafecht Weaver,476,
english_avilist,Baillon's Crake,202,
english_avilist,Baird's Sandpiper,252,
english_avilist,Bamenda Apalis,3062,
english_avilist,Banded Barbet,1434,
english_avilist,Banded Green Sunbird,3594,
english_avilist,Banded Kestrel,2164,
english_avilist,Banded Martin,510,
english_avilist,Banded Parisoma,3356,
english_avilist,Banded Prinia,1155,
english_avilist,Banded Wattle-eye,2470,
english_avilist,Bangwa Forest Warbler,1115,
english_avilist,Bank Cormorant,49,
english_avilist,Bannerman's Sunbird,1088,
english_avilist,Bannerman's Turaco,1712,
english_avilist,Bannerman's Weaver,3894,
english_avilist,Bar-breasted Firefinch,3768,
english_avilist,Bar-tailed Godwit,266,
english_avilist,Bar-tailed Lark,3474,
english_avilist,Bar-tailed Trogon,944,
english_avilist,Bar-throated Apalis,622,
english_avilist,Bar-winged Weaver,795,
english_avilist,Barau's Petrel,2244,
english_avilist,Barbary Partridge,1204,
english_avilist,Bare-cheeked Babbler,537,
english_avilist,Bare-cheeked Trogon,1528,
english_avilist,Bare-eyed Thrush,2750,
english_avilist,Bare-faced Go-away-bird,1700,
english_avilist,Barka Indigobird,3994,
english_avilist,Barn Swallow,493,
english_avilist,Barnacle Goose,1308,
english_avilist,Barratt's Warbler,610,
english_avilist,Barred Long-tailed Cuckoo,923,
english_avilist,Barred Warbler,605,
english_avilist,Barred Wren-Warbler,614,
english_avilist,Basra Reed Warbler,949,
english_avilist,Bat Hawk,131,
english_avilist,Bateleur,151,
english_avilist,Bates's Nightjar,1810,
english_avilist,Bates's Sunbird,3622,
english_avilist,Bates's Swift,1672,
english_avilist,Bates's Weaver,3896,
english_avilist,Baumann's Olive Greenbul,3006,
english_avilist,Bearded Barbet,1426,
english_avilist,Bearded Scrub Robin,585,
english_avilist,Bearded Vulture,150,
english_avilist,Bearded Woodpecker,451,
english_avilist,Beaudouin's Snake Eagle,2116,
english_avilist,Beautiful Sunbird,3686,
english_avilist,Bedford's Paradise Flycatcher,2508,
english_avilist,Beesley's Lark,3490,
english_avilist,Bennett's Woodpecker,446,
english_avilist,Bernier's Teal,1272,
english_avilist,Bernier's Vanga,2458,
english_avilist,Bertram's Weaver,798,
english_avilist,Bimaculated Lark,487,
english_avilist,Black Bee-eater,1570,
english_avilist,Black Bishop,3750,
english_avilist,Black Coucal,353,
english_avilist,Black Crake,203,
english_avilist,Black Crowned Crane,1918,
english_avilist,Black Cuckoo,344,
english_avilist,Black Cuckooshrike,513,
english_avilist,Black Guineafowl,1264,
english_avilist,Black Harrier,169,
english_avilist,Black Heron,64,
english_avilist,Black Kite,128,
english_avilist,Black Noddy,301,
english_avilist,Black Redstart,2696,
english_avilist,Black Saw-wing,511,
english_avilist,Black Scimitarbill,1524,
english_avilist,Black Scrub Robin,2558,
english_avilist,Black Spinetail,1690,
english_avilist,Black Stork,79,
english_avilist,Black Tern,903,
english_avilist,Black Wheatear,2678,
english_avilist,Black-and-rufous Swallow,2898,
english_avilist,Black-and-white Mannikin,824,
english_avilist,Black-and-white Shrike-flycatcher,667,
english_avilist,Black-and-white-casqued Hornbill,1484,
english_avilist,Black-backed Barbet,462,
english_avilist,Black-backed Cisticola,3130,
english_avilist,Black-backed Puffback,712,
english_avilist,Black-bellied Bustard,227,
english_avilist,Black-bellied Firefinch,3778,
english_avilist,Black-bellied Sandgrouse,1964,
english_avilist,Black-bellied Seedcracker,3958,
english_avilist,Black-bellied Starling,740,
english_avilist,Black-bellied Storm Petrel,36,
english_avilist,Black-bellied Sunbird,3684,
english_avilist,Black-billed Barbet,1428,
english_avilist,Black-billed Turaco,1730,
english_avilist,Black-billed Weaver,1151,
english_avilist,Black-billed Wood Dove,1890,
english_avilist,Black-billed Wood Hoopoe,1522,
english_avilist,Black-breasted Barbet,1430,
english_avilist,Black-browed Albatross,8,
english_avilist,Black-capped Apalis,3078,
english_avilist,Black-capped Social Weaver,3954,
english_avilist,Black-capped Speirops,1097,
english_avilist,Black-capped Woodland Warbler,3374,
english_avilist,Black-cheeked Lovebird,331,
english_avilist,Black-cheeked Waxbill,3734,
english_avilist,Black-chested Prinia,650,
english_avilist,Black-chested Snake Eagle,146,
english_avilist,Black-chinned Weaver,3928,
english_avilist,Black-collared Apalis,3084,
english_avilist,Black-collared Barbet,431,
english_avilist,Black-collared Bulbul,1100,
english_avilist,Black-collared Lovebird,1642,
english_avilist,Black-crowned Night Heron,69,
english_avilist,Black-crowned Sparrow-Lark,3502,
english_avilist,Black-crowned Tchagra,715,
english_avilist,Black-crowned Waxbill,1129,
english_avilist,Black-eared Sparrow-Lark,486,
english_avilist,Black-faced Babbler,534,
english_avilist,Black-faced Canary,1066,
english_avilist,Black-faced Firefinch,3776,
english_avilist,Black-faced Rufous Warbler,1114,
english_avilist,Black-faced Sandgrouse,1958,
english_avilist,Black-faced Sheathbill,975,
english_avilist,Black-faced Waxbill,841,
english_avilist,Black-fronted Bushshrike,720,
english_avilist,Black-headed Apalis,623,
english_avilist,Black-headed Bee-eater,1566,
english_avilist,Black-headed Bunting,4036,
english_avilist,Black-headed Canary,861,
english_avilist,Black-headed Gonolek,2428,
english_avilist,Black-headed Gull,933,
english_avilist,Black-headed Heron,55,
english_avilist,Black-headed Lapwing,2020,
english_avilist,Black-headed Oriole,521,
english_avilist,Black-headed Rufous Warbler,3244,
english_avilist,Black-headed Weaver,3922,
english_avilist,Black-legged Kittiwake,925,
english_avilist,Black-lored Babbler,3458,
english_avilist,Black-lored Cisticola,3148,
english_avilist,Black-naped Tern,937,
english_avilist,Black-necked Eremomela,3264,
english_avilist,Black-necked Grebe,5,
english_avilist,Black-necked Wattle-eye,2402,
english_avilist,Black-necked Weaver,1187,
english_avilist,Black-rumped Waxbill,3744,
english_avilist,Black-tailed Cisticola,3144,
english_avilist,Black-tailed Godwit,265,
english_avilist,Black-throated Apalis,3074,
english_avilist,Black-throated Barbet,1472,
english_avilist,Black-throated Canary,860,
english_avilist,Black-throated Coucal,1626,
english_avilist,Black-throated Loon,2222,
english_avilist,Black-throated Wattle-eye,677,
english_avilist,Black-winged Kite,130,
english_avilist,Black-winged Lapwing,243,
english_avilist,Black-winged Lovebird,1644,
english_avilist,Black-winged Oriole,2464,
english_avilist,Black-winged Petrel,1041,
english_avilist,Black-winged Pratincole,282,
english_avilist,Black-winged Red Bishop,809,
english_avilist,Black-winged Stilt,270,
english_avilist,Blackcap Babbler,3454,
english_avilist,Blackcap Illadopsis,3288,
english_avilist,Blacksmith Lapwing,245,
english_avilist,Blackstart,2548,
english_avilist,Blanford's Lark,3478,
english_avilist,Bleating Camaroptera,628,
english_avilist,Blue Coua,1600,
english_avilist,Blue Crane,216,
english_avilist,Blue Korhaan,223,
english_avilist,Blue Malkoha,358,
english_avilist,Blue Petrel,20,
english_avilist,Blue Quail,191,
english_avilist,Blue Rock Thrush,2622,
english_avilist,Blue Swallow,497,
english_avilist,Blue Waxbill,839,
english_avilist,Blue-bellied Roller,1532,
english_avilist,Blue-billed Malimbe,3806,
english_avilist,Blue-breasted Bee-eater,1584,
english_avilist,Blue-breasted Kingfisher,1131,
english_avilist,Blue-capped Cordon-bleu,3976,
english_avilist,Blue-cheeked Bee-eater,405,
english_avilist,Blue-headed Bee-eater,1574,
english_avilist,Blue-headed Coucal,1628,
english_avilist,Blue-headed Crested Flycatcher,2518,
english_avilist,Blue-headed Wood Dove,1892,
english_avilist,Blue-mantled Crested Flycatcher,680,
english_avilist,Blue-naped Mousebird,1590,
english_avilist,Blue-shouldered Robin-Chat,2570,
english_avilist,Blue-spotted Wood Dove,320,
english_avilist,Blue-throated Brown Sunbird,3682,
english_avilist,Blue-throated Roller,1534,
english_avilist,Blue-winged Goose,1314,
english_avilist,Blue-winged Teal,1276,
english_avilist,Bluethroat,2598,
english_avilist,Bob-tailed Weaver,3716,
english_avilist,Bocage's Akalat,1084,
english_avilist,Bocage's Bushshrike,2498,
english_avilist,Bocage's Sunbird,3624,
english_avilist,Bocage's Weaver,3942,
english_avilist,Bokmakierie,722,
english_avilist,Bonelli's Eagle,2134,
english_avilist,Booted Eagle,139,
english_avilist,Boran Cisticola,3112,
english_avilist,Botha's Lark,472,
english_avilist,Boulder Chat,538,
english_avilist,Boyd's Shearwater,2250,
english_avilist,Bradfield's Hornbill,428,
english_avilist,Bradfield's Swift,381,
english_avilist,Brambling,4050,
english_avilist,Brant Goose,1306,
english_avilist,Braun's Bushshrike,2426,
english_avilist,Bridled Tern,936,
english_avilist,Brimstone Canary,863,
english_avilist,Bristle-crowned Starling,2814,
english_avilist,Bristle-nosed Barbet,1418,
english_avilist,Broad-billed Prion,21,
english_avilist,Broad-billed Roller,416,
english_avilist,Broad-billed Sandpiper,981,
english_avilist,Broad-tailed Paradise Whydah,853,
english_avilist,Bronze Mannikin,823,
english_avilist,Bronze Sunbird,752,
english_avilist,Bronze-tailed Starling,2786,
english_avilist,Bronze-winged Courser,280,
english_avilist,Brown Babbler,3452,
english_avilist,Brown Booby,46,
english_avilist,Brown Firefinch,836,
english_avilist,Brown Illadopsis,1181,
english_avilist,Brown Mesite,1948,
english_avilist,Brown Nightjar,1812,
english_avilist,Brown Noddy,303,
english_avilist,Brown Parisoma,3358,
english_avilist,Brown Scrub Robin,584,
english_avilist,Brown Shrike,1083,
english_avilist,Brown Snake Eagle,145,
english_avilist,Brown Twinspot,3722,
english_avilist,Brown Woodland Warbler,3382,
english_avilist,Brown-backed Honeybird,443,
english_avilist,Brown-backed Scrub Robin,2556,
english_avilist,Brown-backed Woodpecker,1410,
english_avilist,Brown-breasted Barbet,1050,
english_avilist,Brown-capped Weaver,1150,
english_avilist,Brown-cheeked Hornbill,1478,
english_avilist,Brown-chested Alethe,1109,
english_avilist,Brown-chested Lapwing,2018,
english_avilist,Brown-crowned Tchagra,714,
english_avilist,Brown-eared Woodpecker,1368,
english_avilist,Brown-headed Apalis,3060,
english_avilist,Brown-headed Parrot,328,
english_avilist,Brown-hooded Kingfisher,402,
english_avilist,Brown-necked Raven,2370,
english_avilist,Brown-rumped Bunting,4020,
english_avilist,Brown-rumped Seedeater,4116,
english_avilist,Brown-tailed Rock Chat,2550,
english_avilist,Brown-throated Martin,509,
english_avilist,Brown-throated Wattle-eye,1148,
english_avilist,Brubru,731,
english_avilist,Bruce's Green Pigeon,1888,
english_avilist,Bubbling Cisticola,3116,
english_avilist,Budgerigar,1102,
english_avilist,Buff-bellied Warbler,3176,
english_avilist,Buff-breasted Sandpiper,926,
english_avilist,Buff-breasted Wheatear,2666,
english_avilist,Buff-crested Bustard,1900,
english_avilist,Buff-spotted Flufftail,206,
english_avilist,Buff-spotted Woodpecker,1188,
english_avilist,Buff-throated Apalis,1099,
english_avilist,Buff-throated Sunbird,3604,
english_avilist,Buffy Pipit,695,
english_avilist,Buller's Albatross,1002,
english_avilist,Bulwer's Petrel,994,
english_avilist,Burchell's Courser,276,
english_avilist,Burchell's Sandgrouse,308,
english_avilist,Burchell's Starling,743,
english_avilist,Burnt-necked Eremomela,601,
english_avilist,Bush Blackcap,542,
english_avilist,Bushveld Pipit,699,
english_avilist,Böhm's Bee-eater,408,
english_avilist,Böhm's Spinetail,389,
english_avilist,Cabanis's Bunting,875,
english_avilist,Cabanis's Greenbul,1086,
english_avilist,Calandra Lark,3518,
english_avilist,Cameroon Indigobird,3988,
english_avilist,Cameroon Olive Greenbul,1146,
english_avilist,Cameroon Olive Pigeon,1864,
english_avilist,Canary Islands Oystercatcher,2008,
english_avilist,Cape Batis,672,
english_avilist,Cape Bulbul,543,
english_avilist,Cape Bunting,873,
english_avilist,Cape Canary,857,
english_avilist,Cape Cormorant,48,
english_avilist,Cape Crow,523,
english_avilist,Cape Eagle-Owl,367,
english_avilist,Cape Gannet,44,
english_avilist,Cape Grassbird,618,
english_avilist,Cape Longclaw,703,
english_avilist,Cape Parrot,4132,
english_avilist,Cape Penduline Tit,531,
english_avilist,Cape Robin-Chat,581,
english_avilist,Cape Rock Thrush,559,
english_avilist,Cape Rockjumper,540,
english_avilist,Cape Shoveler,94,
english_avilist,Cape Siskin,855,
english_avilist,Cape Sparrow,786,
english_avilist,Cape Spurfowl,181,
english_avilist,Cape Starling,737,
english_avilist,Cape Sugarbird,749,
english_avilist,Cape Teal,98,
english_avilist,Cape Verde Petrel,2246,
english_avilist,Cape Verde Shearwater,2228,
english_avilist,Cape Verde Swift,1668,
english_avilist,Cape Verde Warbler,3226,
english_avilist,Cape Vulture,106,
english_avilist,Cape Wagtail,686,
english_avilist,Cape Weaver,799,
english_avilist,Capped Wheatear,568,
english_avilist,Capuchin Babbler,3364,
english_avilist,Cardinal Quelea,807,
english_avilist,Cardinal Woodpecker,450,
english_avilist,Carmelite Sunbird,3608,
english_avilist,Carp's Tit,528,
english_avilist,Carrion Crow,2358,
english_avilist,Carruthers's Cisticola,3118,
english_avilist,Caspian Gull,2050,
english_avilist,Caspian Plover,240,
english_avilist,Caspian Tern,290,
english_avilist,Cassin's Flycatcher,2628,
english_avilist,Cassin's Hawk-Eagle,2144,
english_avilist,Cassin's Honeybird,1364,
english_avilist,Cassin's Malimbe,3796,
english_avilist,Cassin's Spinetail,1684,
english_avilist,Cetti's Warbler,3252,
english_avilist,Chabert Vanga,2444,
english_avilist,Chapin's Apalis,3066,
english_avilist,Chapin's Flycatcher,2638,
english_avilist,Chaplin's Barbet,1424,
english_avilist,Chat Flycatcher,663,
english_avilist,Chatham Albatross,2256,
english_avilist,Chattering Cisticola,3110,
english_avilist,Chestnut Sparrow,3846,
english_avilist,Chestnut Wattle-eye,2398,
english_avilist,Chestnut Weaver,796,
english_avilist,Chestnut-backed Sparrow-Lark,484,
english_avilist,Chestnut-backed Sparrow-Weaver,782,
english_avilist,Chestnut-banded Plover,236,
english_avilist,Chestnut-bellied Sandgrouse,1960,
english_avilist,Chestnut-bellied Starling,2790,
english_avilist,Chestnut-breasted Nigrita,1140,
english_avilist,Chestnut-capped Flycatcher,2410,
english_avilist,Chestnut-crowned Sparrow-Weaver,3878,
english_avilist,Chestnut-flanked Sparrowhawk,2076,
english_avilist,Chestnut-fronted Helmetshrike,729,
english_avilist,Chestnut-headed Flufftail,891,
english_avilist,Chestnut-headed Sparrow-Lark,3504,
english_avilist,Chestnut-throated Apalis,3082,
english_avilist,Chestnut-winged Starling,2804,
english_avilist,Chinspot Batis,673,
english_avilist,Chinstrap Penguin,943,
english_avilist,Chirinda Apalis,927,
english_avilist,Chirping Cisticola,915,
english_avilist,Chocolate-backed Kingfisher,1560,
english_avilist,Chorister Robin-Chat,578,
english_avilist,Christmas Frigatebird,2214,
english_avilist,Chubb's Cisticola,3122,
english_avilist,Chukar Partridge,980,
english_avilist,Churring Cisticola,640,
english_avilist,Cinderella Waxbill,920,
english_avilist,Cinereous Bunting,4026,
english_avilist,Cinereous Vulture,2090,
english_avilist,Cinnamon Bracken Warbler,1107,
english_avilist,Cinnamon Weaver,3892,
english_avilist,Cinnamon-breasted Bunting,872,
english_avilist,Cinnamon-breasted Warbler,613,
english_avilist,Cinnamon-chested Bee-eater,1578,
english_avilist,Cirl Bunting,4028,
english_avilist,Citril Finch,4092,
english_avilist,Citrine Wagtail,1053,
english_avilist,Clamorous Reed Warbler,3236,
english_avilist,Clapperton's Spurfowl,1224,
english_avilist,Cloud Cisticola,631,
english_avilist,Coal Tit,2862,
english_avilist,Coastal Cisticola,3132,
english_avilist,Collared Flycatcher,917,
english_avilist,Collared Kingfisher,1564,
english_avilist,Collared Lark,3536,
english_avilist,Collared Nightjar,1820,
english_avilist,Collared Palm Thrush,593,
english_avilist,Collared Pratincole,281,
english_avilist,Collared Sunbird,771,
english_avilist,Common Blackbird,2742,
english_avilist,Common Bulbul,3036,
english_avilist,Common Buttonquail,196,
english_avilist,Common Buzzard,154,
english_avilist,Common Chiffchaff,1054,
english_avilist,Common Crane,1922,
english_avilist,Common Cuckoo,340,
english_avilist,Common Diving Petrel,38,
english_avilist,Common Goldeneye,1312,
english_avilist,Common Grasshopper Warbler,3306,
english_avilist,Common Greenshank,263,
english_avilist,Common Gull,2052,
english_avilist,Common Hoopoe,1512,
english_avilist,Common Jery,3326,
english_avilist,Common Kestrel,2162,
english_avilist,Common Kingfisher,1552,
english_avilist,Common Loon,2224,
english_avilist,Common Merganser,1328,
english_avilist,Common Moorhen,210,
english_avilist,Common Murre,2072,
english_avilist,Common Myna,734,
english_avilist,Common Newtonia,3346,
english_avilist,Common Nightingale,2596,
english_avilist,Common Ostrich,1,
english_avilist,Common Pochard,1296,
english_avilist,Common Quail,189,
english_avilist,Common Redshank,261,
english_avilist,Common Redstart,1004,
english_avilist,Common Reed Bunting,4044,
english_avilist,Common Reed Warbler,911,
english_avilist,Common Ringed Plover,233,
english_avilist,Common Rock Thrush,2618,
english_avilist,Common Rosefinch,4014,
english_avilist,Common Sandpiper,258,
english_avilist,Common Scimitarbill,421,
english_avilist,Common Scoter,1324,
english_avilist,Common Shelduck,1342,
english_avilist,Common Snipe,957,
english_avilist,Common Starling,733,
english_avilist,Common Sunbird-Asity,2266,
english_avilist,Common Swift,378,
english_avilist,Common Tern,291,
english_avilist,Common Waxbill,843,
english_avilist,Common Whitethroat,594,
english_avilist,Common Wood Pigeon,1858,
english_avilist,Comoro Blue Pigeon,1844,
english_avilist,Comoro Fody,1069,
english_avilist,Comoro Olive Pigeon,1862,
english_avilist,Comoro Thrush,2738,
english_avilist,Compact Weaver,3830,
english_avilist,Congo Martin,2932,
english_avilist,Congo Moor Chat,2656,
english_avilist,Congo Peafowl,1202,
english_avilist,Congo Serpent Eagle,2124,
english_avilist,Copper Sunbird,754,
english_avilist,Coppery-tailed Coucal,354,
english_avilist,Coquerel's Coua,1602,
english_avilist,Coqui Francolin,173,
english_avilist,Corn Bunting,4054,
english_avilist,Corn Crake,198,
english_avilist,Crab-plover,273,
english_avilist,Cream-colored Courser,2024,
english_avilist,Crested Barbet,439,
english_avilist,Crested Coua,1604,
english_avilist,Crested Drongo,2376,
english_avilist,Crested Francolin,174,
english_avilist,Crested Honey Buzzard,2140,
english_avilist,Crested Lark,3506,
english_avilist,Crested Malimbe,3804,
english_avilist,Cretzschmar's Bunting,4022,
english_avilist,Cricket Warbler,3194,
english_avilist,Crimson Seedcracker,3956,
english_avilist,Crimson-breasted Shrike,711,
english_avilist,Crimson-rumped Waxbill,817,
english_avilist,Crimson-winged Finch,4068,
english_avilist,Croaking Cisticola,647,
english_avilist,Crossley's Ground Thrush,2764,
english_avilist,Crossley's Vanga,3320,
english_avilist,Crowned Cormorant,51,
english_avilist,Crowned Eagle,143,
english_avilist,Crowned Hornbill,427,
english_avilist,Crowned Lapwing,242,
english_avilist,Crowned Sandgrouse,1956,
english_avilist,Cryptic Warbler,3256,
english_avilist,Cuckoo-finch,854,
english_avilist,Cuckoo-roller,1546,
english_avilist,Curlew Sandpiper,251,
english_avilist,Cut-throat Finch,821,
english_avilist,Cyprus Warbler,3412,
english_avilist,Cyprus Wheatear,2668,
english_avilist,D'Arnaud's Barbet,1452,
english_avilist,Dalmatian Pelican,2212,
english_avilist,Damara Red-billed Hornbill,1185,
english_avilist,Damara Tern,300,
english_avilist,Dambo Cisticola,3126,
english_avilist,Dark Chanting Goshawk,163,
english_avilist,Dark Newtonia,3342,
english_avilist,Dark-backed Weaver,790,
english_avilist,Dartford Warbler,3422,
english_avilist,Dead Sea Sparrow,3862,
english_avilist,Demoiselle Crane,1920,
english_avilist,Denham's Bustard,219,
english_avilist,Desert Cisticola,630,
english_avilist,Desert Finch,4066,
english_avilist,Desert Lark,3476,
english_avilist,Desert Sparrow,3868,
english_avilist,Desert Wheatear,2670,
english_avilist,Dickinson's Kestrel,121,
english_avilist,Diederik Cuckoo,352,
english_avilist,Dja River Scrub Warbler,3248,
english_avilist,Djibouti Spurfowl,1242,
english_avilist,Doherty's Bushshrike,2500,
english_avilist,Donaldson Smith's Nightjar,1818,
english_avilist,Donaldson Smith's Sparrow-Weaver,3876,
english_avilist,Dorst's Cisticola,3128,
english_avilist,Double-banded Courser,278,
english_avilist,Double-banded Sandgrouse,310,
english_avilist,Double-spurred Spurfowl,1218,
english_avilist,Double-toothed Barbet,1422,
english_avilist,Drakensberg Rockjumper,1038,
english_avilist,Drakensberg Siskin,856,
english_avilist,Dune Lark,480,
english_avilist,Dunlin,896,
english_avilist,Dunn's Lark,3494,
english_avilist,Dunnock,3950,
english_avilist,Dupont's Lark,3492,
english_avilist,Dusky Babbler,3464,
english_avilist,Dusky Crested Flycatcher,1128,
english_avilist,Dusky Crimsonwing,3724,
english_avilist,Dusky Indigobird,849,
english_avilist,Dusky Lark,464,
english_avilist,Dusky Long-tailed Cuckoo,1592,
english_avilist,Dusky Sunbird,764,
english_avilist,Dusky Tit,2870,
english_avilist,Dusky Turtle Dove,1874,
english_avilist,Dusky Twinspot,3758,
english_avilist,Dusky Warbler,3372,
english_avilist,Dusky-blue Flycatcher,2630,
english_avilist,Dwarf Bittern,66,
english_avilist,Dwarf Honeyguide,1354,
english_avilist,Dybowski's Twinspot,3760,
english_avilist,East Coast Akalat,591,
english_avilist,Eastern Bearded Greenbul,1121,
english_avilist,Eastern Black-headed Batis,2320,
english_avilist,Eastern Bronze-naped Pigeon,313,
english_avilist,Eastern Chanting Goshawk,2136,
english_avilist,Eastern Crested Guineafowl,193,
english_avilist,Eastern Double-collared Sunbird,767,
english_avilist,Eastern Golden Weaver,800,
english_avilist,Eastern Imperial Eagle,2096,
english_avilist,Eastern Nicator,725,
english_avilist,Eastern Olivaceous Warbler,3278,
english_avilist,Eastern Orphean Warbler,3398,
english_avilist,Eastern Plantain-eater,1704,
english_avilist,Eastern Violet-backed Sunbird,3588,
english_avilist,Eastern Yellow-billed Barbet,1458,
english_avilist,Eastern Yellow-billed Hornbill,1494,
english_avilist,Eaton's Pintail,1292,
english_avilist,Echo Parakeet,1042,
english_avilist,Egyptian Goose,89,
english_avilist,Egyptian Nightjar,1808,
english_avilist,Egyptian Plover,2032,
english_avilist,Egyptian Vulture,111,
english_avilist,Elegant Tern,4143,
english_avilist,Eleonora's Falcon,992,
english_avilist,Elliot's Woodpecker,1404,
english_avilist,Emerald-spotted Wood Dove,321,
english_avilist,Emin's Shrike,2286,
english_avilist,Emperor Penguin,890,
english_avilist,Equatorial Akalat,2710,
english_avilist,Erckel's Spurfowl,1226,
english_avilist,Ethiopian Bushcrow,2530,
english_avilist,Ethiopian Cisticola,3140,
english_avilist,Ethiopian Oriole,2462,
english_avilist,Ethiopian Siskin,4108,
english_avilist,Ethiopian Swallow,2886,
english_avilist,Ethiopian White-eye,3214,
english_avilist,Eurasian Bittern,71,
english_avilist,Eurasian Blackcap,969,
english_avilist,Eurasian Bullfinch,4062,
english_avilist,Eurasian Chaffinch,870,
english_avilist,Eurasian Collared Dove,1870,
english_avilist,Eurasian Coot,1930,
english_avilist,Eurasian Crag Martin,2904,
english_avilist,Eurasian Curlew,267,
english_avilist,Eurasian Dotterel,2006,
english_avilist,Eurasian Eagle-Owl,1752,
english_avilist,Eurasian Golden Oriole,519,
english_avilist,Eurasian Hobby,115,
english_avilist,Eurasian Jay,2416,
english_avilist,Eurasian Magpie,2468,
english_avilist,Eurasian Oystercatcher,894,
english_avilist,Eurasian Penduline Tit,2880,
english_avilist,Eurasian Scops Owl,1790,
english_avilist,Eurasian Siskin,4012,
english_avilist,Eurasian Skylark,3470,
english_avilist,Eurasian Sparrowhawk,1006,
english_avilist,Eurasian Spoonbill,2210,
english_avilist,Eurasian Stone-curlew,1998,
english_avilist,Eurasian Tree Sparrow,3864,
english_avilist,Eurasian Whimbrel,268,
english_avilist,Eurasian Wigeon,1280,
english_avilist,Eurasian Woodcock,1992,
english_avilist,Eurasian Wren,2846,
english_avilist,Eurasian Wryneck,1402,
english_avilist,European Bee-eater,404,
english_avilist,European Golden Plover,2010,
english_avilist,European Goldfinch,4004,
english_avilist,European Greenfinch,4006,
english_avilist,European Herring Gull,931,
english_avilist,European Honey Buzzard,132,
english_avilist,European Nightjar,371,
english_avilist,European Pied Flycatcher,1022,
english_avilist,European Robin,2580,
english_avilist,European Rock Pipit,3702,
english_avilist,European Roller,412,
english_avilist,European Serin,4112,
english_avilist,European Shag,2176,
english_avilist,European Storm Petrel,30,
english_avilist,European Turtle Dove,1005,
english_avilist,Evergreen Forest Warbler,1106,
english_avilist,Fairy Flycatcher,678,
english_avilist,Fairy Prion,879,
english_avilist,Falkenstein's Greenbul,1180,
english_avilist,Familiar Chat,570,
english_avilist,Fan-tailed Grassbird,616,
english_avilist,Fan-tailed Raven,2368,
english_avilist,Fan-tailed Widowbird,816,
english_avilist,Fanti Saw-wing,2928,
english_avilist,Fawn-breasted Waxbill,1090,
english_avilist,Fernando Po Batis,2328,
english_avilist,Fernando Po Speirops,3196,
english_avilist,Ferruginous Duck,1304,
english_avilist,Fieldfare,2746,
english_avilist,Fiery-breasted Bushshrike,2448,
english_avilist,Fiery-necked Nightjar,373,
english_avilist,Fine-spotted Woodpecker,1374,
english_avilist,Finsch's Francolin,1252,
english_avilist,Finsch's Wheatear,2672,
english_avilist,Fire-bellied Woodpecker,1396,
english_avilist,Fire-crested Alethe,2540,
english_avilist,Fire-fronted Bishop,3746,
english_avilist,Fiscal Flycatcher,665,
english_avilist,Fischer's Greenbul,2998,
english_avilist,Fischer's Lovebird,1636,
english_avilist,Fischer's Sparrow-Lark,3500,
english_avilist,Fischer's Starling,2836,
english_avilist,Fischer's Turaco,1716,
english_avilist,Flappet Lark,468,
english_avilist,Flesh-footed Shearwater,881,
english_avilist,Forbes's Plover,956,
english_avilist,Forbes-Watson's Swift,1674,
english_avilist,Forest Buzzard,155,
english_avilist,Forest Canary,858,
english_avilist,Forest Double-collared Sunbird,3598,
english_avilist,Forest Fody,3764,
english_avilist,Forest Penduline Tit,2848,
english_avilist,Forest Rock Thrush,2620,
english_avilist,Forest Scrub Robin,1182,
english_avilist,Forest Swallow,2888,
english_avilist,Forest White-eye,3218,
english_avilist,Forest Wood Hoopoe,1518,
english_avilist,Fork-tailed Drongo,517,
english_avilist,Four-banded Sandgrouse,1968,
english_avilist,Fox Kestrel,2152,
english_avilist,Fox's Weaver,3936,
english_avilist,Foxy Cisticola,3164,
english_avilist,Franklin's Gull,932,
english_avilist,Fraser's Eagle-Owl,1758,
english_avilist,Fraser's Forest Flycatcher,2588,
english_avilist,Freckled Nightjar,374,
english_avilist,Friedmann's Lark,3552,
english_avilist,Fulmar Prion,991,
english_avilist,Fulvous Whistling Duck,101,
english_avilist,Fynbos Buttonquail,4128,
english_avilist,Fülleborn's Boubou,732,
english_avilist,Gabar Goshawk,162,
english_avilist,Gabela Akalat,1184,
english_avilist,Gabela Bushshrike,2422,
english_avilist,Gabela Helmetshrike,2476,
english_avilist,Gabon Batis,2318,
english_avilist,Gabon Coucal,1624,
english_avilist,Gabon Woodpecker,1390,
english_avilist,Gadwall,1282,
english_avilist,Gambaga Flycatcher,2634,
english_avilist,Garden Warbler,595,
english_avilist,Garganey,885,
english_avilist,Gentoo Penguin,958,
english_avilist,Giant Coua,1610,
english_avilist,Giant Kingfisher,395,
english_avilist,Giant Weaver,1149,
english_avilist,Gillett's Lark,3542,
english_avilist,Glaucous Gull,2060,
english_avilist,Glaucous-winged Gull,2056,
english_avilist,Glossy Ibis,83,
english_avilist,Goldcrest,2936,
english_avilist,Golden Eagle,2094,
english_avilist,Golden Greenbul,2970,
english_avilist,Golden Nightjar,1822,
english_avilist,Golden Palm Weaver,3898,
english_avilist,Golden Pipit,702,
english_avilist,Golden-backed Bishop,1179,
english_avilist,Golden-backed Weaver,3916,
english_avilist,Golden-breasted Bunting,874,
english_avilist,Golden-breasted Starling,2778,
english_avilist,Golden-naped Weaver,3890,
english_avilist,Golden-tailed Woodpecker,447,
english_avilist,Golden-winged Sunbird,1118,
english_avilist,Goliath Heron,56,
english_avilist,Gorgeous Bushshrike,721,
english_avilist,Gosling's Apalis,3072,
english_avilist,Gough Finch,794,
english_avilist,Graceful Prinia,3186,
english_avilist,Grande Comore Brush Warbler,3332,
english_avilist,Grande Comore Bulbul,2992,
english_avilist,Grande Comore Drongo,2378,
english_avilist,Grant's Bluebill,3970,
english_avilist,Grasshopper Buzzard,2100,
english_avilist,Grauer's Broadbill,2260,
english_avilist,Grauer's Swamp Warbler,3250,
english_avilist,Grauer's Warbler,3172,
english_avilist,Gray's Lark,483,
english_avilist,Great Black-backed Gull,2064,
english_avilist,Great Blue Turaco,1696,
english_avilist,Great Bustard,1914,
english_avilist,Great Cormorant,47,
english_avilist,Great Crested Grebe,4,
english_avilist,Great Egret,58,
english_avilist,Great Frigatebird,53,
english_avilist,Great Grey Shrike,2282,
english_avilist,Great Knot,1980,
english_avilist,Great Reed Warbler,603,
english_avilist,Great Shearwater,25,
english_avilist,Great Skua,2038,
english_avilist,Great Snipe,249,
english_avilist,Great Sparrow,785,
english_avilist,Great Spotted Cuckoo,346,
english_avilist,Great Spotted Woodpecker,1378,
english_avilist,Great Tit,1186,
english_avilist,Great White Pelican,42,
english_avilist,Great-winged Petrel,16,
english_avilist,Greater Blue-eared Starling,738,
english_avilist,Greater Double-collared Sunbird,758,
english_avilist,Greater Flamingo,86,
english_avilist,Greater Honeyguide,440,
english_avilist,Greater Hoopoe-Lark,3466,
english_avilist,Greater Kestrel,122,
english_avilist,Greater Painted-snipe,230,
english_avilist,Greater Sand Plover,239,
english_avilist,Greater Scaup,1302,
english_avilist,Greater Short-toed Lark,3486,
english_avilist,Greater Spotted Eagle,1098,
english_avilist,Greater Striped Swallow,502,
english_avilist,Greater Swamp Warbler,912,
english_avilist,Greater Vasa Parrot,1648,
english_avilist,Greater White-fronted Goose,1284,
english_avilist,Greater Yellowlegs,1008,
english_avilist,Green Barbet,435,
english_avilist,Green Crombec,3436,
english_avilist,Green Hylia,3282,
english_avilist,Green Jery,3328,
english_avilist,Green Longtail,1169,
english_avilist,Green Malkoha,1596,
english_avilist,Green Sandpiper,259,
english_avilist,Green Tinkerbird,905,
english_avilist,Green Twinspot,827,
english_avilist,Green Wood Hoopoe,419,
english_avilist,Green-backed Eremomela,3262,
english_avilist,Green-backed Honeybird,444,
english_avilist,Green-backed Woodpecker,449,
english_avilist,Green-breasted Bushshrike,2450,
english_avilist,Green-breasted Pitta,2258,
english_avilist,Green-capped Eremomela,602,
english_avilist,Green-headed Oriole,909,
english_avilist,Green-headed Sunbird,1068,
english_avilist,Green-tailed Bristlebill,2964,
english_avilist,Green-throated Sunbird,1116,
english_avilist,Green-winged Pytilia,830,
english_avilist,Green-winged Teal,1274,
english_avilist,Grey Apalis,3070,
english_avilist,Grey Crowned Crane,214,
english_avilist,Grey Cuckooshrike,516,
english_avilist,Grey Ground Thrush,2770,
english_avilist,Grey Heron,54,
english_avilist,Grey Hypocolius,3046,
english_avilist,Grey Kestrel,889,
english_avilist,Grey Longbill,3308,
english_avilist,Grey Parrot,1664,
english_avilist,Grey Penduline Tit,530,
english_avilist,Grey Petrel,24,
english_avilist,Grey Plover,241,
english_avilist,Grey Pratincole,2028,
english_avilist,Grey Sunbird,765,
english_avilist,Grey Wagtail,690,
english_avilist,Grey Wren-Warbler,3090,
english_avilist,Grey-backed Fiscal,2284,
english_avilist,Grey-backed Sparrow-Lark,485,
english_avilist,Grey-backed Storm Petrel,35,
english_avilist,Grey-breasted Spurfowl,1244,
english_avilist,Grey-capped Social Weaver,3952,
english_avilist,Grey-capped Warbler,3170,
english_avilist,Grey-chested Babbler,1133,
english_avilist,Grey-crested Helmetshrike,2478,
english_avilist,Grey-headed Albatross,9,
english_avilist,Grey-headed Batis,2324,
english_avilist,Grey-headed Bristlebill,2962,
english_avilist,Grey-headed Broadbill,2264,
english_avilist,Grey-headed Bushshrike,723,
english_avilist,Grey-headed Greenbul,3020,
english_avilist,Grey-headed Gull,288,
english_avilist,Grey-headed Kingfisher,401,
english_avilist,Grey-headed Lovebird,1634,
english_avilist,Grey-headed Nigrita,1141,
english_avilist,Grey-headed Oliveback,3822,
english_avilist,Grey-headed Silverbill,3966,
english_avilist,Grey-headed Sunbird,3570,
english_avilist,Grey-headed Woodpecker,1384,
english_avilist,Grey-necked Rockfowl,2536,
english_avilist,Grey-olive Greenbul,965,
english_avilist,Grey-rumped Swallow,499,
english_avilist,Grey-striped Spurfowl,1228,
english_avilist,Grey-throated Barbet,1416,
english_avilist,Grey-throated Rail,1928,
english_avilist,Grey-throated Tit-Flycatcher,2648,
english_avilist,Grey-winged Francolin,176,
english_avilist,Grey-winged Robin-Chat,1085,
english_avilist,Greyish Eagle-Owl,1754,
english_avilist,Greylag Goose,1286,
english_avilist,Griffon Vulture,2128,
english_avilist,Grimwood's Longclaw,3790,
english_avilist,Ground Woodpecker,445,
english_avilist,Groundscraper Thrush,557,
english_avilist,Guinea Turaco,1726,
english_avilist,Gull-billed Tern,902,
english_avilist,Gurney's Sugarbird,750,
english_avilist,Hadada Ibis,84,
english_avilist,Hairy-breasted Barbet,1468,
english_avilist,Half-collared Kingfisher,396,
english_avilist,Hamerkop,72,
english_avilist,Handsome Spurfowl,1240,
english_avilist,Harlequin Quail,190,
english_avilist,Hartlaub's Babbler,535,
english_avilist,Hartlaub's Bustard,1906,
english_avilist,Hartlaub's Duck,1338,
english_avilist,Hartlaub's Gull,289,
english_avilist,Hartlaub's Spurfowl,184,
english_avilist,Hartlaub's Turaco,1718,
english_avilist,Harwood's Spurfowl,1230,
english_avilist,Hawfinch,4018,
english_avilist,Helmet Vanga,2412,
english_avilist,Helmeted Guineafowl,192,
english_avilist,Hemprich's Hornbill,1498,
english_avilist,Hen Harrier,2120,
english_avilist,Henst's Goshawk,2084,
english_avilist,Herero Chat,660,
english_avilist,Heuglin's Bustard,1910,
english_avilist,Heuglin's Masked Weaver,3914,
english_avilist,Heuglin's Spurfowl,1232,
english_avilist,Heuglin's Wheatear,2664,
english_avilist,Hildebrandt's Starling,2788,
english_avilist,Hinde's Babbler,3444,
english_avilist,Holub's Golden Weaver,801,
english_avilist,Honeyguide Greenbul,1113,
english_avilist,Hooded Vulture,110,
english_avilist,Hooded Wheatear,2686,
english_avilist,Hook-billed Vanga,2522,
english_avilist,Horned Grebe,2166,
english_avilist,Horned Lark,3496,
english_avilist,Horus Swift,384,
english_avilist,House Crow,989,
english_avilist,House Sparrow,784,
english_avilist,Hudsonian Godwit,1009,
english_avilist,Humblot's Flycatcher,2590,
english_avilist,Humblot's Heron,2186,
english_avilist,Humblot's Sunbird,3642,
english_avilist,Hunter's Cisticola,632,
english_avilist,Hunter's Sunbird,3610,
english_avilist,Iago Sparrow,3856,
english_avilist,Ibadan Malimbe,3802,
english_avilist,Iberian Chiffchaff,3368,
english_avilist,Iberian Grey Shrike,2294,
english_avilist,Icterine Greenbul,1145,
english_avilist,Icterine Warbler,596,
english_avilist,Inaccessible Island Finch,4056,
english_avilist,Inaccessible Island Rail,999,
english_avilist,Indian Peafowl,1021,
english_avilist,Indian Yellow-nosed Albatross,1079,
english_avilist,Iringa Akalat,2714,
english_avilist,Isabelline Shrike,2288,
english_avilist,Isabelline Wheatear,1010,
english_avilist,Island Bronze-naped Pigeon,1852,
english_avilist,Ituri Batis,2314,
english_avilist,Jack Snipe,1988,
english_avilist,Jackal Buzzard,152,
english_avilist,Jackson's Hornbill,1500,
english_avilist,Jackson's Widowbird,3752,
english_avilist,Jacobin Cuckoo,348,
english_avilist,Jambandu Indigobird,3998,
english_avilist,Jameson's Firefinch,835,
english_avilist,Jameson's Wattle-eye,2404,
english_avilist,Java Sparrow,4058,
english_avilist,Johanna's Sunbird,3644,
english_avilist,Jos Plateau Indigobird,3980,
english_avilist,Jouanin's Petrel,1011,
english_avilist,Joyful Greenbul,2972,
english_avilist,Juba Weaver,3906,
english_avilist,Kabobo Apalis,3052,
english_avilist,Kalahari Scrub Robin,586,
english_avilist,Kandt's Waxbill,3740,
english_avilist,Karamoja Apalis,3076,
english_avilist,Karoo Chat,566,
english_avilist,Karoo Eremomela,626,
english_avilist,Karoo Korhaan,220,
english_avilist,Karoo Lark,461,
english_avilist,Karoo Prinia,4139,
english_avilist,Karoo Scrub Robin,583,
english_avilist,Karoo Thrush,1104,
english_avilist,Karthala Scops Owl,1784,
english_avilist,Karthala White-eye,3210,
english_avilist,Katanga Masked Weaver,3882,
english_avilist,Kelp Gull,287,
english_avilist,Kemp's Longbill,3312,
english_avilist,Kenrick's Starling,2824,
english_avilist,Kentish Plover,2002,
english_avilist,Kenya Sparrow,3840,
english_avilist,Kerguelen Petrel,950,
english_avilist,Kerguelen Tern,970,
english_avilist,Kermadec Petrel,4121,
english_avilist,Kilifi Weaver,3912,
english_avilist,Kilombero Cisticola,3158,
english_avilist,Kilombero Weaver,3900,
english_avilist,King Penguin,987,
english_avilist,Kittlitz's Plover,237,
english_avilist,Klaas's Cuckoo,351,
english_avilist,Knob-billed Duck,91,
english_avilist,Knysna Warbler,611,
english_avilist,Knysna Woodpecker,448,
english_avilist,Kordofan Lark,3538,
english_avilist,Kordofan Sparrow,3844,
english_avilist,Kori Bustard,217,
english_avilist,Kretschmer's Longbill,3314,
english_avilist,Kungwe Apalis,3054,
english_avilist,Kurdish Wheatear,2692,
english_avilist,Kurrichane Thrush,552,
english_avilist,Lafresnaye's Vanga,2528,
english_avilist,Lagden's Bushshrike,2452,
english_avilist,Lanner Falcon,114,
english_avilist,Lapland Longspur,4000,
english_avilist,Lappet-faced Vulture,108,
english_avilist,Large Rock Martin,506,
english_avilist,Large-billed Lark,463,
english_avilist,Lark-like Bunting,871,
english_avilist,Latham's Francolin,1212,
english_avilist,Laughing Dove,317,
english_avilist,Laughing Gull,2046,
english_avilist,Laura's Woodland Warbler,1091,
english_avilist,Lavender Waxbill,3742,
english_avilist,Laysan Albatross,1012,
english_avilist,Leach's Storm Petrel,31,
english_avilist,Leaf-love,3022,
english_avilist,Least Honeyguide,1132,
english_avilist,Lemon Dove,322,
english_avilist,Lemon-bellied Crombec,3428,
english_avilist,Lemon-breasted Canary,921,
english_avilist,Lesser Black-backed Gull,4136,
english_avilist,Lesser Blue-eared Starling,739,
english_avilist,Lesser Crested Tern,297,
english_avilist,Lesser Cuckoo,4130,
english_avilist,Lesser Flamingo,87,
english_avilist,Lesser Frigatebird,1013,
english_avilist,Lesser Grey Shrike,706,
english_avilist,Lesser Honeyguide,442,
english_avilist,Lesser Hoopoe-Lark,3468,
english_avilist,Lesser Jacana,229,
english_avilist,Lesser Kestrel,125,
english_avilist,Lesser Masked Weaver,792,
english_avilist,Lesser Moorhen,211,
english_avilist,Lesser Noddy,939,
english_avilist,Lesser Spotted Eagle,136,
english_avilist,Lesser Spotted Woodpecker,1380,
english_avilist,Lesser Striped Swallow,503,
english_avilist,Lesser Swamp Warbler,604,
english_avilist,Lesser Vasa Parrot,1646,
english_avilist,Lesser White-fronted Goose,1288,
english_avilist,Lesser Whitethroat,3400,
english_avilist,Lesser Yellowlegs,1014,
english_avilist,Levaillant's Cisticola,646,
english_avilist,Levaillant's Cuckoo,347,
english_avilist,Levaillant's Woodpecker,1412,
english_avilist,Levant Sparrowhawk,2074,
english_avilist,Lichtenstein's Sandgrouse,1962,
english_avilist,Light-mantled Albatross,876,
english_avilist,Lilac-breasted Roller,413,
english_avilist,Lilian's Lovebird,332,
english_avilist,Little Auk,2036,
english_avilist,Little Bee-eater,410,
english_avilist,Little Bittern,67,
english_avilist,Little Blue Heron,1015,
english_avilist,Little Brown Bustard,1908,
english_avilist,Little Bunting,4040,
english_avilist,Little Bustard,1916,
english_avilist,Little Crake,1934,
english_avilist,Little Egret,59,
english_avilist,Little Grebe,6,
english_avilist,Little Green Sunbird,3670,
english_avilist,Little Greenbul,565,
english_avilist,Little Grey Flycatcher,2632,
english_avilist,Little Grey Greenbul,2950,
english_avilist,Little Grey Woodpecker,1388,
english_avilist,Little Gull,2068,
english_avilist,Little Owl,1746,
english_avilist,Little Ringed Plover,955,
english_avilist,Little Rock Thrush,2616,
english_avilist,Little Rush Warbler,609,
english_avilist,Little Shearwater,27,
english_avilist,Little Sparrowhawk,158,
english_avilist,Little Stint,253,
english_avilist,Little Swift,385,
english_avilist,Little Tern,299,
english_avilist,Little Weaver,3918,
english_avilist,Little Yellow Flycatcher,2408,
english_avilist,Littoral Rock Thrush,2614,
english_avilist,Livingstone's Flycatcher,679,
english_avilist,Lizard Buzzard,144,
english_avilist,Loango Weaver,3938,
english_avilist,Locust Finch,845,
english_avilist,Long-billed Crombec,621,
english_avilist,Long-billed Dowitcher,1986,
english_avilist,Long-billed Pipit,693,
english_avilist,Long-crested Eagle,138,
english_avilist,Long-eared Owl,1744,
english_avilist,Long-legged Buzzard,979,
english_avilist,Long-legged Pipit,3700,
english_avilist,Long-tailed Cisticola,3102,
english_avilist,Long-tailed Fiscal,2278,
english_avilist,Long-tailed Glossy Starling,2784,
english_avilist,Long-tailed Ground Roller,1544,
english_avilist,Long-tailed Hawk,2146,
english_avilist,Long-tailed Jaeger,930,
english_avilist,Long-tailed Nightjar,1816,
english_avilist,Long-tailed Paradise Whydah,852,
english_avilist,Long-tailed Widowbird,818,
english_avilist,Long-toed Lapwing,248,
english_avilist,Long-toed Stint,972,
english_avilist,Loveridge's Sunbird,3648,
english_avilist,Lowland Akalat,2712,
english_avilist,Lowland Masked Apalis,3064,
english_avilist,Lowland Sooty Boubou,2432,
english_avilist,Lowland Tiny Greenbul,548,
english_avilist,Luapula Cisticola,3138,
english_avilist,Ludwig's Bustard,218,
english_avilist,Lynes's Cisticola,3104,
english_avilist,Lyre-tailed Honeyguide,1358,
english_avilist,Lühder's Bushshrike,2436,
english_avilist,Macaroni Penguin,983,
english_avilist,Maccoa Duck,103,
english_avilist,Mackinnon's Shrike,2290,
english_avilist,Madagascar Blue Pigeon,1842,
english_avilist,Madagascar Blue Vanga,2372,
english_avilist,Madagascar Buttonquail,1348,
english_avilist,Madagascar Buzzard,2108,
english_avilist,Madagascar Cisticola,3120,
english_avilist,Madagascar Cuckoo,1620,
english_avilist,Madagascar Cuckoo-Hawk,2098,
english_avilist,Madagascar Fish Eagle,2132,
english_avilist,Madagascar Flufftail,1942,
english_avilist,Madagascar Grebe,2170,
english_avilist,Madagascar Green Pigeon,1882,
english_avilist,Madagascar Harrier-Hawk,2142,
english_avilist,Madagascar Hoopoe,1514,
english_avilist,Madagascar Ibis,2208,
english_avilist,Madagascar Jacana,1996,
english_avilist,Madagascar Lark,3544,
english_avilist,Madagascar Magpie-Robin,2562,
english_avilist,Madagascar Nightjar,1828,
english_avilist,Madagascar Owl,1742,
english_avilist,Madagascar Partridge,1208,
english_avilist,Madagascar Pochard,1300,
english_avilist,Madagascar Pratincole,898,
english_avilist,Madagascar Pygmy Kingfisher,1558,
english_avilist,Madagascar Rail,1938,
english_avilist,Madagascar Sandgrouse,1966,
english_avilist,Madagascar Scops Owl,1788,
english_avilist,Madagascar Serpent Eagle,2126,
english_avilist,Madagascar Snipe,1982,
english_avilist,Madagascar Sparrowhawk,2086,
english_avilist,Madagascar Spinetail,1692,
english_avilist,Madagascar Starling,2830,
english_avilist,Madagascar Swamp Warbler,3230,
english_avilist,Madagascar Yellowbrow,3254,
english_avilist,Magellanic Penguin,2220,
english_avilist,Magnificent Frigatebird,2218,
english_avilist,Magpie Mannikin,822,
english_avilist,Magpie Shrike,2300,
english_avilist,Magpie Starling,2832,
english_avilist,Malachite Kingfisher,397,
english_avilist,Malachite Sunbird,751,
english_avilist,Malagasy Black Swift,1670,
english_avilist,Malagasy Brush Warbler,3340,
english_avilist,Malagasy Bulbul,1070,
english_avilist,Malagasy Coucal,1630,
english_avilist,Malagasy Kestrel,2160,
english_avilist,Malagasy Paradise Flycatcher,2514,
english_avilist,Malagasy Pond Heron,883,
english_avilist,Malagasy White-eye,1075,
english_avilist,Malawi Batis,2306,
english_avilist,Malindi Pipit,3698,
english_avilist,Mallard,1016,
english_avilist,Mandarin Duck,1017,
english_avilist,Maned Owl,1766,
english_avilist,Mangrove Kingfisher,400,
english_avilist,Mangrove Sunbird,3584,
english_avilist,Manx Shearwater,882,
english_avilist,Many-colored Bushshrike,2504,
english_avilist,Marabou Stork,73,
english_avilist,Marbled Duck,1320,
english_avilist,Margaret's Batis,2316,
english_avilist,Marico Flycatcher,661,
english_avilist,Marico Sunbird,755,
english_avilist,Marmora's Warbler,3420,
english_avilist,Marsh Owl,361,
english_avilist,Marsh Sandpiper,262,
english_avilist,Marsh Tchagra,716,
english_avilist,Marsh Warbler,607,
english_avilist,Marsh Widowbird,971,
english_avilist,Martial Eagle,142,
english_avilist,Mascarene Martin,908,
english_avilist,Mascarene Paradise Flycatcher,1045,
english_avilist,Mascarene Swiftlet,1682,
english_avilist,Masked Booby,45,
english_avilist,Masked Lark,3568,
english_avilist,Masked Shrike,2296,
english_avilist,Matsudaira's Storm Petrel,1019,
english_avilist,Mauritius Bulbul,2990,
english_avilist,Mauritius Fody,1048,
english_avilist,Mauritius Kestrel,124,
english_avilist,Mauritius Olive White-eye,3200,
english_avilist,Maxwell's Black Weaver,3884,
english_avilist,Mayotte Drongo,2380,
english_avilist,Mayotte Sunbird,3636,
english_avilist,Mayotte White-eye,3206,
english_avilist,Meadow Pipit,3704,
english_avilist,Mediterranean Gull,2066,
english_avilist,Mediterranean Shearwater,2254,
english_avilist,Melancholy Woodpecker,1382,
english_avilist,Meller's Duck,1278,
english_avilist,Melodious Lark,456,
english_avilist,Melodious Warbler,3280,
english_avilist,Menetries's Warbler,3414,
english_avilist,Merlin,1020,
english_avilist,Meves's Starling,742,
english_avilist,Meyer's Parrot,327,
english_avilist,Miombo Pied Barbet,1466,
english_avilist,Miombo Rock Thrush,562,
english_avilist,Miombo Wren-Warbler,3092,
english_avilist,Mistle Thrush,2754,
english_avilist,Mocking Cliff Chat,573,
english_avilist,Moheli Brush Warbler,3336,
english_avilist,Moheli Scops Owl,1782,
english_avilist,Mombasa Woodpecker,1366,
english_avilist,Monotonous Lark,457,
english_avilist,Montagu's Harrier,170,
english_avilist,Montane Nightjar,357,
english_avilist,Monteiro's Bushshrike,2454,
english_avilist,Monteiro's Hornbill,429,
english_avilist,Moorland Chat,2552,
english_avilist,Moorland Francolin,1254,
english_avilist,Moreau's Sunbird,3620,
english_avilist,Mosque Swallow,500,
english_avilist,Mottled Petrel,187,
english_avilist,Mottled Spinetail,388,
english_avilist,Mottled Swift,382,
english_avilist,Mount Cameroon Speirops,1162,
english_avilist,Mount Cameroon Spurfowl,1220,
english_avilist,Mountain Buzzard,2112,
english_avilist,Mountain Illadopsis,3292,
english_avilist,Mountain Masked Apalis,3080,
english_avilist,Mountain Oriole,2466,
english_avilist,Mountain Pipit,928,
english_avilist,Mountain Robin-Chat,1120,
english_avilist,Mountain Saw-wing,2924,
english_avilist,Mountain Sooty Boubou,2420,
english_avilist,Mountain Wagtail,688,
english_avilist,Mountain Yellow Warbler,471,
english_avilist,Mourning Collared Dove,315,
english_avilist,Mourning Wheatear,2680,
english_avilist,Mouse-colored Penduline Tit,2850,
english_avilist,Moussier's Redstart,2694,
english_avilist,Moustached Grass Warbler,617,
english_avilist,Moustached Tinkerbird,1442,
english_avilist,Moustached Warbler,3228,
english_avilist,Muscovy Duck,10003,
english_avilist,Mute Swan,884,
english_avilist,Naked-faced Barbet,1130,
english_avilist,Namaqua Dove,318,
english_avilist,Namaqua Sandgrouse,307,
english_avilist,Namaqua Warbler,653,
english_avilist,Namuli Apalis,3058,
english_avilist,Narina Trogon,393,
english_avilist,Narrow-tailed Starling,2826,
english_avilist,Natal Spurfowl,183,
english_avilist,Nechisar Nightjar,1804,
english_avilist,Neergaard's Sunbird,761,
english_avilist,Nelicourvi Weaver,3924,
english_avilist,Neumann's Starling,2806,
english_avilist,Neumann's Warbler,3274,
english_avilist,Niam-niam Parrot,1652,
english_avilist,Nile Valley Sunbird,3572,
english_avilist,Nimba Flycatcher,2604,
english_avilist,Nkulengu Rail,1932,
english_avilist,Northern Bald Ibis,2206,
english_avilist,Northern Black Flycatcher,2608,
english_avilist,Northern Black Korhaan,1035,
english_avilist,Northern Brown-throated Weaver,3904,
english_avilist,Northern Brownbul,3024,
english_avilist,Northern Carmine Bee-eater,1576,
english_avilist,Northern Crombec,3426,
english_avilist,Northern Double-collared Sunbird,3660,
english_avilist,Northern Fulmar,2232,
english_avilist,Northern Gannet,2174,
english_avilist,Northern Giant Petrel,984,
english_avilist,Northern Grey-headed Sparrow,3852,
english_avilist,Northern Grosbeak-Canary,4094,
english_avilist,Northern Lapwing,2022,
english_avilist,Northern Masked Weaver,3940,
english_avilist,Northern Pied Babbler,3446,
english_avilist,Northern Pintail,886,
english_avilist,Northern Puffback,2386,
english_avilist,Northern Raven,2354,
english_avilist,Northern Red Bishop,3748,
english_avilist,Northern Red-billed Hornbill,4129,
english_avilist,Northern Royal Albatross,2230,
english_avilist,Northern Shoveler,93,
english_avilist,Northern Wheatear,563,
english_avilist,Northern White-crowned Shrike,2276,
english_avilist,Northern White-faced Owl,1792,
english_avilist,Northern Yellow White-eye,777,
english_avilist,Nubian Bustard,1912,
english_avilist,Nubian Nightjar,1830,
english_avilist,Nubian Woodpecker,1372,
english_avilist,Nuthatch Vanga,2418,
english_avilist,Nyanza Swift,1676,
english_avilist,Obbia Lark,3566,
english_avilist,Olive Bee-eater,406,
english_avilist,Olive Ibis,2202,
english_avilist,Olive Long-tailed Cuckoo,1594,
english_avilist,Olive Sunbird,766,
english_avilist,Olive Thrush,1105,
english_avilist,Olive Woodpecker,452,
english_avilist,Olive-bellied Sunbird,1117,
english_avilist,Olive-green Camaroptera,1189,
english_avilist,Olive-headed Greenbul,2956,
english_avilist,Olive-headed Weaver,919,
english_avilist,Olive-tree Warbler,597,
english_avilist,Omani Owl,1800,
english_avilist,Orange Ground Thrush,556,
english_avilist,Orange River Francolin,179,
english_avilist,Orange Weaver,3888,
english_avilist,Orange-breasted Bushshrike,719,
english_avilist,Orange-breasted Forest Robin,2720,
english_avilist,Orange-breasted Sunbird,753,
english_avilist,Orange-breasted Waxbill,838,
english_avilist,Orange-cheeked Waxbill,1089,
english_avilist,Orange-tufted Sunbird,3626,
english_avilist,Orange-winged Pytilia,829,
english_avilist,Oriental Pratincole,2030,
english_avilist,Oriole Finch,477,
english_avilist,Oriole Warbler,3174,
english_avilist,Ortolan Bunting,4032,
english_avilist,Osprey,172,
english_avilist,Ovambo Sparrowhawk,157,
english_avilist,Pacific Golden Plover,1039,
english_avilist,Pale Batis,675,
english_avilist,Pale Chanting Goshawk,165,
english_avilist,Pale Crag Martin,2884,
english_avilist,Pale Flycatcher,662,
english_avilist,Pale Prinia,3188,
english_avilist,Pale Rockfinch,3720,
english_avilist,Pale-billed Hornbill,1504,
english_avilist,Pale-breasted Illadopsis,3296,
english_avilist,Pale-crowned Cisticola,635,
english_avilist,Pale-fronted Nigrita,3826,
english_avilist,Pale-olive Greenbul,3010,
english_avilist,Pale-winged Starling,744,
english_avilist,Pallas's Gull,2062,
english_avilist,Pallas's Sandgrouse,1972,
english_avilist,Pallid Harrier,168,
english_avilist,Pallid Honeyguide,906,
english_avilist,Pallid Scops Owl,1770,
english_avilist,Pallid Swift,379,
english_avilist,Palm-nut Vulture,112,
english_avilist,Pangani Longclaw,3786,
english_avilist,Papyrus Canary,4080,
english_avilist,Papyrus Gonolek,2438,
english_avilist,Papyrus Yellow Warbler,1067,
english_avilist,Parasitic Jaeger,284,
english_avilist,Parrot-billed Sparrow,3850,
english_avilist,Pearl-breasted Swallow,498,
english_avilist,Pearl-spotted Owlet,365,
english_avilist,Pectoral Sandpiper,895,
english_avilist,Pectoral-patch Cisticola,3114,
english_avilist,Pel's Fishing Owl,370,
english_avilist,Pemba Green Pigeon,1884,
english_avilist,Pemba Scops Owl,1786,
english_avilist,Pemba Sunbird,3658,
english_avilist,Pemba White-eye,3220,
english_avilist,Pennant-winged Nightjar,377,
english_avilist,Peregrine Falcon,113,
english_avilist,Petit's Cuckooshrike,2340,
english_avilist,Pharaoh Eagle-Owl,1748,
english_avilist,Philippa's Crombec,3434,
english_avilist,Piapiac,2484,
english_avilist,Pied Avocet,269,
english_avilist,Pied Crow,522,
english_avilist,Pied Kingfisher,394,
english_avilist,Pied Wheatear,1023,
english_avilist,Pied-winged Swallow,2890,
english_avilist,Pin-tailed Sandgrouse,1954,
english_avilist,Pin-tailed Snipe,1984,
english_avilist,Pin-tailed Whydah,846,
english_avilist,Pine Bunting,4034,
english_avilist,Pink Pigeon,324,
english_avilist,Pink-backed Pelican,41,
english_avilist,Pink-billed Lark,490,
english_avilist,Pink-breasted Lark,3520,
english_avilist,Pink-footed Puffback,2384,
english_avilist,Pink-throated Twinspot,831,
english_avilist,Pintado Petrel,14,
english_avilist,Pitta-like Ground Roller,1538,
english_avilist,Plain Greenbul,2946,
english_avilist,Plain Nightjar,1826,
english_avilist,Plain Swift,1678,
english_avilist,Plain-backed Pipit,694,
english_avilist,Plain-backed Sunbird,769,
english_avilist,Plum-headed Parakeet,1024,
english_avilist,Plumed Guineafowl,1266,
english_avilist,Pollen's Vanga,2526,
english_avilist,Pomarine Jaeger,285,
english_avilist,Preuss's Cliff Swallow,2902,
english_avilist,Preuss's Weaver,3930,
english_avilist,Prigogine's Double-collared Sunbird,3618,
english_avilist,Prigogine's Greenbul,2974,
english_avilist,Prigogine's Nightjar,1832,
english_avilist,Principe Seedeater,1160,
english_avilist,Principe Speirops,1161,
english_avilist,Principe Starling,1134,
english_avilist,Principe Sunbird,1095,
english_avilist,Principe Thrush,2756,
english_avilist,Principe Weaver,1096,
english_avilist,Principe White-eye,1170,
english_avilist,Pringle's Puffback,2388,
english_avilist,Pririt Batis,674,
english_avilist,Pulitzer's Longbill,3316,
english_avilist,Purple Grenadier,3978,
english_avilist,Purple Heron,57,
english_avilist,Purple Indigobird,850,
english_avilist,Purple Roller,415,
english_avilist,Purple Sandpiper,1976,
english_avilist,Purple Starling,2792,
english_avilist,Purple Swamphen,208,
english_avilist,Purple-banded Sunbird,756,
english_avilist,Purple-breasted Sunbird,3662,
english_avilist,Purple-crested Turaco,337,
english_avilist,Purple-throated Cuckooshrike,2344,
english_avilist,Puvel's Illadopsis,3290,
english_avilist,Pygmy Batis,2326,
english_avilist,Pygmy Cormorant,2182,
english_avilist,Pygmy Falcon,126,
english_avilist,Pygmy Sunbird,3576,
english_avilist,Quail-plover,1344,
english_avilist,Rachel's Malimbe,3808,
english_avilist,Racket-tailed Roller,414,
english_avilist,Radde's Warbler,3380,
english_avilist,Rand's Warbler,3390,
english_avilist,Raso Lark,3472,
english_avilist,Rattling Cisticola,642,
english_avilist,Razorbill,2034,
english_avilist,Red Avadavat,1032,
english_avilist,Red Crossbill,4052,
english_avilist,Red Fody,1047,
english_avilist,Red Kite,1025,
english_avilist,Red Knot,254,
english_avilist,Red Lark,479,
english_avilist,Red Owl,1736,
english_avilist,Red Phalarope,271,
english_avilist,Red Sea Cliff Swallow,2900,
english_avilist,Red-and-yellow Barbet,1454,
english_avilist,Red-backed Mousebird,1586,
english_avilist,Red-backed Shrike,708,
english_avilist,Red-bellied Malimbe,3800,
english_avilist,Red-bellied Paradise Flycatcher,1165,
english_avilist,Red-bellied Parrot,1658,
english_avilist,Red-billed Buffalo Weaver,779,
english_avilist,Red-billed Chough,2488,
english_avilist,Red-billed Dwarf Hornbill,1488,
english_avilist,Red-billed Firefinch,837,
english_avilist,Red-billed Helmetshrike,2474,
english_avilist,Red-billed Oxpecker,748,
english_avilist,Red-billed Quelea,805,
english_avilist,Red-billed Spurfowl,182,
english_avilist,Red-billed Teal,97,
english_avilist,Red-billed Tropicbird,953,
english_avilist,Red-breasted Coua,1616,
english_avilist,Red-breasted Flycatcher,2582,
english_avilist,Red-breasted Goose,1310,
english_avilist,Red-breasted Merganser,1330,
english_avilist,Red-breasted Swallow,501,
english_avilist,Red-capped Coua,1614,
english_avilist,Red-capped Crombec,914,
english_avilist,Red-capped Lark,488,
english_avilist,Red-capped Robin-Chat,579,
english_avilist,Red-cheeked Cordon-bleu,3974,
english_avilist,Red-cheeked Wattle-eye,2394,
english_avilist,Red-chested Cuckoo,343,
english_avilist,Red-chested Flufftail,205,
english_avilist,Red-chested Owlet,1764,
english_avilist,Red-chested Sunbird,3638,
english_avilist,Red-chested Swallow,2892,
english_avilist,Red-collared Widowbird,813,
english_avilist,Red-crested Korhaan,224,
english_avilist,Red-crested Pochard,1332,
english_avilist,Red-crested Turaco,1714,
english_avilist,Red-crowned Malimbe,3798,
english_avilist,Red-eyed Dove,314,
english_avilist,Red-eyed Puffback,2392,
english_avilist,Red-eyed Vireo,2302,
english_avilist,Red-faced Barbet,1432,
english_avilist,Red-faced Cisticola,644,
english_avilist,Red-faced Crimsonwing,828,
english_avilist,Red-faced Crombec,913,
english_avilist,Red-faced Mousebird,392,
english_avilist,Red-faced Woodland Warbler,3378,
english_avilist,Red-footed Booby,1027,
english_avilist,Red-footed Falcon,120,
english_avilist,Red-fronted Antpecker,3832,
english_avilist,Red-fronted Barbet,1462,
english_avilist,Red-fronted Coua,1612,
english_avilist,Red-fronted Parrot,1656,
english_avilist,Red-fronted Serin,4110,
english_avilist,Red-headed Bluebill,1190,
english_avilist,Red-headed Finch,820,
english_avilist,Red-headed Lovebird,1640,
english_avilist,Red-headed Malimbe,3810,
english_avilist,Red-headed Quelea,806,
english_avilist,Red-headed Weaver,793,
english_avilist,Red-knobbed Coot,212,
english_avilist,Red-naped Bushshrike,2440,
english_avilist,Red-necked Buzzard,2104,
english_avilist,Red-necked Falcon,117,
english_avilist,Red-necked Grebe,2168,
english_avilist,Red-necked Nightjar,1834,
english_avilist,Red-necked Phalarope,272,
english_avilist,Red-necked Spurfowl,188,
english_avilist,Red-necked Stint,897,
english_avilist,Red-pate Cisticola,3154,
english_avilist,Red-rumped Tinkerbird,1438,
english_avilist,Red-rumped Wheatear,2684,
english_avilist,Red-shouldered Cuckooshrike,2342,
english_avilist,Red-shouldered Vanga,2334,
english_avilist,Red-tailed Ant Thrush,2662,
english_avilist,Red-tailed Bristlebill,1191,
english_avilist,Red-tailed Greenbul,2980,
english_avilist,Red-tailed Newtonia,3348,
english_avilist,Red-tailed Tropicbird,39,
english_avilist,Red-tailed Vanga,2332,
english_avilist,Red-throated Alethe,2542,
english_avilist,Red-throated Bee-eater,1568,
english_avilist,Red-throated Loon,2226,
english_avilist,Red-throated Pipit,1028,
english_avilist,Red-throated Tit,2868,
english_avilist,Red-throated Twinspot,832,
english_avilist,Red-throated Wryneck,453,
english_avilist,Red-vented Malimbe,3812,
english_avilist,Red-winged Francolin,178,
english_avilist,Red-winged Grey Warbler,3168,
english_avilist,Red-winged Lark,3546,
english_avilist,Red-winged Pytilia,3964,
english_avilist,Red-winged Starling,745,
english_avilist,Redwing,2740,
english_avilist,Reed Cormorant,50,
english_avilist,Regal Sunbird,3664,
english_avilist,Reichard's Seedeater,834,
english_avilist,Reichenbach's Sunbird,3602,
english_avilist,Reichenow's Seedeater,4074,
english_avilist,Retz's Helmetshrike,728,
english_avilist,Reunion Bulbul,2986,
english_avilist,Reunion Harrier,2122,
english_avilist,Reunion Olive White-eye,3212,
english_avilist,Reunion Stonechat,2706,
english_avilist,Richard's Pipit,3708,
english_avilist,Ring Ouzel,2752,
english_avilist,Ring-billed Gull,2054,
english_avilist,Ring-necked Dove,316,
english_avilist,Ring-necked Duck,1294,
english_avilist,Ring-necked Francolin,1256,
english_avilist,River Prinia,3184,
english_avilist,River Warbler,598,
english_avilist,Robin Accentor,1056,
english_avilist,Rock Bunting,4024,
english_avilist,Rock Dove,940,
english_avilist,Rock Firefinch,3780,
english_avilist,Rock Kestrel,123,
english_avilist,Rock Pratincole,283,
english_avilist,Rock Sparrow,3872,
english_avilist,Rock-loving Cisticola,3098,
english_avilist,Rockefeller's Sunbird,3666,
english_avilist,Rockrunner,539,
english_avilist,Rodrigues Fody,3762,
english_avilist,Rodrigues Warbler,3234,
english_avilist,Rook,2364,
english_avilist,Rose-ringed Parakeet,941,
english_avilist,Roseate Tern,293,
english_avilist,Ross's Turaco,942,
english_avilist,Rosy Bee-eater,1572,
english_avilist,Rosy Pipit,1057,
english_avilist,Rosy-faced Lovebird,330,
english_avilist,Rosy-patched Bushshrike,2490,
english_avilist,Rosy-throated Longclaw,705,
english_avilist,Rouget's Rail,1940,
english_avilist,Rough-legged Buzzard,2110,
english_avilist,Royal Penguin,164,
english_avilist,Royal Tern,935,
english_avilist,Rudd's Apalis,624,
english_avilist,Rudd's Lark,473,
english_avilist,Ruddy Duck,1334,
english_avilist,Ruddy Shelduck,1340,
english_avilist,Ruddy Turnstone,232,
english_avilist,Ruff,256,
english_avilist,Rufous Chatterer,3456,
english_avilist,Rufous Cisticola,3156,
english_avilist,Rufous Fishing Owl,1796,
english_avilist,Rufous Vanga,2492,
english_avilist,Rufous-bellied Helmetshrike,2480,
english_avilist,Rufous-bellied Heron,65,
english_avilist,Rufous-bellied Tit,529,
english_avilist,Rufous-breasted Sparrowhawk,156,
english_avilist,Rufous-cheeked Nightjar,372,
english_avilist,Rufous-crowned Eremomela,3266,
english_avilist,Rufous-eared Warbler,619,
english_avilist,Rufous-headed Ground Roller,1536,
english_avilist,Rufous-naped Lark,458,
english_avilist,Rufous-rumped Lark,3560,
english_avilist,Rufous-sided Broadbill,2262,
english_avilist,Rufous-tailed Palm Thrush,910,
english_avilist,Rufous-tailed Scrub Robin,567,
english_avilist,Rufous-tailed Weaver,3766,
english_avilist,Rufous-vented Paradise Flycatcher,1192,
english_avilist,Rufous-winged Cisticola,4138,
english_avilist,Rufous-winged Illadopsis,3294,
english_avilist,Rufous-winged Sunbird,3668,
english_avilist,Running Coua,1606,
english_avilist,Rustic Bunting,4042,
english_avilist,Rusty Bush Lark,3554,
english_avilist,Rwenzori Batis,2312,
english_avilist,Rüppell's Black Chat,2654,
english_avilist,Rüppell's Korhaan,221,
english_avilist,Rüppell's Parrot,329,
english_avilist,Rüppell's Robin-Chat,2576,
english_avilist,Rüppell's Starling,2794,
english_avilist,Rüppell's Vulture,1029,
english_avilist,Rüppell's Weaver,3910,
english_avilist,Sabine's Gull,901,
english_avilist,Sabine's Puffback,2390,
english_avilist,Sabine's Spinetail,1686,
english_avilist,Sabota Lark,460,
english_avilist,Saddle-billed Stork,75,
english_avilist,Sahel Paradise Whydah,3996,
english_avilist,Sakalava Rail,1924,
english_avilist,Sakalava Weaver,3932,
english_avilist,Saker Falcon,2154,
english_avilist,Salvadori's Seedeater,4120,
english_avilist,Salvin's Albatross,1081,
english_avilist,Salvin's Prion,878,
english_avilist,Sand Martin,508,
english_avilist,Sand Partridge,1206,
english_avilist,Sanderling,255,
english_avilist,Sandwich Tern,296,
english_avilist,Sandy Scops Owl,1776,
english_avilist,Sao Tome Green Pigeon,1886,
english_avilist,Sao Tome Grosbeak,1138,
english_avilist,Sao Tome Ibis,2198,
english_avilist,Sao Tome Olive Pigeon,1866,
english_avilist,Sao Tome Oriole,1143,
english_avilist,Sao Tome Paradise Flycatcher,1164,
english_avilist,Sao Tome Prinia,1156,
english_avilist,Sao Tome Scops Owl,1774,
english_avilist,Sao Tome Spinetail,1694,
english_avilist,Sao Tome Thrush,1167,
english_avilist,Sardinian Warbler,3410,
english_avilist,Sargasso Shearwater,28,
english_avilist,Sassi's Olive Greenbul,3016,
english_avilist,Saunders's Tern,2070,
english_avilist,Savi's Warbler,3304,
english_avilist,Savile's Bustard,1902,
english_avilist,Scaly Babbler,3462,
english_avilist,Scaly Chatterer,3440,
english_avilist,Scaly Ground Roller,1542,
english_avilist,Scaly-breasted Illadopsis,1193,
english_avilist,Scaly-feathered Weaver,789,
english_avilist,Scaly-throated Honeyguide,441,
english_avilist,Scarce Swift,904,
english_avilist,Scarlet-chested Sunbird,774,
english_avilist,Scarlet-tufted Sunbird,3646,
english_avilist,Schalow's Turaco,338,
english_avilist,Schlegel's Asity,2272,
english_avilist,Schlegel's Francolin,1214,
english_avilist,Scissor-tailed Kite,2114,
english_avilist,Sclater's Lark,491,
english_avilist,Scopoli's Shearwater,26,
english_avilist,Secretarybird,105,
english_avilist,Sedge Warbler,608,
english_avilist,Semicollared Flycatcher,2584,
english_avilist,Semipalmated Sandpiper,1978,
english_avilist,Senegal Batis,2330,
english_avilist,Senegal Coucal,355,
english_avilist,Senegal Eremomela,3270,
english_avilist,Senegal Lapwing,244,
english_avilist,Senegal Parrot,1660,
english_avilist,Senegal Thick-knee,2000,
english_avilist,Sennar Penduline Tit,2854,
english_avilist,Sentinel Rock Thrush,560,
english_avilist,Seychelles Blue Pigeon,1174,
english_avilist,Seychelles Bulbul,2988,
english_avilist,Seychelles Fody,1178,
english_avilist,Seychelles Kestrel,1082,
english_avilist,Seychelles Magpie-Robin,1175,
english_avilist,Seychelles Paradise Flycatcher,2512,
english_avilist,Seychelles Scops Owl,1778,
english_avilist,Seychelles Sunbird,1177,
english_avilist,Seychelles Swiftlet,1680,
english_avilist,Seychelles Warbler,1176,
english_avilist,Seychelles White-eye,3208,
english_avilist,Shaft-tailed Whydah,847,
english_avilist,Sharp-tailed Starling,741,
english_avilist,Sharpe's Akalat,2718,
english_avilist,Sharpe's Apalis,3088,
english_avilist,Sharpe's Longclaw,3688,
english_avilist,Sharpe's Starling,2822,
english_avilist,Shelley's Crimsonwing,3728,
english_avilist,Shelley's Eagle-Owl,1760,
english_avilist,Shelley's Francolin,177,
english_avilist,Shelley's Greenbul,555,
english_avilist,Shelley's Sparrow,3866,
english_avilist,Shelley's Starling,2796,
english_avilist,Shelley's Sunbird,757,
english_avilist,Shikra,161,
english_avilist,Shining Drongo,2374,
english_avilist,Shining-blue Kingfisher,959,
english_avilist,Shoebill,1030,
english_avilist,Short-clawed Lark,465,
english_avilist,Short-eared Owl,1740,
english_avilist,Short-legged Ground Roller,1540,
english_avilist,Short-tailed Batis,683,
english_avilist,Short-tailed Lark,3562,
english_avilist,Short-tailed Pipit,700,
english_avilist,Short-toed Rock Thrush,561,
english_avilist,Short-toed Snake Eagle,2118,
english_avilist,Short-toed Treecreeper,2844,
english_avilist,Short-winged Cisticola,636,
english_avilist,Shy Albatross,11,
english_avilist,Siberian Rubythroat,2594,
english_avilist,Siberian Stonechat,2704,
english_avilist,Sickle-billed Vanga,2414,
english_avilist,Sickle-winged Chat,572,
english_avilist,Silverbird,2578,
english_avilist,Silvery-cheeked Hornbill,423,
english_avilist,Simple Greenbul,2976,
english_avilist,Sinai Rosefinch,4016,
english_avilist,Singing Bush Lark,3534,
english_avilist,Singing Cisticola,643,
english_avilist,Sjöstedt's Barred Owlet,1762,
english_avilist,Sjöstedt's Greenbul,2960,
english_avilist,Sladen's Barbet,1420,
english_avilist,Slate-colored Boubou,2430,
english_avilist,Slaty Egret,982,
english_avilist,Slender-billed Curlew,1990,
english_avilist,Slender-billed Flufftail,1946,
english_avilist,Slender-billed Greenbul,2948,
english_avilist,Slender-billed Gull,1078,
english_avilist,Slender-billed Prion,880,
english_avilist,Slender-billed Starling,2816,
english_avilist,Slender-billed Weaver,1065,
english_avilist,Slender-tailed Nightjar,1814,
english_avilist,Smew,1326,
english_avilist,Snail-eating Coua,1608,
english_avilist,Snares Penguin,32,
english_avilist,Snow Bunting,4060,
english_avilist,Snow Petrel,993,
english_avilist,Snowy Albatross,7,
english_avilist,Snowy Egret,2192,
english_avilist,Snowy-crowned Robin-Chat,2574,
english_avilist,Sociable Lapwing,2012,
english_avilist,Sociable Weaver,783,
english_avilist,Socotra Bunting,4046,
english_avilist,Socotra Cisticola,3134,
english_avilist,Socotra Cormorant,2180,
english_avilist,Socotra Golden-winged Grosbeak,4072,
english_avilist,Socotra Sparrow,3858,
english_avilist,Socotra Starling,2812,
english_avilist,Socotra Sunbird,3606,
english_avilist,Soft-plumaged Petrel,19,
english_avilist,Sokoke Pipit,3712,
english_avilist,Sokoke Scops Owl,1780,
english_avilist,Solitary Sandpiper,1994,
english_avilist,Somali Bee-eater,1582,
english_avilist,Somali Bunting,4038,
english_avilist,Somali Courser,2026,
english_avilist,Somali Crombec,3430,
english_avilist,Somali Crow,2362,
english_avilist,Somali Fiscal,2298,
english_avilist,Somali Golden-winged Grosbeak,4070,
english_avilist,Somali Ostrich,1200,
english_avilist,Somali Pigeon,1856,
english_avilist,Somali Short-toed Lark,3484,
english_avilist,Somali Sparrow,3842,
english_avilist,Somali Starling,2810,
english_avilist,Somali Thrush,2734,
english_avilist,Somali Wheatear,2688,
english_avilist,Sombre Greenbul,551,
english_avilist,Sombre Nightjar,1824,
english_avilist,Sombre Rock Chat,2546,
english_avilist,Song Thrush,2744,
english_avilist,Sooty Albatross,12,
english_avilist,Sooty Chat,966,
english_avilist,Sooty Falcon,888,
english_avilist,Sooty Flycatcher,2636,
english_avilist,Sooty Gull,2058,
english_avilist,Sooty Shearwater,29,
english_avilist,Sooty Tern,295,
english_avilist,Souimanga Sunbird,1073,
english_avilist,South African Cliff Swallow,504,
english_avilist,South African Shelduck,90,
english_avilist,South Georgia Diving Petrel,986,
english_avilist,South Pare White-eye,3222,
english_avilist,South Polar Skua,990,
english_avilist,Southern Bald Ibis,82,
english_avilist,Southern Banded Snake Eagle,147,
english_avilist,Southern Black Flycatcher,664,
english_avilist,Southern Black Korhaan,4134,
english_avilist,Southern Black Tit,527,
english_avilist,Southern Boubou,709,
english_avilist,Southern Brown-throated Weaver,802,
english_avilist,Southern Carmine Bee-eater,407,
english_avilist,Southern Citril,4084,
english_avilist,Southern Double-collared Sunbird,760,
english_avilist,Southern Fulmar,15,
english_avilist,Southern Giant Petrel,13,
english_avilist,Southern Grey-headed Sparrow,4142,
english_avilist,Southern Grosbeak-Canary,4086,
english_avilist,Southern Ground Hornbill,430,
english_avilist,Southern Hyliota,668,
english_avilist,Southern Masked Weaver,803,
english_avilist,Southern Pied Babbler,536,
english_avilist,Southern Pochard,102,
english_avilist,Southern Red Bishop,808,
english_avilist,Southern Red-billed Hornbill,1508,
english_avilist,Southern Red-fronted Tinkerbird,436,
english_avilist,Southern Royal Albatross,924,
english_avilist,Southern Tchagra,713,
english_avilist,Southern White-crowned Shrike,730,
english_avilist,Southern Yellow-billed Hornbill,426,
english_avilist,Souza's Shrike,918,
english_avilist,Spanish Imperial Eagle,2092,
english_avilist,Spanish Sparrow,3854,
english_avilist,Speckle-breasted Woodpecker,1394,
english_avilist,Speckle-fronted Weaver,3972,
english_avilist,Speckle-throated Woodpecker,907,
english_avilist,Speckled Mousebird,390,
english_avilist,Speckled Pigeon,311,
english_avilist,Speckled Tinkerbird,1446,
english_avilist,Spectacled Petrel,2240,
english_avilist,Spectacled Warbler,3396,
english_avilist,Spectacled Weaver,791,
english_avilist,Speke's Weaver,3934,
english_avilist,Spike-heeled Lark,474,
english_avilist,Splendid Starling,2798,
english_avilist,Splendid Sunbird,3630,
english_avilist,Spot-breasted Ibis,2204,
english_avilist,Spot-breasted Lapwing,2016,
english_avilist,Spot-flanked Barbet,1470,
english_avilist,Spot-throat,3318,
english_avilist,Spotless Starling,2838,
english_avilist,Spotted Crake,201,
english_avilist,Spotted Eagle-Owl,368,
english_avilist,Spotted Flycatcher,654,
english_avilist,Spotted Greenbul,2994,
english_avilist,Spotted Ground Thrush,558,
english_avilist,Spotted Honeyguide,1352,
english_avilist,Spotted Palm Thrush,2560,
english_avilist,Spotted Redshank,260,
english_avilist,Spotted Sandgrouse,1970,
english_avilist,Spotted Sandpiper,1974,
english_avilist,Spotted Thick-knee,275,
english_avilist,Spotted Thrush-Babbler,3386,
english_avilist,Spur-winged Goose,88,
english_avilist,Spur-winged Lapwing,1031,
english_avilist,Squacco Heron,62,
english_avilist,Square-tailed Drongo,518,
english_avilist,Square-tailed Nightjar,376,
english_avilist,Square-tailed Saw-wing,2926,
english_avilist,St. Helena Plover,2004,
english_avilist,Standard-winged Nightjar,1838,
english_avilist,Star-spotted Nightjar,1836,
english_avilist,Stark's Lark,492,
english_avilist,Steel-blue Whydah,3992,
english_avilist,Steppe Eagle,135,
english_avilist,Stierling's Woodpecker,417,
english_avilist,Stierling's Wren-Warbler,615,
english_avilist,Stock Dove,1854,
english_avilist,Stone Partridge,1250,
english_avilist,Stout Cisticola,3152,
english_avilist,Strange Weaver,3886,
english_avilist,Straw-tailed Whydah,3990,
english_avilist,Streaked Scrub Warbler,3190,
english_avilist,Streaked Shearwater,1033,
english_avilist,Streaked Weaver,3920,
english_avilist,Streaky Seedeater,778,
english_avilist,Streaky-breasted Flufftail,892,
english_avilist,Streaky-headed Seedeater,867,
english_avilist,Striated Heron,63,
english_avilist,Striolated Bunting,4048,
english_avilist,Stripe-breasted Tit,2866,
english_avilist,Stripe-cheeked Greenbul,549,
english_avilist,Stripe-throated Jery,3324,
english_avilist,Striped Crake,200,
english_avilist,Striped Flufftail,207,
english_avilist,Striped Kingfisher,403,
english_avilist,Striped Pipit,696,
english_avilist,Stuhlmann's Starling,2828,
english_avilist,Subdesert Brush Warbler,3338,
english_avilist,Subdesert Mesite,1952,
english_avilist,Sudan Golden Sparrow,3860,
english_avilist,Sun Lark,3508,
english_avilist,Superb Starling,2800,
english_avilist,Superb Sunbird,3672,
english_avilist,Swainson's Spurfowl,185,
english_avilist,Swallow-tailed Bee-eater,411,
english_avilist,Swamp Boubou,710,
english_avilist,Swamp Flycatcher,1063,
english_avilist,Swamp Nightjar,375,
english_avilist,Swamp Palm Bulbul,3040,
english_avilist,Swierstra's Spurfowl,1248,
english_avilist,Swinhoe's Storm Petrel,2236,
english_avilist,Swynnerton's Robin,590,
english_avilist,Syrian Serin,4114,
english_avilist,Syrian Woodpecker,1398,
english_avilist,Tacazze Sunbird,3674,
english_avilist,Taiga Bean Goose,1290,
english_avilist,Taita Apalis,3056,
english_avilist,Taita Falcon,887,
english_avilist,Taita Fiscal,2280,
english_avilist,Taita Thrush,2732,
english_avilist,Taita White-eye,3216,
english_avilist,Tambourine Dove,319,
english_avilist,Tana River Cisticola,3150,
english_avilist,Tanzanian Red-billed Hornbill,1506,
english_avilist,Taveta Weaver,3902,
english_avilist,Tawny Eagle,134,
english_avilist,Tawny Owl,1798,
english_avilist,Tawny Pipit,3696,
english_avilist,Tawny-flanked Prinia,649,
english_avilist,Temminck's Courser,277,
english_avilist,Temminck's Lark,3498,
english_avilist,Temminck's Stint,985,
english_avilist,Terek Sandpiper,257,
english_avilist,Terrestrial Brownbul,546,
english_avilist,Tessmann's Flycatcher,2644,
english_avilist,Thamnornis,3438,
english_avilist,Thekla's Lark,3510,
english_avilist,Thick-billed Cuckoo,345,
english_avilist,Thick-billed Lark,3564,
english_avilist,Thick-billed Raven,2360,
english_avilist,Thick-billed Seedeater,1159,
english_avilist,Thick-billed Warbler,3224,
english_avilist,Thick-billed Weaver,804,
english_avilist,Three-banded Courser,279,
english_avilist,Three-banded Plover,238,
english_avilist,Three-streaked Tchagra,2496,
english_avilist,Thrush Nightingale,592,
english_avilist,Tickell's Leaf Warbler,1055,
english_avilist,Tinkling Cisticola,641,
english_avilist,Tiny Cisticola,3146,
english_avilist,Tiny Sunbird,3650,
english_avilist,Tit Hylia,2878,
english_avilist,Togo Paradise Whydah,3986,
english_avilist,Toro Olive Greenbul,3012,
english_avilist,Tractrac Chat,571,
english_avilist,Tree Pipit,698,
english_avilist,Trilling Cisticola,3166,
english_avilist,Trindade Petrel,951,
english_avilist,Tristan Albatross,1080,
english_avilist,Tristan Moorhen,996,
english_avilist,Tristan Thrush,967,
english_avilist,Tristram's Warbler,3404,
english_avilist,Tropical Boubou,977,
english_avilist,Trumpeter Finch,4064,
english_avilist,Trumpeter Hornbill,422,
english_avilist,Tsavo Sunbird,3676,
english_avilist,Tufted Duck,1298,
english_avilist,Tullberg's Woodpecker,1376,
english_avilist,Tundra Swan,1316,
english_avilist,Turati's Boubou,2442,
english_avilist,Turner's Eremomela,3272,
english_avilist,Tylas Vanga,2520,
english_avilist,Udzungwa Forest Partridge,1258,
english_avilist,Uganda Woodland Warbler,3370,
english_avilist,Uluguru Bushshrike,2446,
english_avilist,Uluguru Mountain Greenbul,3048,
english_avilist,Uluguru Violet-backed Sunbird,3586,
english_avilist,Upcher's Warbler,3276,
english_avilist,Usambara Akalat,2716,
english_avilist,Usambara Double-collared Sunbird,3600,
english_avilist,Usambara Thrush,2748,
english_avilist,Usambara Weaver,3926,
english_avilist,Ussher's Flycatcher,2646,
english_avilist,Van Dam's Vanga,2524,
english_avilist,Variable Sunbird,762,
english_avilist,Velvet Asity,2270,
english_avilist,Velvet Scoter,1322,
english_avilist,Vermiculated Fishing Owl,1794,
english_avilist,Verreaux's Coua,1618,
english_avilist,Verreaux's Eagle,133,
english_avilist,Verreaux's Eagle-Owl,369,
english_avilist,Victorin's Warbler,612,
english_avilist,Vieillot's Barbet,1436,
english_avilist,Vieillot's Black Weaver,1152,
english_avilist,Village Indigobird,851,
english_avilist,Village Weaver,797,
english_avilist,Vinaceous Dove,1880,
english_avilist,Violet Turaco,1708,
english_avilist,Violet Wood Hoopoe,420,
english_avilist,Violet-backed Hyliota,3286,
english_avilist,Violet-backed Starling,736,
english_avilist,Violet-breasted Sunbird,3628,
english_avilist,Violet-eared Waxbill,840,
english_avilist,Violet-tailed Sunbird,3580,
english_avilist,Vitelline Masked Weaver,1153,
english_avilist,Von der Decken's Hornbill,1490,
english_avilist,Vulturine Guineafowl,1260,
english_avilist,Wahlberg's Eagle,137,
english_avilist,Wailing Cisticola,639,
english_avilist,Wallcreeper,2842,
english_avilist,Waller's Starling,2818,
english_avilist,Ward's Vanga,2482,
english_avilist,Warsangli Linnet,4010,
english_avilist,Water Pipit,3714,
english_avilist,Water Rail,1936,
english_avilist,Water Thick-knee,274,
english_avilist,Wattled Crane,215,
english_avilist,Wattled Ibis,2200,
english_avilist,Wattled Starling,735,
english_avilist,Wedge-tailed Jery,3322,
english_avilist,Wedge-tailed Shearwater,180,
english_avilist,West African Batis,2310,
english_avilist,West African Seedeater,4088,
english_avilist,Western Banded Snake Eagle,148,
english_avilist,Western Barn Owl,359,
english_avilist,Western Bearded Greenbul,2978,
english_avilist,Western Black-eared Wheatear,2674,
english_avilist,Western Bluebill,1163,
english_avilist,Western Bonelli's Warbler,3366,
english_avilist,Western Bronze-naped Pigeon,1850,
english_avilist,Western Citril,4082,
english_avilist,Western House Martin,507,
english_avilist,Western Marsh Harrier,166,
english_avilist,Western Nicator,2996,
english_avilist,Western Oriole,2460,
english_avilist,Western Plantain-eater,1702,
english_avilist,Western Red-billed Hornbill,1502,
english_avilist,Western Reef Heron,2190,
english_avilist,Western Rockhopper Penguin,3,
english_avilist,Western Violet-backed Sunbird,770,
english_avilist,Western Yellow Wagtail,689,
english_avilist,Weyns's Weaver,3946,
english_avilist,Whinchat,577,
english_avilist,Whiskered Tern,305,
english_avilist,Whistling Cisticola,3136,
english_avilist,White Stork,80,
english_avilist,White Wagtail,3816,
english_avilist,White-backed Duck,104,
english_avilist,White-backed Mousebird,391,
english_avilist,White-backed Night Heron,70,
english_avilist,White-backed Vulture,107,
english_avilist,White-bearded Greenbul,2982,
english_avilist,White-bellied Bustard,222,
english_avilist,White-bellied Canary,4096,
english_avilist,White-bellied Crested Flycatcher,1126,
english_avilist,White-bellied Go-away-bird,1698,
english_avilist,White-bellied Kingfisher,1062,
english_avilist,White-bellied Robin-Chat,2564,
english_avilist,White-bellied Storm Petrel,37,
english_avilist,White-bellied Tit,2860,
english_avilist,White-bibbed Swallow,2896,
english_avilist,White-billed Buffalo Weaver,3718,
english_avilist,White-billed Starling,2808,
english_avilist,White-breasted Cuckooshrike,515,
english_avilist,White-breasted Guineafowl,1262,
english_avilist,White-breasted Mesite,1950,
english_avilist,White-breasted Nigrita,3824,
english_avilist,White-browed Coucal,1036,
english_avilist,White-browed Crombec,3432,
english_avilist,White-browed Forest Flycatcher,2586,
english_avilist,White-browed Robin-Chat,580,
english_avilist,White-browed Scrub Robin,588,
english_avilist,White-browed Sparrow-Weaver,780,
english_avilist,White-cheeked Tern,938,
english_avilist,White-cheeked Turaco,1722,
english_avilist,White-chested Alethe,946,
english_avilist,White-chinned Petrel,4137,
english_avilist,White-chinned Prinia,3180,
english_avilist,White-collared Oliveback,3820,
english_avilist,White-collared Pigeon,1848,
english_avilist,White-collared Starling,2772,
english_avilist,White-crested Helmetshrike,727,
english_avilist,White-crested Turaco,1720,
english_avilist,White-crowned Lapwing,246,
english_avilist,White-crowned Robin-Chat,2566,
english_avilist,White-crowned Starling,2834,
english_avilist,White-crowned Wheatear,2676,
english_avilist,White-eared Barbet,433,
english_avilist,White-eyed Gull,900,
english_avilist,White-eyed Slaty Flycatcher,2600,
english_avilist,White-faced Storm Petrel,34,
english_avilist,White-faced Whistling Duck,100,
english_avilist,White-fronted Bee-eater,409,
english_avilist,White-fronted Black Chat,2652,
english_avilist,White-fronted Plover,235,
english_avilist,White-fronted Wattle-eye,2396,
english_avilist,White-headed Barbet,960,
english_avilist,White-headed Buffalo Weaver,3730,
english_avilist,White-headed Duck,1336,
english_avilist,White-headed Mousebird,1588,
english_avilist,White-headed Petrel,862,
english_avilist,White-headed Robin-Chat,2572,
english_avilist,White-headed Saw-wing,964,
english_avilist,White-headed Vanga,2304,
english_avilist,White-headed Vulture,109,
english_avilist,White-headed Wood Hoopoe,1516,
english_avilist,White-naped Pigeon,1846,
english_avilist,White-necked Raven,524,
english_avilist,White-necked Rockfowl,2534,
english_avilist,White-rumped Sandpiper,997,
english_avilist,White-rumped Seedeater,4104,
english_avilist,White-rumped Swift,383,
english_avilist,White-shouldered Black Tit,2856,
english_avilist,White-spectacled Bulbul,3038,
english_avilist,White-spotted Flufftail,1944,
english_avilist,White-spotted Wattle-eye,2400,
english_avilist,White-starred Robin,589,
english_avilist,White-tailed Ant Thrush,2660,
english_avilist,White-tailed Blue Flycatcher,2406,
english_avilist,White-tailed Cisticola,3162,
english_avilist,White-tailed Crested Flycatcher,681,
english_avilist,White-tailed Eagle,2130,
english_avilist,White-tailed Lapwing,2014,
english_avilist,White-tailed Lark,3528,
english_avilist,White-tailed Shrike,726,
english_avilist,White-tailed Swallow,2894,
english_avilist,White-tailed Tropicbird,40,
english_avilist,White-tailed Warbler,1154,
english_avilist,White-thighed Hornbill,1474,
english_avilist,White-throated Bee-eater,1034,
english_avilist,White-throated Canary,865,
english_avilist,White-throated Dipper,2538,
english_avilist,White-throated Francolin,1210,
english_avilist,White-throated Greenbul,3002,
english_avilist,White-throated Kingfisher,1562,
english_avilist,White-throated Mountain Babbler,3300,
english_avilist,White-throated Oxylabes,3354,
english_avilist,White-throated Rail,1072,
english_avilist,White-throated Robin,2592,
english_avilist,White-throated Robin-Chat,582,
english_avilist,White-throated Swallow,495,
english_avilist,White-winged Apalis,3068,
english_avilist,White-winged Cliff Chat,2730,
english_avilist,White-winged Collared Dove,1876,
english_avilist,White-winged Flufftail,204,
english_avilist,White-winged Swamp Warbler,1064,
english_avilist,White-winged Tern,304,
english_avilist,White-winged Widowbird,814,
english_avilist,Whooper Swan,1318,
english_avilist,Whyte's Barbet,434,
english_avilist,Wilkins's Finch,998,
english_avilist,Willcocks's Honeyguide,1356,
english_avilist,Williams's Lark,3558,
english_avilist,Willow Warbler,599,
english_avilist,Wilson's Indigobird,988,
english_avilist,Wilson's Phalarope,929,
english_avilist,Wilson's Storm Petrel,33,
english_avilist,Wing-snapping Cisticola,634,
english_avilist,Wire-tailed Swallow,496,
english_avilist,Wood Sandpiper,264,
english_avilist,Wood Warbler,947,
english_avilist,Woodchat Shrike,976,
english_avilist,Woodhouse's Antpecker,1144,
english_avilist,Woodland Kingfisher,399,
english_avilist,Woodlark,3516,
english_avilist,Woodwards' Batis,676,
english_avilist,Xavier's Greenbul,3028,
english_avilist,Yellow Bishop,810,
english_avilist,Yellow Bittern,2194,
english_avilist,Yellow Canary,866,
english_avilist,Yellow Longbill,3310,
english_avilist,Yellow Penduline Tit,2852,
english_avilist,Yellow-bearded Greenbul,2984,
english_avilist,Yellow-bellied Eremomela,600,
english_avilist,Yellow-bellied Greenbul,550,
english_avilist,Yellow-bellied Hyliota,670,
english_avilist,Yellow-bellied Sunbird-Asity,2268,
english_avilist,Yellow-bellied Wattle-eye,1125,
english_avilist,Yellow-bellied Waxbill,826,
english_avilist,Yellow-billed Cuckoo,1632,
english_avilist,Yellow-billed Duck,96,
english_avilist,Yellow-billed Egret,60,
english_avilist,Yellow-billed Oxpecker,747,
english_avilist,Yellow-billed Shrike,2274,
english_avilist,Yellow-billed Stork,76,
english_avilist,Yellow-billed Turaco,1724,
english_avilist,Yellow-breasted Apalis,625,
english_avilist,Yellow-breasted Barbet,1456,
english_avilist,Yellow-breasted Boubou,1135,
english_avilist,Yellow-breasted Pipit,701,
english_avilist,Yellow-browed Camaroptera,3094,
english_avilist,Yellow-browed Warbler,3376,
english_avilist,Yellow-capped Weaver,3908,
english_avilist,Yellow-chinned Sunbird,3592,
english_avilist,Yellow-collared Lovebird,1638,
english_avilist,Yellow-crested Helmetshrike,2472,
english_avilist,Yellow-crested Woodpecker,1400,
english_avilist,Yellow-crowned Bishop,812,
english_avilist,Yellow-crowned Canary,4098,
english_avilist,Yellow-crowned Gonolek,2424,
english_avilist,Yellow-eyed Black Flycatcher,2606,
english_avilist,Yellow-eyed Bristlebill,2968,
english_avilist,Yellow-eyed Penguin,68,
english_avilist,Yellow-footed Flycatcher,2642,
english_avilist,Yellow-footed Honeyguide,1360,
english_avilist,Yellow-fronted Canary,859,
english_avilist,Yellow-fronted Parrot,1654,
english_avilist,Yellow-fronted Tinkerbird,437,
english_avilist,Yellow-mantled Weaver,3944,
english_avilist,Yellow-mantled Widowbird,815,
english_avilist,Yellow-necked Spurfowl,1236,
english_avilist,Yellow-rumped Tinkerbird,438,
english_avilist,Yellow-spotted Barbet,1414,
english_avilist,Yellow-streaked Greenbul,547,
english_avilist,Yellow-throated Apalis,1103,
english_avilist,Yellow-throated Cuckoo,1598,
english_avilist,Yellow-throated Longclaw,704,
english_avilist,Yellow-throated Nicator,1195,
english_avilist,Yellow-throated Sandgrouse,309,
english_avilist,Yellow-throated Seedeater,4100,
english_avilist,Yellow-throated Tinkerbird,1448,
english_avilist,Yellow-throated Woodland Warbler,671,
english_avilist,Yellow-vented Eremomela,3268,
english_avilist,Yellow-whiskered Greenbul,1111,
english_avilist,Yellow-winged Pytilia,3962,
english_avilist,Yellowhammer,4030,
english_avilist,Yemen Serin,4106,
english_avilist,Zanzibar Red Bishop,3754,
english_avilist,Zebra Dove,1173,
english_avilist,Zenker's Honeyguide,1362,
english_avilist,Zino's Petrel,2248,
english_avilist,Zitting Cisticola,629,
latin_abbreviation,ACCBAD,161,
latin_abbreviation,ACCBRE,2074,
latin_abbreviation,ACCCAS,2076,
latin_abbreviation,ACCERY,,
latin_abbreviation,ACCFRA,,
latin_abbreviation,ACCGEN,,
latin_abbreviation,ACCHEN,2084,
latin_abbreviation,ACCMAD,2086,
latin_abbreviation,ACCMEL,,
latin_abbreviation,ACCMIN,158,
latin_abbreviation,ACCNIS,1006,
latin_abbreviation,ACCOVA,157,
latin_abbreviation,ACCRUF,156,
latin_abbreviation,ACCTAC,160,
latin_abbreviation,ACCTOU,,
latin_abbreviation,ACHPYC,539,
latin_abbreviation,ACRAED,3224,
latin_abbreviation,ACRARU,603,
latin_abbreviation,ACRBAE,,
latin_abbreviation,ACRBRE,3226,
latin_abbreviation,ACRGRA,604,
latin_abbreviation,ACRGRI,949,
latin_abbreviation,GRW,603,Guessed shorthand mapped to Great Reed Warbler
latin_abbreviation,ACRMEL,3228,
latin_abbreviation,ACRNEW,3230,
latin_abbreviation,ACRPAL,607,
latin_abbreviation,ACRPALACRPAL,607,Guessed from duplicated label; mapped to ACRPAL
latin_abbreviation,ACRPALACRPALACRPALACRPALACRPALACRPALACRPALACRPALACRPALACRPALACRPAL,607,Guessed from repeated corrupted label; mapped to ACRPAL
latin_abbreviation,ACRPALSYLCOM,607,Best guess from concatenated label; mapped to first species ACRPAL
latin_abbreviation,ACRROD,3234,
latin_abbreviation,ACRRUF,912,
latin_abbreviation,ACRSCH,608,
latin_abbreviation,ACRSCI,911,
latin_abbreviation,ACRSEC,1176,
latin_abbreviation,ACRSTE,3236,
latin_abbreviation,ACRTRI,734,
latin_abbreviation,ACRVUL,1260,
latin_abbreviation,ACTAFR,228,
latin_abbreviation,ACTALB,1996,
latin_abbreviation,ACTHYP,258,
latin_abbreviation,ACTMAC,1974,
latin_abbreviation,ADRNIG,,
latin_abbreviation,AEGMON,2090,
latin_abbreviation,AENMAR,200,
latin_abbreviation,AFRAFR,1035,
latin_abbreviation,AFRCON,1202,
latin_abbreviation,AGACAN,1634,
latin_abbreviation,AGAFIS,1636,
latin_abbreviation,AGALIL,332,
latin_abbreviation,AGANIG,331,
latin_abbreviation,AGAPER,1638,
latin_abbreviation,AGAPUL,1640,
latin_abbreviation,AGAROS,330,
latin_abbreviation,AGASWI,1642,
latin_abbreviation,AGATAR,1644,
latin_abbreviation,AGEMEL,1262,
latin_abbreviation,AGENIG,1264,
latin_abbreviation,AIXGAL,1017,
latin_abbreviation,ALAALA,3466,
latin_abbreviation,ALAARV,3470,
latin_abbreviation,ALAHAM,3468,
latin_abbreviation,ALARAZ,3472,
latin_abbreviation,ALCATT,1552,
latin_abbreviation,ALCCRI,397,
latin_abbreviation,ALCLEU,1062,
latin_abbreviation,ALCNAI,,
latin_abbreviation,ALCQUA,959,
latin_abbreviation,ALCSEM,396,
latin_abbreviation,ALCTHO,,
latin_abbreviation,ALCTOR,2034,
latin_abbreviation,ALCVIN,,
latin_abbreviation,ALEBAR,1204,
latin_abbreviation,ALECAS,2540,
latin_abbreviation,ALECHO,,
latin_abbreviation,ALECHU,980,
latin_abbreviation,ALEDIA,,
latin_abbreviation,ALEFUE,946,
latin_abbreviation,ALEMAD,1842,
latin_abbreviation,ALEPOL,1109,
latin_abbreviation,ALEPUL,1174,
latin_abbreviation,ALESGA,1844,
latin_abbreviation,ALLALL,2036,
latin_abbreviation,ALOAEG,89,
latin_abbreviation,AMAAMA,1032,
latin_abbreviation,AMABOC,,
latin_abbreviation,AMAERY,820,
latin_abbreviation,AMAFAS,821,
latin_abbreviation,AMAFLA,203,
latin_abbreviation,AMAOLI,1924,
latin_abbreviation,AMASUB,838,
latin_abbreviation,AMBALB,804,
latin_abbreviation,AMMCIN,3474,
latin_abbreviation,AMMDES,3476,
latin_abbreviation,AMMGRA,483,
latin_abbreviation,AMMHEY,1206,
latin_abbreviation,AMPSEE,,
latin_abbreviation,ANAACU,886,
latin_abbreviation,ANAAME,1270,
latin_abbreviation,ANABER,1272,
latin_abbreviation,ANACAP,98,
latin_abbreviation,ANACLY,93,
latin_abbreviation,ANACRE,1274,
latin_abbreviation,ANADIS,1276,
latin_abbreviation,ANAERY,,
latin_abbreviation,ANAHOT,,
latin_abbreviation,ANALAM,74,
latin_abbreviation,ANAMEL,1278,
latin_abbreviation,ANAPEN,1280,
latin_abbreviation,ANAPLA,1016,
latin_abbreviation,ANAQUE,885,
latin_abbreviation,ANASMI,94,
latin_abbreviation,ANASPA,95,
latin_abbreviation,ANASTR,1282,
latin_abbreviation,ANAUND,96,
latin_abbreviation,ANDANS,2944,
latin_abbreviation,ANDCHL,,
latin_abbreviation,ANDCUR,2946,
latin_abbreviation,ANDFUS,,
latin_abbreviation,ANDGRA,2950,
latin_abbreviation,ANDIMP,945,
latin_abbreviation,ANDKAK,,
latin_abbreviation,ANDKIK,,
latin_abbreviation,ANDLAT,1111,
latin_abbreviation,ANDMAS,555,
latin_abbreviation,ANDMIL,549,
latin_abbreviation,ANDMON,,
latin_abbreviation,ANDNEU,3048,
latin_abbreviation,ANDOLI,2956,
latin_abbreviation,ANDSTR,,
latin_abbreviation,ANDTEP,,
latin_abbreviation,ANDVIR,565,
latin_abbreviation,ANHRUF,52,
latin_abbreviation,ANOIMB,854,
latin_abbreviation,ANOMIN,301,
latin_abbreviation,ANOSTO,303,
latin_abbreviation,ANOTEN,939,
latin_abbreviation,ANSALB,1284,
latin_abbreviation,ANSANS,1286,
latin_abbreviation,ANSERY,1288,
latin_abbreviation,ANSFAB,1290,
latin_abbreviation,ANTANC,3578,
latin_abbreviation,ANTAUR,3580,
latin_abbreviation,ANTAXI,3570,
latin_abbreviation,ANTBAN,3694,
latin_abbreviation,ANTBRA,700,
latin_abbreviation,ANTCAF,699,
latin_abbreviation,ANTCAM,3690,
latin_abbreviation,ANTCAR,530,
latin_abbreviation,ANTCER,1028,
latin_abbreviation,ANTCHL,701,
latin_abbreviation,ANTCIN,692,
latin_abbreviation,ANTCRE,697,
latin_abbreviation,ANTFLA,2848,
latin_abbreviation,ANTFRA,,
latin_abbreviation,ANTGAB,3584,
latin_abbreviation,ANTHOE,928,
latin_abbreviation,ANTLAT,3692,
latin_abbreviation,ANTLEU,694,
latin_abbreviation,ANTLIN,696,
latin_abbreviation,ANTLON,,
latin_abbreviation,ANTMEL,3698,
latin_abbreviation,ANTMET,3572,
latin_abbreviation,ANTMIN,531,
latin_abbreviation,ANTMUS,2850,
latin_abbreviation,ANTNEG,3586,
latin_abbreviation,ANTNYA,,
latin_abbreviation,ANTORI,3588,
latin_abbreviation,ANTPAL,3700,
latin_abbreviation,ANTPAR,216,
latin_abbreviation,ANTPET,3702,
latin_abbreviation,ANTPRA,3704,
latin_abbreviation,ANTPSE,,
latin_abbreviation,ANTPUN,2854,
latin_abbreviation,ANTREC,3592,
latin_abbreviation,ANTREI,769,
latin_abbreviation,ANTRIC,3708,
latin_abbreviation,ANTROS,1057,
latin_abbreviation,ANTRUB,3710,
latin_abbreviation,ANTSIM,693,
latin_abbreviation,ANTSOK,3712,
latin_abbreviation,ANTSPI,3714,
latin_abbreviation,ANTTRI,698,
latin_abbreviation,ANTRI,698,Guessed shorthand mapped to ANTTRI
latin_abbreviation,ANTVAA,695,
latin_abbreviation,ANTVIR,1920,
latin_abbreviation,ANUEAT,1292,
latin_abbreviation,APAAEQ,1528,
latin_abbreviation,APAALT,3060,
latin_abbreviation,APAARG,3054,
latin_abbreviation,APABAM,3062,
latin_abbreviation,APABIN,3064,
latin_abbreviation,APACHA,3066,
latin_abbreviation,APACHI,927,
latin_abbreviation,APACIN,3070,
latin_abbreviation,APAFAS,3056,
latin_abbreviation,APAFLA,625,
latin_abbreviation,APAGOS,3072,
latin_abbreviation,APAJAC,3074,
latin_abbreviation,APAKAB,3052,
latin_abbreviation,APAKAR,3076,
latin_abbreviation,APALYN,3058,
latin_abbreviation,APAMEL,623,
latin_abbreviation,APANAR,393,
latin_abbreviation,APANIG,3078,
latin_abbreviation,APAPER,3080,
latin_abbreviation,APAPOR,3082,
latin_abbreviation,APAPUL,3084,
latin_abbreviation,APARUD,624,
latin_abbreviation,APARUF,1099,
latin_abbreviation,APARUW,,
latin_abbreviation,APASHA,3088,
latin_abbreviation,APATHO,622,
latin_abbreviation,APAVIR,3050,
latin_abbreviation,APAVIT,944,
latin_abbreviation,APLLAR,322,
latin_abbreviation,APTFOR,890,
latin_abbreviation,APTPAT,987,
latin_abbreviation,APUAFF,385,
latin_abbreviation,APUALE,1668,
latin_abbreviation,APUAPU,378,
latin_abbreviation,APUBAL,1670,
latin_abbreviation,APUBAR,380,
latin_abbreviation,APUBAT,1672,
latin_abbreviation,APUBER,1674,
latin_abbreviation,APUBRA,381,
latin_abbreviation,APUCAF,383,
latin_abbreviation,APUHOR,384,
latin_abbreviation,APUNIA,1676,
latin_abbreviation,APUPAL,379,
latin_abbreviation,APUSLA,1666,
latin_abbreviation,APUUNI,1678,
latin_abbreviation,AQUADA,2092,
latin_abbreviation,AQUAYR,140,
latin_abbreviation,AQUCHR,2094,
latin_abbreviation,AQUCLA,1098,
latin_abbreviation,AQUHEL,2096,
latin_abbreviation,AQUNIP,135,
latin_abbreviation,AQUPEN,139,
latin_abbreviation,AQUPOM,136,
latin_abbreviation,AQURAP,134,
latin_abbreviation,AQUSPI,141,
latin_abbreviation,AQUVER,133,
latin_abbreviation,AQUWAH,137,
latin_abbreviation,ARCORO,,
latin_abbreviation,ARDALB,58,
latin_abbreviation,ARDARA,1894,
latin_abbreviation,ARDBOU,,
latin_abbreviation,ARDCIN,54,
latin_abbreviation,ARDGOL,56,
latin_abbreviation,ARDHUM,2186,
latin_abbreviation,ARDIDA,883,
latin_abbreviation,ARDKOR,217,
latin_abbreviation,ARDMEL,55,
latin_abbreviation,ARDPUR,57,
latin_abbreviation,ARDRAL,62,
latin_abbreviation,ARDRUF,65,
latin_abbreviation,AREINT,232,
latin_abbreviation,ARTVIR,2304,
latin_abbreviation,ASIABY,1738,
latin_abbreviation,ASICAP,361,
latin_abbreviation,ASIFLA,1740,
latin_abbreviation,ASIMAD,1742,
latin_abbreviation,ASIOTU,1744,
latin_abbreviation,ATECRO,1536,
latin_abbreviation,ATEPIT,1538,
latin_abbreviation,ATHNOC,1746,
latin_abbreviation,ATLROG,999,
latin_abbreviation,AVICUC,127,
latin_abbreviation,AVIMAD,2098,
latin_abbreviation,AYTCOL,1294,
latin_abbreviation,AYTFER,1296,
latin_abbreviation,AYTFUL,1298,
latin_abbreviation,AYTHYB,,
latin_abbreviation,AYTINN,1300,
latin_abbreviation,AYTMAR,1302,
latin_abbreviation,AYTNYR,1304,
latin_abbreviation,BAECLA,2960,
latin_abbreviation,BAEIND,1113,
latin_abbreviation,BALPAV,1918,
latin_abbreviation,BALREG,214,
latin_abbreviation,BALREX,1030,
latin_abbreviation,BATCAP,672,
latin_abbreviation,BATCER,3244,
latin_abbreviation,BATDIM,2306,
latin_abbreviation,BATDIO,2312,
latin_abbreviation,BATFRA,676,
latin_abbreviation,BATITU,2314,
latin_abbreviation,BATMAR,2316,
latin_abbreviation,BATMIN,2322,
latin_abbreviation,BATMIX,683,
latin_abbreviation,BATMOL,673,
latin_abbreviation,BATOCC,2310,
latin_abbreviation,BATORI,2324,
latin_abbreviation,BATPER,2326,
latin_abbreviation,BATPOE,2328,
latin_abbreviation,BATPRI,674,
latin_abbreviation,BATREI,,
latin_abbreviation,BATRUF,1114,
latin_abbreviation,BATSEN,2330,
latin_abbreviation,BATSOR,675,
latin_abbreviation,BATWIN,,
latin_abbreviation,BIAMUS,667,
latin_abbreviation,BLECAN,2962,
latin_abbreviation,BLEEXI,2964,
latin_abbreviation,BLENOT,,
latin_abbreviation,BLESYN,1191,
latin_abbreviation,BLEUGA,2968,
latin_abbreviation,BOSBOC,2198,
latin_abbreviation,BOSCAR,2200,
latin_abbreviation,BOSHAG,84,
latin_abbreviation,BOSOLI,2202,
latin_abbreviation,BOSRAR,2204,
latin_abbreviation,BOTSTE,71,
latin_abbreviation,BRAALF,,
latin_abbreviation,BRAANO,3716,
latin_abbreviation,BRABAB,609,
latin_abbreviation,BRABAN,1115,
latin_abbreviation,BRABAR,610,
latin_abbreviation,BRABER,1306,
latin_abbreviation,BRACAR,1064,
latin_abbreviation,BRACIN,1107,
latin_abbreviation,BRAGRA,3250,
latin_abbreviation,BRAINF,663,
latin_abbreviation,BRALEP,1540,
latin_abbreviation,BRALEU,1308,
latin_abbreviation,BRALOP,1106,
latin_abbreviation,BRAMAR,652,
latin_abbreviation,BRAMIC,2544,
latin_abbreviation,BRAPAL,662,
latin_abbreviation,BRARUF,1310,
latin_abbreviation,BRASQU,1542,
latin_abbreviation,BRASYL,611,
latin_abbreviation,BRAVIC,612,
latin_abbreviation,BUBAFR,368,
latin_abbreviation,BUBALB,3718,
latin_abbreviation,BUBASC,1748,
latin_abbreviation,BUBBUB,1752,
latin_abbreviation,BUBCAP,367,
latin_abbreviation,BUBCIN,1754,
latin_abbreviation,BUBIBI,,
latin_abbreviation,BUBLAC,369,
latin_abbreviation,BUBLEU,1756,
latin_abbreviation,BUBNIG,779,
latin_abbreviation,BUBPOE,1758,
latin_abbreviation,BUBSHE,1760,
latin_abbreviation,BUBVOS,,
latin_abbreviation,BUCABY,1510,
latin_abbreviation,BUCCLA,1312,
latin_abbreviation,BUCDUC,1414,
latin_abbreviation,BUCLEA,430,
latin_abbreviation,BUGCAR,215,
latin_abbreviation,BULBUL,994,
latin_abbreviation,BULFAL,1011,
latin_abbreviation,BUPAFR,747,
latin_abbreviation,BUPERY,748,
latin_abbreviation,BUPHYB,,
latin_abbreviation,BURCAP,275,
latin_abbreviation,BUROED,1998,
latin_abbreviation,BURSEN,2000,
latin_abbreviation,BURVER,274,
latin_abbreviation,BUTARC,2102,
latin_abbreviation,BUTAUG,153,
latin_abbreviation,BUTBAN,,
latin_abbreviation,BUTBRA,2108,
latin_abbreviation,BUTBUT,154,
latin_abbreviation,BUTLAG,2110,
latin_abbreviation,BUTORE,2112,
latin_abbreviation,BUTRUF,2100,
latin_abbreviation,BUTSTR,63,
latin_abbreviation,BUTTRI,155,
latin_abbreviation,BYCALB,1474,
latin_abbreviation,BYCATR,,
latin_abbreviation,BYCBRE,423,
latin_abbreviation,BYCBUC,422,
latin_abbreviation,BYCCYL,1478,
latin_abbreviation,BYCELA,,
latin_abbreviation,BYCFIS,,
latin_abbreviation,BYCSUB,1484,
latin_abbreviation,CAIMOS,10003,
latin_abbreviation,CALALB,255,
latin_abbreviation,CALALP,896,
latin_abbreviation,CALATH,,
latin_abbreviation,CALBAI,252,
latin_abbreviation,CALBLA,3478,
latin_abbreviation,CALBRA,3486,
latin_abbreviation,CALCAN,254,
latin_abbreviation,CALCIN,488,
latin_abbreviation,CALDIO,26,
latin_abbreviation,CALEDW,2228,
latin_abbreviation,CALERL,,
latin_abbreviation,CALFAS,614,
latin_abbreviation,CALFER,251,
latin_abbreviation,CALFUS,997,
latin_abbreviation,CALLAP,4000,
latin_abbreviation,CALLEU,1033,
latin_abbreviation,CALMAD,2332,
latin_abbreviation,CALMAR,1976,
latin_abbreviation,CALMEL,895,
latin_abbreviation,CALMIN,253,
latin_abbreviation,CALPUS,1978,
latin_abbreviation,CALRUF,,
latin_abbreviation,CALSER,2970,
latin_abbreviation,CALSIM,3090,
latin_abbreviation,CALSTI,615,
latin_abbreviation,CALSUB,972,
latin_abbreviation,CALTEM,985,
latin_abbreviation,CALTEN,1980,
latin_abbreviation,CALUND,3092,
latin_abbreviation,CAMABI,447,
latin_abbreviation,CAMBEN,446,
latin_abbreviation,CAMBRA,627,
latin_abbreviation,CAMCAI,449,
latin_abbreviation,CAMCAR,1368,
latin_abbreviation,CAMCHL,1189,
latin_abbreviation,CAMFLA,513,
latin_abbreviation,CAMLOB,,
latin_abbreviation,CAMMAC,449,
latin_abbreviation,CAMMOM,1366,
latin_abbreviation,CAMNIV,1188,
latin_abbreviation,CAMNOT,448,
latin_abbreviation,CAMNUB,1372,
latin_abbreviation,CAMORI,,
latin_abbreviation,CAMPET,2340,
latin_abbreviation,CAMPHO,2342,
latin_abbreviation,CAMPUN,1374,
latin_abbreviation,CAMQUI,2344,
latin_abbreviation,CAMSCR,,
latin_abbreviation,CAMSOL,1804,
latin_abbreviation,CAMSUP,3094,
latin_abbreviation,CAMTUL,1376,
latin_abbreviation,CANKIO,,
latin_abbreviation,CANOCU,1928,
latin_abbreviation,CAPAEG,1808,
latin_abbreviation,CAPBAT,1810,
latin_abbreviation,CAPBIN,1812,
latin_abbreviation,CAPCLA,1814,
latin_abbreviation,CAPCLI,1816,
latin_abbreviation,CAPDON,1818,
latin_abbreviation,CAPENA,1820,
latin_abbreviation,CAPEUR,371,
latin_abbreviation,CAPEXI,1822,
latin_abbreviation,CAPFOS,376,
latin_abbreviation,CAPFRA,1824,
latin_abbreviation,CAPFRE,1824,Guessed legacy shorthand mapped to CAPFRA
latin_abbreviation,CAPINO,1826,
latin_abbreviation,CAPMAD,1828,
latin_abbreviation,CAPNAT,375,
latin_abbreviation,CAPNIG,1806,
latin_abbreviation,CAPNUB,1830,
latin_abbreviation,CAPPEC,373,
latin_abbreviation,CAPPOL,357,
latin_abbreviation,CAPPRI,1832,
latin_abbreviation,CAPRUF,1834,
latin_abbreviation,CAPRUW,1840,
latin_abbreviation,CAPSTE,1836,
latin_abbreviation,CAPTRI,374,
latin_abbreviation,CARBRA,3720,
latin_abbreviation,CARCAN,,
latin_abbreviation,CARCAR,4004,
latin_abbreviation,CARCHL,4006,
latin_abbreviation,CARERY,4014,
latin_abbreviation,CARFLA,,
latin_abbreviation,CARJOH,4010,
latin_abbreviation,CARSPI,4012,
latin_abbreviation,CARSYN,4016,
latin_abbreviation,CATANT,,
latin_abbreviation,CATMAC,990,
latin_abbreviation,CATSKU,2038,
latin_abbreviation,CECABY,503,
latin_abbreviation,CECRUF,14935,Post-split European species
latin_abbreviation,CECDAU,962,
latin_abbreviation,CECSEM,501,
latin_abbreviation,CECSEN,500,
latin_abbreviation,CENANS,1624,
latin_abbreviation,CENBUR,,
latin_abbreviation,CENCUP,354,
latin_abbreviation,CENGRI,353,
latin_abbreviation,CENLEU,1626,
latin_abbreviation,CENMON,1628,
latin_abbreviation,CENNEU,1622,
latin_abbreviation,CENSEN,355,
latin_abbreviation,CENSUP,1036,
latin_abbreviation,CENTOU,1630,
latin_abbreviation,CERALB,461,
latin_abbreviation,CERBAR,,
latin_abbreviation,CERBEN,,
latin_abbreviation,CERBRA,2844,
latin_abbreviation,CERBRE,4123,
latin_abbreviation,CERBUR,479,
latin_abbreviation,CERCHU,465,
latin_abbreviation,CERCOR,583,
latin_abbreviation,CERCUR,4125,
latin_abbreviation,CERDUB,2546,
latin_abbreviation,CERERY,480,
latin_abbreviation,CERFAM,570,
latin_abbreviation,CERGAL,567,
latin_abbreviation,CERHAR,2556,
latin_abbreviation,CERLEU,1182,
latin_abbreviation,CERMEC,1592,
latin_abbreviation,CERMEL,2548,
latin_abbreviation,CERMON,923,
latin_abbreviation,CEROLI,1594,
latin_abbreviation,CERPAE,586,
latin_abbreviation,CERPOD,2558,
latin_abbreviation,CERQUA,585,
latin_abbreviation,CERRUD,394,
latin_abbreviation,CERSCH,566,
latin_abbreviation,CERSCO,2550,
latin_abbreviation,CERSEM,,
latin_abbreviation,CERSIG,584,
latin_abbreviation,CERSIN,572,
latin_abbreviation,CERSOR,2552,
latin_abbreviation,CERSUB,,
latin_abbreviation,CERTRA,571,
latin_abbreviation,CETCET,3252,
latin_abbreviation,CEUAER,358,
latin_abbreviation,CEUAUS,1596,
latin_abbreviation,CEYPIC,398,
latin_abbreviation,CHAALE,2002,
latin_abbreviation,CHAAME,772,
latin_abbreviation,CHAASI,240,
latin_abbreviation,CHAAUR,1038,
latin_abbreviation,CHADUB,955,
latin_abbreviation,CHAFOR,956,
latin_abbreviation,CHAFRE,540,
latin_abbreviation,CHAHIA,233,
latin_abbreviation,CHAHUN,3610,
latin_abbreviation,CHALES,239,
latin_abbreviation,CHAMAR,235,
latin_abbreviation,CHAMON,,
latin_abbreviation,CHAPAL,236,
latin_abbreviation,CHAPEC,237,
latin_abbreviation,CHARUB,1116,
latin_abbreviation,CHASAN,2004,
latin_abbreviation,CHASEN,774,
latin_abbreviation,CHATHO,,
latin_abbreviation,CHATRI,238,
latin_abbreviation,CHEALB,474,
latin_abbreviation,CHEBEE,3490,
latin_abbreviation,CHEDUP,3492,
latin_abbreviation,CHERIO,2114,
latin_abbreviation,CHIALB,,
latin_abbreviation,CHIMIN,975,
latin_abbreviation,CHLBOC,2498,
latin_abbreviation,CHLDOH,2500,
latin_abbreviation,CHLFAL,1180,
latin_abbreviation,CHLFLA,550,
latin_abbreviation,CHLGRA,1067,
latin_abbreviation,CHLHYB,305,
latin_abbreviation,CHLLAE,2972,
latin_abbreviation,CHLLEU,304,
latin_abbreviation,CHLMAC,,
latin_abbreviation,CHLNAT,,
latin_abbreviation,CHLNIG,903,
latin_abbreviation,CHLPRI,2974,
latin_abbreviation,CHLSIM,471,
latin_abbreviation,CHLSUL,719,
latin_abbreviation,CHLUND,1898,
latin_abbreviation,CHLVIR,721,
latin_abbreviation,CHRCAP,352,
latin_abbreviation,CHRCIR,288,
latin_abbreviation,CHRCUP,350,
latin_abbreviation,CHRFLA,1598,
latin_abbreviation,CHRGEN,1078,
latin_abbreviation,CHRKLA,351,
latin_abbreviation,CHRRID,933,
latin_abbreviation,CICABD,78,
latin_abbreviation,CICARQ,593,
latin_abbreviation,CICCIC,80,
latin_abbreviation,CICEPI,77,
latin_abbreviation,CICGUT,2560,
latin_abbreviation,CICNIG,79,
latin_abbreviation,CICRUF,910,
latin_abbreviation,CINBIF,756,
latin_abbreviation,CINBOU,3626,
latin_abbreviation,CINCHA,3628,
latin_abbreviation,CINCHO,1117,
latin_abbreviation,CINCIN,2538,
latin_abbreviation,CINCUP,754,
latin_abbreviation,CINERY,3638,
latin_abbreviation,CINFEM,2820,
latin_abbreviation,CINHAB,,
latin_abbreviation,CINLEU,736,
latin_abbreviation,CINMAR,755,
latin_abbreviation,CINMED,767,
latin_abbreviation,CINNEC,3684,
latin_abbreviation,CINPUL,3686,
latin_abbreviation,CINREI,3660,
latin_abbreviation,CINSP,,
latin_abbreviation,CINSUP,3672,
latin_abbreviation,CINTSA,3676,
latin_abbreviation,CINUSA,3600,
latin_abbreviation,CINVEN,762,
latin_abbreviation,CIRAER,166,
latin_abbreviation,CIRBEA,2116,
latin_abbreviation,CIRCIN,145,
latin_abbreviation,CIRCYA,2120,
latin_abbreviation,CIRFAS,147,
latin_abbreviation,CIRGAL,2118,
latin_abbreviation,CIRMAC,168,
latin_abbreviation,CIRMAI,2122,
latin_abbreviation,CIRMAU,169,
latin_abbreviation,CIRPEC,146,
latin_abbreviation,CIRPYG,170,
latin_abbreviation,CIRRAN,167,
latin_abbreviation,CISA.,,
latin_abbreviation,CISABE,3108,
latin_abbreviation,CISANG,3106,
latin_abbreviation,CISANO,3110,
latin_abbreviation,CISARI,630,
latin_abbreviation,CISAYR,634,
latin_abbreviation,CISBOD,3112,
latin_abbreviation,CISBRA,636,
latin_abbreviation,CISBRU,3114,
latin_abbreviation,CISBUL,3116,
latin_abbreviation,CISCAN,643,
latin_abbreviation,CISCAR,3118,
latin_abbreviation,CISCHE,3120,
latin_abbreviation,CISCHI,642,
latin_abbreviation,CISCHU,3122,
latin_abbreviation,CISCIN,3124,
latin_abbreviation,CISDAM,3126,
latin_abbreviation,CISDIS,1119,
latin_abbreviation,CISDOR,3128,
latin_abbreviation,CISERY,644,
latin_abbreviation,CISEXI,3130,
latin_abbreviation,CISFUL,,
latin_abbreviation,CISGAL,4138,
latin_abbreviation,CISHAE,3132,
latin_abbreviation,CISHUN,632,
latin_abbreviation,CISINC,,
latin_abbreviation,CISJUN,629,
latin_abbreviation,CISLAI,639,
latin_abbreviation,CISLAT,3136,
latin_abbreviation,CISLEP,3100,
latin_abbreviation,CISLUA,3138,
latin_abbreviation,CISLUG,3140,
latin_abbreviation,CISMEL,3144,
latin_abbreviation,CISNAN,3146,
latin_abbreviation,CISNAT,647,
latin_abbreviation,CISNIG,3148,
latin_abbreviation,CISNJO,640,
latin_abbreviation,CISPIP,915,
latin_abbreviation,CISRES,3150,
latin_abbreviation,CISROB,3152,
latin_abbreviation,CISRUF,3154,
latin_abbreviation,CISSP.,3158,
latin_abbreviation,CISSUB,,
latin_abbreviation,CISTEX,631,
latin_abbreviation,CISTIN,646,
latin_abbreviation,CISTRO,3164,
latin_abbreviation,CISWOO,3166,
latin_abbreviation,CLAGLA,346,
latin_abbreviation,CLAJAC,348,
latin_abbreviation,CLALEV,347,
latin_abbreviation,CLASOM,3484,
latin_abbreviation,CLYMON,3722,
latin_abbreviation,COCAME,1632,
latin_abbreviation,COCCOC,4018,
latin_abbreviation,COCQUA,826,
latin_abbreviation,COLALB,1848,
latin_abbreviation,COLARQ,312,
latin_abbreviation,COLCAS,1586,
latin_abbreviation,COLCOL,391,
latin_abbreviation,COLDEL,313,
latin_abbreviation,COLELA,1680,
latin_abbreviation,COLFRA,1682,
latin_abbreviation,COLGUI,311,
latin_abbreviation,COLIRI,1850,
latin_abbreviation,COLLEU,1588,
latin_abbreviation,COLLIV,940,
latin_abbreviation,COLMAL,1852,
latin_abbreviation,COLMAY,324,
latin_abbreviation,COLOEN,1854,
latin_abbreviation,COLOLI,1856,
latin_abbreviation,COLPAL,1858,
latin_abbreviation,COLPIC,,
latin_abbreviation,COLPOL,1862,
latin_abbreviation,COLSJO,1864,
latin_abbreviation,COLSTR,390,
latin_abbreviation,COLTHO,1866,
latin_abbreviation,COLUNI,1868,
latin_abbreviation,COPALB,2562,
latin_abbreviation,COPSEC,1175,
latin_abbreviation,CORABY,1530,
latin_abbreviation,CORALB,522,
latin_abbreviation,CORAZU,,
latin_abbreviation,CORCAE,516,
latin_abbreviation,CORCAP,523,
latin_abbreviation,CORCAU,413,
latin_abbreviation,CORCIN,,
latin_abbreviation,CORCON,,
latin_abbreviation,CORCOR,2358,
latin_abbreviation,CORCRA,2360,
latin_abbreviation,CORCRI,1696,
latin_abbreviation,CORCYA,1532,
latin_abbreviation,COREDI,2362,
latin_abbreviation,CORFRU,2364,
latin_abbreviation,CORGAR,412,
latin_abbreviation,CORGRA,,
latin_abbreviation,CORLEU,1698,
latin_abbreviation,CORMEL,,
latin_abbreviation,CORMON,,
latin_abbreviation,CORNAE,415,
latin_abbreviation,CORNEW,,
latin_abbreviation,CORNIG,1646,
latin_abbreviation,CORPEC,515,
latin_abbreviation,CORPER,1700,
latin_abbreviation,CORRHI,2368,
latin_abbreviation,CORRUF,2370,
latin_abbreviation,CORSPA,414,
latin_abbreviation,CORSPL,989,
latin_abbreviation,CORTYP,,
latin_abbreviation,CORVAS,1648,
latin_abbreviation,COSALB,2566,
latin_abbreviation,COSANO,,
latin_abbreviation,COSARC,,
latin_abbreviation,COSCAF,581,
latin_abbreviation,COSCYA,2570,
latin_abbreviation,COSDIC,578,
latin_abbreviation,COSHAA,,
latin_abbreviation,COSHEI,2572,
latin_abbreviation,COSHEU,580,
latin_abbreviation,COSHUM,582,
latin_abbreviation,COSISA,1120,
latin_abbreviation,COSNAT,579,
latin_abbreviation,COSNIV,2574,
latin_abbreviation,COSROB,2564,
latin_abbreviation,COSSEM,2576,
latin_abbreviation,COTADA,191,
latin_abbreviation,COTCOT,189,
latin_abbreviation,COTDEL,190,
latin_abbreviation,COUCAE,1600,
latin_abbreviation,COUCOQ,1602,
latin_abbreviation,COUCRI,1604,
latin_abbreviation,COUCUR,1606,
latin_abbreviation,COUDEL,1608,
latin_abbreviation,COUGIG,1610,
latin_abbreviation,COUREY,1612,
latin_abbreviation,COURUF,1614,
latin_abbreviation,COUSER,1616,
latin_abbreviation,COUVER,1618,
latin_abbreviation,CRECIN,735,
latin_abbreviation,CRECRE,198,
latin_abbreviation,CREEGR,199,
latin_abbreviation,CRIATR,860,
latin_abbreviation,CRIBAR,2978,
latin_abbreviation,CRIBUC,4086,
latin_abbreviation,CRIBUR,1159,
latin_abbreviation,CRICAL,2980,
latin_abbreviation,CRICHL,1121,
latin_abbreviation,CRICIT,973,
latin_abbreviation,CRIDON,4094,
latin_abbreviation,CRIDOR,4096,
latin_abbreviation,CRIGUL,867,
latin_abbreviation,CRIHYP,4084,
latin_abbreviation,CRIKOL,4080,
latin_abbreviation,CRIMOZ,859,
latin_abbreviation,CRINDU,2982,
latin_abbreviation,CRIOLI,2984,
latin_abbreviation,CRIPIS,1702,
latin_abbreviation,CRIREI,4074,
latin_abbreviation,CRISTR,778,
latin_abbreviation,CRISUL,863,
latin_abbreviation,CRIZON,1704,
latin_abbreviation,CROXAN,3254,
latin_abbreviation,CRYJAC,3724,
latin_abbreviation,CRYRAN,3256,
latin_abbreviation,CRYREI,828,
latin_abbreviation,CRYSAL,3726,
latin_abbreviation,CRYSHE,3728,
latin_abbreviation,CUCCAN,340,
latin_abbreviation,CUCCLA,344,
latin_abbreviation,CUCGUL,341,
latin_abbreviation,CUCPOL,4130,
latin_abbreviation,CUCROC,1620,
latin_abbreviation,CUCSOL,343,
latin_abbreviation,CURCUR,2024,
latin_abbreviation,CURRUF,276,
latin_abbreviation,CURSOM,2026,
latin_abbreviation,CURTEM,277,
latin_abbreviation,CYACYA,1314,
latin_abbreviation,CYAMAD,2372,
latin_abbreviation,CYAOLI,766,
latin_abbreviation,CYAVER,1068,
latin_abbreviation,CYGCOL,1316,
latin_abbreviation,CYGCYG,1318,
latin_abbreviation,CYGOLO,884,
latin_abbreviation,CYPPAR,387,
latin_abbreviation,DAMX R,,
latin_abbreviation,DAPCAP,14,
latin_abbreviation,DELURB,507,
latin_abbreviation,DENABY,1386,
latin_abbreviation,DENBIC,101,
latin_abbreviation,DENELA,1388,
latin_abbreviation,DENFUS,450,
latin_abbreviation,DENGAB,1390,
latin_abbreviation,DENGOE,1392,
latin_abbreviation,DENGRI,452,
latin_abbreviation,DENLUG,1382,
latin_abbreviation,DENMAJ,1378,
latin_abbreviation,DENMIN,1380,
latin_abbreviation,DENNAM,451,
latin_abbreviation,DENPOE,1394,
latin_abbreviation,DENPYR,1396,
latin_abbreviation,DENROV,,
latin_abbreviation,DENSPO,1384,
latin_abbreviation,DENSTI,417,
latin_abbreviation,DENSYR,1398,
latin_abbreviation,DENVID,100,
latin_abbreviation,DENXAN,1400,
latin_abbreviation,DICADS,517,
latin_abbreviation,DICALD,1071,
latin_abbreviation,DICATR,2374,
latin_abbreviation,DICFOR,2376,
latin_abbreviation,DICFUS,2378,
latin_abbreviation,DICLUD,518,
latin_abbreviation,DICMOD,,
latin_abbreviation,DICWAL,2380,
latin_abbreviation,DINDIN,3730,
latin_abbreviation,DIOAMS,848,
latin_abbreviation,DIODAB,1080,
latin_abbreviation,DIOEPO,924,
latin_abbreviation,DIOEXU,7,
latin_abbreviation,DIOSAN,2230,
latin_abbreviation,DREREI,1118,
latin_abbreviation,DRETHO,,
latin_abbreviation,DROARD,273,
latin_abbreviation,DROBRU,,
latin_abbreviation,DRYANG,2384,
latin_abbreviation,DRYCUB,712,
latin_abbreviation,DRYCUV,1072,
latin_abbreviation,DRYGAM,2386,
latin_abbreviation,DRYINC,3168,
latin_abbreviation,DRYPRI,2388,
latin_abbreviation,DRYSAB,2390,
latin_abbreviation,DRYSEN,2392,
latin_abbreviation,DRYSPE,2124,
latin_abbreviation,DYAALB,2396,
latin_abbreviation,DYABLI,2394,
latin_abbreviation,DYACAS,2398,
latin_abbreviation,DYACHA,2402,
latin_abbreviation,DYACON,1125,
latin_abbreviation,DYAJAM,2404,
latin_abbreviation,DYATON,2400,
latin_abbreviation,EGRARD,64,
latin_abbreviation,EGRCAE,1015,
latin_abbreviation,EGRDIM,,
latin_abbreviation,EGRGAR,59,
latin_abbreviation,EGRGUL,2190,
latin_abbreviation,EGRINT,60,
latin_abbreviation,EGRTHU,2192,
latin_abbreviation,EGRVIN,982,
latin_abbreviation,ELACAE,130,
latin_abbreviation,ELMALB,1126,
latin_abbreviation,ELMLON,1127,
latin_abbreviation,ELMNIG,1128,
latin_abbreviation,EMBAFF,4020,
latin_abbreviation,EMBCAB,875,
latin_abbreviation,EMBCAE,4022,
latin_abbreviation,EMBCAP,873,
latin_abbreviation,EMBCIA,4024,
latin_abbreviation,EMBCIN,4026,
latin_abbreviation,EMBCIR,4028,
latin_abbreviation,EMBCIT,4030,
latin_abbreviation,EMBFLA,874,
latin_abbreviation,EMBHOR,4032,
latin_abbreviation,EMBIMP,871,
latin_abbreviation,EMBLEU,4034,
latin_abbreviation,EMBMEL,4036,
latin_abbreviation,EMBPOL,4038,
latin_abbreviation,EMBPUS,4040,
latin_abbreviation,EMBRUS,4042,
latin_abbreviation,EMBSCH,4044,
latin_abbreviation,EMBSOC,4046,
latin_abbreviation,EMBSTR,4048,
latin_abbreviation,EMBTAH,872,
latin_abbreviation,EMILEP,3170,
latin_abbreviation,EMPSEM,2578,
latin_abbreviation,EPHSEN,75,
latin_abbreviation,EREALP,3496,
latin_abbreviation,EREATR,3264,
latin_abbreviation,EREAUS,486,
latin_abbreviation,EREBAD,3266,
latin_abbreviation,EREBIL,3498,
latin_abbreviation,ERECAN,3262,
latin_abbreviation,EREDUN,3494,
latin_abbreviation,EREFLA,3268,
latin_abbreviation,EREGRE,626,
latin_abbreviation,EREICT,600,
latin_abbreviation,ERELEU,484,
latin_abbreviation,ERENIG,3502,
latin_abbreviation,EREPUS,3270,
latin_abbreviation,ERESAL,3260,
latin_abbreviation,ERESCO,602,
latin_abbreviation,ERESIG,3504,
latin_abbreviation,ERESTA,492,
latin_abbreviation,ERETUR,3272,
latin_abbreviation,EREUST,601,
latin_abbreviation,EREVER,485,
latin_abbreviation,ERIRUB,2580,
latin_abbreviation,ERYHOL,2408,
latin_abbreviation,ERYLIV,679,
latin_abbreviation,ERYMCC,2410,
latin_abbreviation,ESTAST,843,
latin_abbreviation,ESTCAE,3742,
latin_abbreviation,ESTCHA,3734,
latin_abbreviation,ESTERY,841,
latin_abbreviation,ESTKAN,3740,
latin_abbreviation,ESTMEL,1089,
latin_abbreviation,ESTNIG,,
latin_abbreviation,ESTNON,1129,
latin_abbreviation,ESTOCH,3736,
latin_abbreviation,ESTPAL,1090,
latin_abbreviation,ESTPER,,
latin_abbreviation,ESTPOL,3738,
latin_abbreviation,ESTRHO,817,
latin_abbreviation,ESTTHO,920,
latin_abbreviation,ESTTRO,3744,
latin_abbreviation,EUDCHR,983,
latin_abbreviation,EUDMOR,2006,
latin_abbreviation,EUDROB,32,
latin_abbreviation,EUOCAN,3784,
latin_abbreviation,EUPAFE,812,
latin_abbreviation,EUPALB,814,
latin_abbreviation,EUPARD,813,
latin_abbreviation,EUPAUR,1179,
latin_abbreviation,EUPAXI,816,
latin_abbreviation,EUPBAR,,
latin_abbreviation,EUPCAE,223,
latin_abbreviation,EUPCAP,810,
latin_abbreviation,EUPDIA,3746,
latin_abbreviation,EUPFRA,3748,
latin_abbreviation,EUPGIE,3750,
latin_abbreviation,EUPHAR,971,
latin_abbreviation,EUPHOR,809,
latin_abbreviation,EUPHUM,1908,
latin_abbreviation,EUPJAC,3752,
latin_abbreviation,EUPMAC,815,
latin_abbreviation,EUPNIG,3754,
latin_abbreviation,EUPORI,808,
latin_abbreviation,EUPPRO,818,
latin_abbreviation,EUPPSA,,
latin_abbreviation,EUPRUE,221,
latin_abbreviation,EUPRUF,224,
latin_abbreviation,EUPSAV,1902,
latin_abbreviation,EUPSEN,222,
latin_abbreviation,EUPVIG,220,
latin_abbreviation,EURANG,730,
latin_abbreviation,EURGLA,416,
latin_abbreviation,EURGUL,1534,
latin_abbreviation,EURPRE,2412,
latin_abbreviation,EURRUE,2276,
latin_abbreviation,EURSUB,613,
latin_abbreviation,EUSCIN,3758,
latin_abbreviation,EUSDYB,3760,
latin_abbreviation,EUTAST,2126,
latin_abbreviation,FALALE,,
latin_abbreviation,FALALO,2152,
latin_abbreviation,FALAMU,119,
latin_abbreviation,FALARA,1082,
latin_abbreviation,FALARD,889,
latin_abbreviation,FALBIA,114,
latin_abbreviation,FALCHE,2154,
latin_abbreviation,FALCHI,117,
latin_abbreviation,FALCOL,1020,
latin_abbreviation,FALCON,888,
latin_abbreviation,FALCUV,116,
latin_abbreviation,FALDIC,121,
latin_abbreviation,FALELE,992,
latin_abbreviation,FALFAS,887,
latin_abbreviation,FALMAD,,
latin_abbreviation,FALNAU,125,
latin_abbreviation,FALNEG,,
latin_abbreviation,FALNEW,2160,
latin_abbreviation,FALPAL,2414,
latin_abbreviation,FALPEL,2148,
latin_abbreviation,FALPER,113,
latin_abbreviation,FALPUN,124,
latin_abbreviation,FALRUP,122,
latin_abbreviation,FALSUB,115,
latin_abbreviation,FALTIN,2162,
latin_abbreviation,FALVES,120,
latin_abbreviation,FALZON,2164,
latin_abbreviation,FICALB,917,
latin_abbreviation,FICHYP,1022,
latin_abbreviation,FICPAR,2582,
latin_abbreviation,FICSEM,2584,
latin_abbreviation,FOUEMI,1069,
latin_abbreviation,FOUFLA,3762,
latin_abbreviation,FOUMAD,1047,
latin_abbreviation,FOUOMI,3764,
latin_abbreviation,FOURUB,1048,
latin_abbreviation,FOUSEC,1178,
latin_abbreviation,FRAAFE,188,
latin_abbreviation,FRAARC,2040,
latin_abbreviation,FRACAS,,
latin_abbreviation,FRACIN,2586,
latin_abbreviation,FRACOQ,173,
latin_abbreviation,FRAHIL,,
latin_abbreviation,FRAJAC,,
latin_abbreviation,FRALEU,1236,
latin_abbreviation,FRALEV,179,
latin_abbreviation,FRAOCR,2588,
latin_abbreviation,FRAPSI,1254,
latin_abbreviation,FRASEP,174,
latin_abbreviation,FRASHE,177,
latin_abbreviation,FRASQU,,
latin_abbreviation,FRASTR,1256,
latin_abbreviation,FREAND,2214,
latin_abbreviation,FREAQU,2216,
latin_abbreviation,FREARI,1013,
latin_abbreviation,FREGRA,37,
latin_abbreviation,FREMAG,2218,
latin_abbreviation,FREMIN,53,
latin_abbreviation,FRETRO,36,
latin_abbreviation,FRICOE,870,
latin_abbreviation,FRIMON,4050,
latin_abbreviation,FULATR,1930,
latin_abbreviation,FULCRI,212,
latin_abbreviation,FULGLA,15,
latin_abbreviation,GALANG,211,
latin_abbreviation,GALCHL,210,
latin_abbreviation,GALCRI,3506,
latin_abbreviation,GALGAL,957,
latin_abbreviation,GALMAC,1982,
latin_abbreviation,GALMAG,463,
latin_abbreviation,GALMED,249,
latin_abbreviation,GALMOD,3508,
latin_abbreviation,GALNES,996,
latin_abbreviation,GALNIG,250,
latin_abbreviation,GALSTE,1984,
latin_abbreviation,GALTHE,3510,
latin_abbreviation,GARGLA,2416,
latin_abbreviation,GARNER,35,
latin_abbreviation,GAVARC,2222,
latin_abbreviation,GAVIMM,2224,
latin_abbreviation,GAVSTE,2226,
latin_abbreviation,GELNIL,902,
latin_abbreviation,GEOOLI,445,
latin_abbreviation,GEOSTR,1173,
latin_abbreviation,GERCAL,82,
latin_abbreviation,GERERE,2206,
latin_abbreviation,GLAALB,1802,
latin_abbreviation,GLACAP,366,
latin_abbreviation,GLACIN,2028,
latin_abbreviation,GLAMAL,2030,
latin_abbreviation,GLANOR,282,
latin_abbreviation,GLANUC,283,
latin_abbreviation,GLAOCU,898,
latin_abbreviation,GLAPER,365,
latin_abbreviation,GLAPRA,281,
latin_abbreviation,GLASJO,1762,
latin_abbreviation,GLATEP,1764,
latin_abbreviation,GORLEU,70,
latin_abbreviation,GRAIAN,3978,
latin_abbreviation,GRATOR,2772,
latin_abbreviation,GRAVIT,3172,
latin_abbreviation,GRUGRU,1922,
latin_abbreviation,GUTPLU,1266,
latin_abbreviation,GUTPUC,193,
latin_abbreviation,GYGALB,302,
latin_abbreviation,GYMBON,1416,
latin_abbreviation,GYMCAL,1130,
latin_abbreviation,GYMPEL,1418,
latin_abbreviation,GYMSLA,1420,
latin_abbreviation,GYPAFR,107,
latin_abbreviation,GYPANG,112,
latin_abbreviation,GYPBAR,150,
latin_abbreviation,GYPCOP,106,
latin_abbreviation,GYPFUL,2128,
latin_abbreviation,GYPRUE,1029,
latin_abbreviation,HAEMEA,2008,
latin_abbreviation,HAEMOQ,231,
latin_abbreviation,HAEOST,894,
latin_abbreviation,HALALB,402,
latin_abbreviation,HALBAD,1560,
latin_abbreviation,HALCAE,20,
latin_abbreviation,HALCHE,403,
latin_abbreviation,HALLEU,401,
latin_abbreviation,HALMAL,1131,
latin_abbreviation,HALSEN,400,
latin_abbreviation,HALSMY,1562,
latin_abbreviation,HALVOC,149,
latin_abbreviation,HARAUR,2830,
latin_abbreviation,HEDCOL,771,
latin_abbreviation,HEDPAL,3574,
latin_abbreviation,HEDPLA,3576,
latin_abbreviation,HELERY,,
latin_abbreviation,HEMNEU,3274,
latin_abbreviation,HETARC,3512,
latin_abbreviation,HETRUD,473,
latin_abbreviation,HETSID,,
latin_abbreviation,HIEFAS,2134,
latin_abbreviation,HIEPEN,139,Guessed shorthand mapped to Hieraaetus pennatus
latin_abbreviation,HIMHAE,1932,
latin_abbreviation,HIMHIM,270,
latin_abbreviation,HIPICT,596,
latin_abbreviation,HIPLAN,3276,
latin_abbreviation,HIPOLI,597,
latin_abbreviation,HIPPAL,3278,
latin_abbreviation,HIPPOL,3280,
latin_abbreviation,HIRAET,2886,
latin_abbreviation,HIRALB,495,
latin_abbreviation,HIRANG,494,
latin_abbreviation,HIRUS,493,Guessed shorthand mapped to HIRRUS
latin_abbreviation,HIRABY,503,Best guess shorthand mapped to Cecropis abyssinica
latin_abbreviation,HIRATR,497,
latin_abbreviation,HIRCUC,502,
latin_abbreviation,HIRDIM,498,
latin_abbreviation,HIRDOM,,
latin_abbreviation,HIRFUL,2888,
latin_abbreviation,HIRLEU,2890,
latin_abbreviation,HIRLUC,2892,
latin_abbreviation,HIRMEG,2894,
latin_abbreviation,HIRNIG,2898,
latin_abbreviation,HIROBS,2884,
latin_abbreviation,HIRPER,2900,
latin_abbreviation,HIRPRE,2902,
latin_abbreviation,HIRRUF,,
latin_abbreviation,HIRRUP,2904,
latin_abbreviation,HIRRUS,493,
latin_abbreviation,HIRSMI,496,
latin_abbreviation,HISRUF,3766,
latin_abbreviation,HORDOH,,
latin_abbreviation,HUMFLA,2590,
latin_abbreviation,HYDCAS,290,
latin_abbreviation,HYDPEL,30,
latin_abbreviation,HYLAUS,668,
latin_abbreviation,HYLCUP,,
latin_abbreviation,HYLFLA,670,
latin_abbreviation,HYLPRA,3282,
latin_abbreviation,HYLPUR,,
latin_abbreviation,HYLUSU,,
latin_abbreviation,HYLVIO,3286,
latin_abbreviation,HYPAMP,3046,
latin_abbreviation,HYPATR,3174,
latin_abbreviation,HYPBOR,2986,
latin_abbreviation,HYPCOR,2418,
latin_abbreviation,HYPCRA,2988,
latin_abbreviation,HYPMAD,1070,
latin_abbreviation,HYPMAR,831,
latin_abbreviation,HYPNIV,832,
latin_abbreviation,HYPOLI,2990,
latin_abbreviation,HYPPAR,2992,
latin_abbreviation,ILLALB,1193,
latin_abbreviation,ILLCLE,3288,
latin_abbreviation,ILLFUL,1181,
latin_abbreviation,ILLPUV,3290,
latin_abbreviation,ILLPYR,3292,
latin_abbreviation,ILLRUF,3296,
latin_abbreviation,INDCON,,
latin_abbreviation,INDEXI,1132,
latin_abbreviation,INDIND,440,
latin_abbreviation,INDMAC,1352,
latin_abbreviation,INDMEL,906,
latin_abbreviation,INDMIN,442,
latin_abbreviation,INDPUM,1354,
latin_abbreviation,INDVAR,441,
latin_abbreviation,INDWIL,1356,
latin_abbreviation,IRAGUT,2592,
latin_abbreviation,ISPLEC,,
latin_abbreviation,ISPMAD,1558,
latin_abbreviation,IXOGUT,2994,
latin_abbreviation,IXOMIN,67,
latin_abbreviation,IXOSIN,2194,
latin_abbreviation,IXOSTU,66,
latin_abbreviation,JUBLET,1766,
latin_abbreviation,JYNRUF,453,
latin_abbreviation,JYNTOR,1402,
latin_abbreviation,KAKPOL,1133,
latin_abbreviation,KAUMON,144,
latin_abbreviation,KERX R,,
latin_abbreviation,KUPCHA,,
latin_abbreviation,KUPGIL,3300,
latin_abbreviation,KUPRUF,,
latin_abbreviation,LAGLAN,3774,
latin_abbreviation,LAGLAR,3776,
latin_abbreviation,LAGNIT,836,
latin_abbreviation,LAGRAR,3778,
latin_abbreviation,LAGRHO,835,
latin_abbreviation,LAGRUB,833,
latin_abbreviation,LAGRUF,3768,
latin_abbreviation,LAGSAN,3780,
latin_abbreviation,LAGSEN,837,
latin_abbreviation,LAGUMB,,
latin_abbreviation,LAGVIR,,
latin_abbreviation,LAMACU,741,
latin_abbreviation,LAMAUS,743,
latin_abbreviation,LAMCAU,2784,
latin_abbreviation,LAMCHA,2786,
latin_abbreviation,LAMCHL,739,
latin_abbreviation,LAMCOR,740,
latin_abbreviation,LAMELI,2782,
latin_abbreviation,LAMFIS,2836,
latin_abbreviation,LAMHIL,2788,
latin_abbreviation,LAMIRI,,
latin_abbreviation,LAMMEV,742,
latin_abbreviation,LAMNIT,737,
latin_abbreviation,LAMORN,1134,
latin_abbreviation,LAMPUL,2790,
latin_abbreviation,LAMPUR,2792,
latin_abbreviation,LAMREG,2778,
latin_abbreviation,LAMSHE,2796,
latin_abbreviation,LAMSPL,2798,
latin_abbreviation,LAMSUP,2800,
latin_abbreviation,LAMUNI,2780,
latin_abbreviation,LANAET,977,
latin_abbreviation,LANAMB,2422,
latin_abbreviation,LANATR,711,
latin_abbreviation,LANBAR,2424,
latin_abbreviation,LANBIC,710,
latin_abbreviation,LANBRA,2426,
latin_abbreviation,LANCAB,2278,
latin_abbreviation,LANCOL,708,
latin_abbreviation,LCOXIS,-1,Guessed shorthand mapped to Lanius collurio x Lanius isabellinus
latin_abbreviation,8 x 10,-1,Guessed shorthand mapped to Lanius collurio x Lanius isabellinus
latin_abbreviation,LCxLI hybrid,-1,Temporary AFRING number; true AFRING number still missing
latin_abbreviation,LANCOL X LANISA,-1,Temporary AFRING number; true AFRING number still missing
latin_abbreviation,LANCxI,-1,Temporary AFRING number; true AFRING number still missing
latin_abbreviation,LANCOLXLANISA,-1,Temporary AFRING number; true AFRING number still missing
latin_abbreviation,LAISxCO,-1,Temporary AFRING number; true AFRING number still missing
latin_abbreviation,LANCOLxISA,-1,Temporary AFRING number; true AFRING number still missing
latin_abbreviation,LANCRI,1083,
latin_abbreviation,LANDOR,2280,
latin_abbreviation,LANERY,2428,
latin_abbreviation,LANEXC,2282,
latin_abbreviation,LANFER,709,
latin_abbreviation,LANFUE,732,
latin_abbreviation,LANFUN,2430,
latin_abbreviation,LANGUB,2286,
latin_abbreviation,LANISA,2288,
latin_abbreviation,LANISAX,-1,Based on comment:  L.coll x L. isab
latin_abbreviation,LANLEU,2432,
latin_abbreviation,LANLIB,,
latin_abbreviation,LANLUE,2436,
latin_abbreviation,LANMAC,2290,
latin_abbreviation,LANMAR,,
latin_abbreviation,LANMER,2294,
latin_abbreviation,LANMIN,706,
latin_abbreviation,LANMUF,2438,
latin_abbreviation,LANNEW,,
latin_abbreviation,LANNUB,2296,
latin_abbreviation,LANPOE,2420,
latin_abbreviation,LANRUF,2440,
latin_abbreviation,LANSEN,976,
latin_abbreviation,LANSOM,2298,
latin_abbreviation,LANSOU,918,
latin_abbreviation,LANTOR,726,
latin_abbreviation,LANTUR,2442,
latin_abbreviation,LARARG,931,
latin_abbreviation,LARARM,2044,
latin_abbreviation,LARATR,2046,
latin_abbreviation,LARAUD,2048,
latin_abbreviation,LARCAC,2050,
latin_abbreviation,LARCAN,2052,
latin_abbreviation,LARDEL,2054,
latin_abbreviation,LARDOM,287,
latin_abbreviation,LARFUS,4136,
latin_abbreviation,LARGLA,2056,
latin_abbreviation,LARHAR,289,
latin_abbreviation,LARHEM,2058,
latin_abbreviation,LARHEU,2042,
latin_abbreviation,LARHYP,2060,
latin_abbreviation,LARICH,2062,
latin_abbreviation,LARLEU,900,
latin_abbreviation,LARMAR,2064,
latin_abbreviation,LARMEL,2066,
latin_abbreviation,LARMIN,2068,
latin_abbreviation,LARPIP,932,
latin_abbreviation,LARSAB,901,
latin_abbreviation,LEMNAN,,
latin_abbreviation,LEPCHA,2444,
latin_abbreviation,LEPCRU,73,
latin_abbreviation,LEPDIS,1546,
latin_abbreviation,LESX S,,
latin_abbreviation,LIMFAL,981,
latin_abbreviation,LIMHAE,1009,
latin_abbreviation,LIMLAP,266,
latin_abbreviation,LIMLIM,265,
latin_abbreviation,LIMSCO,1986,
latin_abbreviation,LINOLI,477,
latin_abbreviation,LIONIG,542,
latin_abbreviation,LISHAR,1906,
latin_abbreviation,LISMEL,227,
latin_abbreviation,LOCFLU,598,
latin_abbreviation,LOCLUS,3304,
latin_abbreviation,LOCNAE,3306,
latin_abbreviation,LOPCRI,2208,
latin_abbreviation,LOPGIN,1900,
latin_abbreviation,LOPOCC,138,
latin_abbreviation,LOXCUR,4052,
latin_abbreviation,LUGBRE,950,
latin_abbreviation,LULARB,3516,
latin_abbreviation,LUSCAL,2594,
latin_abbreviation,LUSLUS,592,
latin_abbreviation,LUSMEG,2596,
latin_abbreviation,LUSPEC,,
latin_abbreviation,LUSSVE,2598,
latin_abbreviation,LYBBID,1422,
latin_abbreviation,LYBCHA,1424,
latin_abbreviation,LYBDUB,1426,
latin_abbreviation,LYBGUI,1428,
latin_abbreviation,LYBLEU,960,
latin_abbreviation,LYBMEL,1050,
latin_abbreviation,LYBMIN,462,
latin_abbreviation,LYBROL,1430,
latin_abbreviation,LYBRUB,1432,
latin_abbreviation,LYBTOR,431,
latin_abbreviation,LYBUND,1434,
latin_abbreviation,LYBVIE,1436,
latin_abbreviation,LYMMIN,1988,
latin_abbreviation,Lost or destroyed ring,9999,
latin_abbreviation,MACALC,131,
latin_abbreviation,MACAME,705,
latin_abbreviation,MACAUR,3786,
latin_abbreviation,MACCAP,703,
latin_abbreviation,MACCON,3308,
latin_abbreviation,MACCRO,704,
latin_abbreviation,MACFLA,3788,
latin_abbreviation,MACFUE,,
latin_abbreviation,MACGIG,13,
latin_abbreviation,MACGRI,3790,
latin_abbreviation,MACHAL,984,
latin_abbreviation,MACKEM,3312,
latin_abbreviation,MACKRE,3314,
latin_abbreviation,MACLON,1838,
latin_abbreviation,MACPUL,3316,
latin_abbreviation,MACVEX,377,
latin_abbreviation,MALALI,2446,
latin_abbreviation,MALBAL,,
latin_abbreviation,MALBLA,723,
latin_abbreviation,MALCAS,3796,
latin_abbreviation,MALCOR,3798,
latin_abbreviation,MALCRU,2448,
latin_abbreviation,MALERY,3800,
latin_abbreviation,MALFLA,,
latin_abbreviation,MALGLA,2450,
latin_abbreviation,MALIBA,3802,
latin_abbreviation,MALLAG,2452,
latin_abbreviation,MALMAL,3804,
latin_abbreviation,MALMON,2454,
latin_abbreviation,MALNIT,3806,
latin_abbreviation,MALPEC,619,
latin_abbreviation,MALRAC,3808,
latin_abbreviation,MALRUB,3810,
latin_abbreviation,MALSCU,3812,
latin_abbreviation,MANNIT,827,
latin_abbreviation,MARANG,1320,
latin_abbreviation,MARMAD,1208,
latin_abbreviation,MARSHA,3688,
latin_abbreviation,MEGANT,68,
latin_abbreviation,MEGFLA,2456,
latin_abbreviation,MEGMAX,395,
latin_abbreviation,MELANN,2604,
latin_abbreviation,MELARD,2606,
latin_abbreviation,MELBIM,487,
latin_abbreviation,MELBRU,2602,
latin_abbreviation,MELCAL,3518,
latin_abbreviation,MELCAN,165,
latin_abbreviation,MELCHO,669,
latin_abbreviation,MELEDO,2608,
latin_abbreviation,MELEIS,1360,
latin_abbreviation,MELFIS,2600,
latin_abbreviation,MELFUS,1322,
latin_abbreviation,MELMEN,617,
latin_abbreviation,MELMET,163,
latin_abbreviation,MELNIG,1324,
latin_abbreviation,MELPAM,664,
latin_abbreviation,MELPOL,2136,
latin_abbreviation,MELROB,1358,
latin_abbreviation,MELUND,1102,
latin_abbreviation,MELZEN,1362,
latin_abbreviation,MERALB,1326,
latin_abbreviation,MERAPI,404,
latin_abbreviation,MERBOE,408,
latin_abbreviation,MERBRE,1566,
latin_abbreviation,MERBUL,1568,
latin_abbreviation,MERGUL,1570,
latin_abbreviation,MERHIR,411,
latin_abbreviation,MERMAL,1572,
latin_abbreviation,MERMER,1328,
latin_abbreviation,MERMUE,1574,
latin_abbreviation,MERNUB,1576,
latin_abbreviation,MERORE,1578,
latin_abbreviation,MERORI,1580,
latin_abbreviation,MERPER,405,
latin_abbreviation,MERPUS,410,
latin_abbreviation,MERREV,1582,
latin_abbreviation,MERSER,1330,
latin_abbreviation,MERSUP,406,
latin_abbreviation,MERVAR,1584,
latin_abbreviation,MESELL,1404,
latin_abbreviation,MESGRI,,
latin_abbreviation,MESUNI,1948,
latin_abbreviation,MESVAR,1950,
latin_abbreviation,MICCAP,229,
latin_abbreviation,MICGAB,162,
latin_abbreviation,MILCAL,4054,
latin_abbreviation,MILFAS,,
latin_abbreviation,MILMIG,14189,
latin_abbreviation,MILMIL,1025,
latin_abbreviation,MIRAFR,,
latin_abbreviation,MIRALB,3528,
latin_abbreviation,MIRALO,,
latin_abbreviation,MIRANG,3530,
latin_abbreviation,MIRAPI,,
latin_abbreviation,MIRASH,,
latin_abbreviation,MIRCAN,3534,
latin_abbreviation,MIRCHE,456,
latin_abbreviation,MIRCOL,3536,
latin_abbreviation,MIRCOR,3538,
latin_abbreviation,MIRDEG,,
latin_abbreviation,MIRFAS,,
latin_abbreviation,MIRGIL,3542,
latin_abbreviation,MIRHOV,3544,
latin_abbreviation,MIRHYP,3546,
latin_abbreviation,MIRMAL,,
latin_abbreviation,MIRMAR,,
latin_abbreviation,MIRNAE,,
latin_abbreviation,MIRPAS,457,
latin_abbreviation,MIRPOE,3520,
latin_abbreviation,MIRPUL,3552,
latin_abbreviation,MIRRUF,468,
latin_abbreviation,MIRSAB,460,
latin_abbreviation,MIRSHA,,
latin_abbreviation,MIRSOM,,
latin_abbreviation,MIRWIL,3558,
latin_abbreviation,MODSTI,3318,
latin_abbreviation,MONANG,562,
latin_abbreviation,MONBEN,,
latin_abbreviation,MONBRE,561,
latin_abbreviation,MONEXP,560,
latin_abbreviation,MONIME,2614,
latin_abbreviation,MONPRE,2610,
latin_abbreviation,MONRUF,2616,
latin_abbreviation,MONRUP,559,
latin_abbreviation,MONSAX,2618,
latin_abbreviation,MONSHA,2620,
latin_abbreviation,MONSOL,2622,
latin_abbreviation,MORBAS,2174,
latin_abbreviation,MORCAP,44,
latin_abbreviation,MORHYB,,
latin_abbreviation,MORSER,43,
latin_abbreviation,MOTAGU,685,
latin_abbreviation,MOTALB,3816,
latin_abbreviation,MOTCAP,686,
latin_abbreviation,MOTCIN,690,
latin_abbreviation,MOTCIT,1053,
latin_abbreviation,MOTCLA,688,
latin_abbreviation,MOTFLA,689,
latin_abbreviation,MOTSUB,3814,
latin_abbreviation,MUSADU,655,
latin_abbreviation,MUSAQU,1063,
latin_abbreviation,MUSBOE,,
latin_abbreviation,MUSCAE,656,
latin_abbreviation,MUSCAS,2628,
latin_abbreviation,MUSCOM,2630,
latin_abbreviation,MUSEPU,2632,
latin_abbreviation,MUSGAM,2634,
latin_abbreviation,MUSINF,2636,
latin_abbreviation,MUSITO,,
latin_abbreviation,MUSJOH,,
latin_abbreviation,MUSLEN,2638,
latin_abbreviation,MUSOLI,,
latin_abbreviation,MUSROS,942,
latin_abbreviation,MUSSET,2642,
latin_abbreviation,MUSSTR,654,
latin_abbreviation,MUSSTRSYLCOM,0,Ambiguous combo mapped to unknown
latin_abbreviation,MUSTES,2644,
latin_abbreviation,MUSUSS,2646,
latin_abbreviation,MUSVIO,1708,
latin_abbreviation,MYCIBI,76,
latin_abbreviation,MYIGRI,2648,
latin_abbreviation,MYIPLU,,
latin_abbreviation,MYRAET,2650,
latin_abbreviation,MYRALB,2652,
latin_abbreviation,MYRARN,574,
latin_abbreviation,MYRFOR,575,
latin_abbreviation,MYRMEL,2654,
latin_abbreviation,MYRNIG,966,
latin_abbreviation,MYRTHO,2656,
latin_abbreviation,MYSCRO,3320,
latin_abbreviation,NAMHER,660,
latin_abbreviation,NO,0,Non-species label mapped to unknown
latin_abbreviation,NEABOE,389,
latin_abbreviation,NEACAS,1684,
latin_abbreviation,NECADE,3604,
latin_abbreviation,NECAFR,758,
latin_abbreviation,NECALI,,
latin_abbreviation,NECBAL,3606,
latin_abbreviation,NECBAN,1088,
latin_abbreviation,NECBAT,3622,
latin_abbreviation,NECBOC,3624,
latin_abbreviation,NECCHA,760,
latin_abbreviation,NECCOC,3630,
latin_abbreviation,NECCOM,3632,
latin_abbreviation,NECCON,,
latin_abbreviation,NECCOQ,3636,
latin_abbreviation,NECCYA,3682,
latin_abbreviation,NECDUS,1177,
latin_abbreviation,NECFAM,751,
latin_abbreviation,NECFUE,3598,
latin_abbreviation,NECFUL,3608,
latin_abbreviation,NECFUS,764,
latin_abbreviation,NECHAR,1095,
latin_abbreviation,NECHUM,3642,
latin_abbreviation,NECJOH,3644,
latin_abbreviation,NECKIL,752,
latin_abbreviation,NECLOV,3648,
latin_abbreviation,NECLUD,,
latin_abbreviation,NECMAN,,
latin_abbreviation,NECMIN,3650,
latin_abbreviation,NECMON,110,
latin_abbreviation,NECMOR,3620,
latin_abbreviation,NECNEE,761,
latin_abbreviation,NECNEW,,
latin_abbreviation,NECNOT,,
latin_abbreviation,NECORI,,
latin_abbreviation,NECOSE,,
latin_abbreviation,NECOUS,,
latin_abbreviation,NECPEM,3658,
latin_abbreviation,NECPUR,3662,
latin_abbreviation,NECREG,3664,
latin_abbreviation,NECREI,3602,
latin_abbreviation,NECROC,3666,
latin_abbreviation,NECRUF,3668,
latin_abbreviation,NECSEI,3670,
latin_abbreviation,NECSHE,757,
latin_abbreviation,NECSOV,1073,
latin_abbreviation,NECSTU,,
latin_abbreviation,NECTAC,3674,
latin_abbreviation,NECTAL,,
latin_abbreviation,NECURS,,
latin_abbreviation,NECVIO,753,
latin_abbreviation,NEOACU,,
latin_abbreviation,NEOCON,1138,
latin_abbreviation,NEOCOR,2266,
latin_abbreviation,NEODEN,219,
latin_abbreviation,NEOFIN,,
latin_abbreviation,NEOFLA,3322,
latin_abbreviation,NEOFRA,,
latin_abbreviation,NEOGUT,2802,
latin_abbreviation,NEOHEU,1910,
latin_abbreviation,NEOHYP,2268,
latin_abbreviation,NEOLUD,218,
latin_abbreviation,NEONUB,1912,
latin_abbreviation,NEOPER,111,
latin_abbreviation,NEOPOE,2660,
latin_abbreviation,NEORUF,2662,
latin_abbreviation,NEOSTR,3324,
latin_abbreviation,NEOTEN,3326,
latin_abbreviation,NEOTOR,1100,
latin_abbreviation,NEOVIR,3328,
latin_abbreviation,NESACU,4056,
latin_abbreviation,NESALD,3330,
latin_abbreviation,NESANS,3820,
latin_abbreviation,NESBRE,3332,
latin_abbreviation,NESCAP,3822,
latin_abbreviation,NESERE,967,
latin_abbreviation,NESLON,,
latin_abbreviation,NESMAR,3336,
latin_abbreviation,NESSHE,,
latin_abbreviation,NESSP.,3338,
latin_abbreviation,NESTYP,3340,
latin_abbreviation,NESWIL,998,
latin_abbreviation,NETAUR,92,
latin_abbreviation,NETERY,102,
latin_abbreviation,NETRUF,1332,
latin_abbreviation,NEWAMP,3342,
latin_abbreviation,NEWARC,3344,
latin_abbreviation,NEWBRU,3346,
latin_abbreviation,NEWFAN,3348,
latin_abbreviation,NICCHL,2996,
latin_abbreviation,NICGUL,725,
latin_abbreviation,NICVIR,1195,
latin_abbreviation,NIGBIC,1140,
latin_abbreviation,NIGCAN,1141,
latin_abbreviation,NIGFUS,3824,
latin_abbreviation,NIGLUT,3826,
latin_abbreviation,NILAFE,731,
latin_abbreviation,NIXSUP,,
latin_abbreviation,NUMARQ,267,
latin_abbreviation,NUMMEL,192,
latin_abbreviation,NUMPHA,268,
latin_abbreviation,NUMTEN,1990,
latin_abbreviation,NYCNYC,69,
latin_abbreviation,OCECAS,,
latin_abbreviation,OCELEU,31,
latin_abbreviation,OCEMAT,1019,
latin_abbreviation,OCEMON,2236,
latin_abbreviation,OCEOCE,33,
latin_abbreviation,ODOGRI,3966,
latin_abbreviation,OENBIF,,
latin_abbreviation,OENBOT,2666,
latin_abbreviation,OENCAP,318,
latin_abbreviation,OENCYP,2668,
latin_abbreviation,OENDES,2670,
latin_abbreviation,OENFIN,2672,
latin_abbreviation,OENHEU,2664,
latin_abbreviation,OENHIS,2674,
latin_abbreviation,OENISA,1010,
latin_abbreviation,OENLEU,2678,
latin_abbreviation,OENLUG,2682,
latin_abbreviation,OENMOE,2684,
latin_abbreviation,OENMON,2686,
latin_abbreviation,OENOEN,563,
latin_abbreviation,OENPHI,2688,
latin_abbreviation,OENPIL,568,
latin_abbreviation,OENPLE,1023,
latin_abbreviation,OENSCH,,
latin_abbreviation,OENXAN,2692,
latin_abbreviation,ONYALB,2808,
latin_abbreviation,ONYANA,936,
latin_abbreviation,ONYBLY,2810,
latin_abbreviation,ONYFRA,2812,
latin_abbreviation,ONYFUL,2804,
latin_abbreviation,ONYFUS,295,
latin_abbreviation,ONYHAR,2804,
latin_abbreviation,ONYMOR,745,
latin_abbreviation,ONYNAB,744,
latin_abbreviation,ONYNEU,2806,
latin_abbreviation,ONYSAL,2814,
latin_abbreviation,ONYTEN,2816,
latin_abbreviation,ONYWAL,2818,
latin_abbreviation,OREROB,,
latin_abbreviation,ORIAUR,520,
latin_abbreviation,ORIBER,2458,
latin_abbreviation,ORIBRA,2460,
latin_abbreviation,ORICHL,909,
latin_abbreviation,ORICRA,1143,
latin_abbreviation,ORILAR,521,
latin_abbreviation,ORIMON,2462,
latin_abbreviation,ORINIG,2464,
latin_abbreviation,ORIORI,519,
latin_abbreviation,ORIPER,2466,
latin_abbreviation,ORTFUS,,
latin_abbreviation,ORTGAB,3828,
latin_abbreviation,ORTMEI,1344,
latin_abbreviation,ORTMET,,
latin_abbreviation,ORTMOR,,
latin_abbreviation,OTITAR,1914,
latin_abbreviation,OTUBRU,1770,
latin_abbreviation,OTUCAP,1772,
latin_abbreviation,OTUHAR,1774,
latin_abbreviation,OTUICT,1776,
latin_abbreviation,OTUINS,1778,
latin_abbreviation,OTUIRE,1780,
latin_abbreviation,OTUMOH,1782,
latin_abbreviation,OTUPAU,1784,
latin_abbreviation,OTUPEM,1786,
latin_abbreviation,OTURUT,1788,
latin_abbreviation,OTUSCO,1790,
latin_abbreviation,OTOSCO,1790,Guessed shorthand mapped to OTUSCO
latin_abbreviation,OTUSEN,363,
latin_abbreviation,OXYJAM,1334,
latin_abbreviation,OXYJAC,348,Guessed shorthand mapped to Jacobin Cuckoo
latin_abbreviation,OXYLEU,1336,
latin_abbreviation,OXYMAC,103,
latin_abbreviation,OXYMAD,3354,
latin_abbreviation,PACAUD,345,
latin_abbreviation,PACBEL,880,
latin_abbreviation,PACCRA,991,
latin_abbreviation,PACDES,22,
latin_abbreviation,PACSAL,,
latin_abbreviation,PACTUR,879,
latin_abbreviation,PACVIT,21,
latin_abbreviation,PADORY,4058,
latin_abbreviation,PAGNIV,993,
latin_abbreviation,PALLOC,845,
latin_abbreviation,PANHAL,172,
latin_abbreviation,PARAFE,,
latin_abbreviation,PARALB,2860,
latin_abbreviation,PARATE,2862,
latin_abbreviation,PARBOE,3356,
latin_abbreviation,PARCAE,,
latin_abbreviation,PARCAR,528,
latin_abbreviation,PARCIN,514,
latin_abbreviation,PARFAS,2866,
latin_abbreviation,PARFRI,2868,
latin_abbreviation,PARFUN,2870,
latin_abbreviation,PARGAL,3362,
latin_abbreviation,PARGRI,,
latin_abbreviation,PARGUI,2856,
latin_abbreviation,PARLAY,,
latin_abbreviation,PARLEU,,
latin_abbreviation,PARLUG,3358,
latin_abbreviation,PARMAJ,1186,
latin_abbreviation,PARNIG,527,
latin_abbreviation,PARPAL,,
latin_abbreviation,PARRUB,3832,
latin_abbreviation,PARRUF,529,
latin_abbreviation,PARSUB,,
latin_abbreviation,PARTHR,,
latin_abbreviation,PARWOO,1144,
latin_abbreviation,PASCAS,3842,
latin_abbreviation,PASCOR,3844,
latin_abbreviation,PASDIF,4142,
latin_abbreviation,PASDOM,784,
latin_abbreviation,PASEMI,3846,
latin_abbreviation,PASEUC,3848,
latin_abbreviation,PASGON,,
latin_abbreviation,PASGRI,3852,
latin_abbreviation,PASHIS,3854,
latin_abbreviation,PASIAG,3856,
latin_abbreviation,PASINS,3858,
latin_abbreviation,PASLUT,3860,
latin_abbreviation,PASMEL,786,
latin_abbreviation,PASMOA,3862,
latin_abbreviation,PASMON,3864,
latin_abbreviation,PASMOT,785,
latin_abbreviation,PASRUF,3840,
latin_abbreviation,PASSHE,3866,
latin_abbreviation,PASSIM,3868,
latin_abbreviation,PASSUA,,
latin_abbreviation,PASSWA,,
latin_abbreviation,PAVCRI,1021,
latin_abbreviation,PELALB,1210,
latin_abbreviation,PELCRI,2212,
latin_abbreviation,PELGEO,986,
latin_abbreviation,PELLAT,1212,
latin_abbreviation,PELMAR,34,
latin_abbreviation,PELONO,42,
latin_abbreviation,PELRUF,41,
latin_abbreviation,PELSCH,1214,
latin_abbreviation,PELURI,38,
latin_abbreviation,PERAPI,132,
latin_abbreviation,PERPTI,2140,
latin_abbreviation,PETDEN,,
latin_abbreviation,PETPET,3872,
latin_abbreviation,PETPYR,,
latin_abbreviation,PETSPI,504,
latin_abbreviation,PETSUP,,
latin_abbreviation,PHAAET,953,
latin_abbreviation,PHAAFR,50,
latin_abbreviation,PHAARI,2176,
latin_abbreviation,PHAATR,,
latin_abbreviation,PHACAM,,
latin_abbreviation,PHACAP,48,
latin_abbreviation,PHACAR,47,
latin_abbreviation,PHACOR,51,
latin_abbreviation,PHAFUL,271,
latin_abbreviation,PHALEP,40,
latin_abbreviation,PHALOB,272,
latin_abbreviation,PHANEG,49,
latin_abbreviation,PHANIG,2180,
latin_abbreviation,PHAPYG,2182,
latin_abbreviation,PHARUB,39,
latin_abbreviation,PHEBOR,908,
latin_abbreviation,PHEBRA,,
latin_abbreviation,PHEPHE,1004,manual guess
latin_abbreviation,PHICAS,2270,
latin_abbreviation,PHIPUG,256,
latin_abbreviation,PHISCH,2272,
latin_abbreviation,PHISOC,783,
latin_abbreviation,PHOBOL,1516,
latin_abbreviation,PHOCAS,1518,
latin_abbreviation,PHODAM,420,
latin_abbreviation,PHOFUS,12,
latin_abbreviation,PHOGRA,,
latin_abbreviation,PHOIMM,1012,
latin_abbreviation,PHOMIN,87,
latin_abbreviation,PHOMOU,2694,
latin_abbreviation,PHOOCH,2696,
latin_abbreviation,PHOPAL,876,
latin_abbreviation,PHOPHO,1004,
latin_abbreviation,PHOPRI,,
latin_abbreviation,PHOPUR,419,
latin_abbreviation,PHOROS,86,
latin_abbreviation,PHORUS,2878,
latin_abbreviation,PHOSHA,2822,
latin_abbreviation,PHOSOM,1522,
latin_abbreviation,PHRSUB,653,
latin_abbreviation,PHYAFF,1055,
latin_abbreviation,PHYALB,3002,
latin_abbreviation,PHYALF,3000,
latin_abbreviation,PHYAPP,,
latin_abbreviation,PHYATR,3364,
latin_abbreviation,PHYBAU,3006,
latin_abbreviation,PHYBON,3366,
latin_abbreviation,PHYBRE,3368,
latin_abbreviation,PHYBUD,3370,
latin_abbreviation,PHYCAB,1086,
latin_abbreviation,PHYCER,965,
latin_abbreviation,PHYCIN,,
latin_abbreviation,PHYCOL,1054,
latin_abbreviation,PHYDEB,548,
latin_abbreviation,PHYFIS,2998,
latin_abbreviation,PHYFLA,547,
latin_abbreviation,PHYFUL,3010,
latin_abbreviation,PHYFUS,3372,
latin_abbreviation,PHYHER,3374,
latin_abbreviation,PHYHYP,3012,
latin_abbreviation,PHYICT,1145,
latin_abbreviation,PHYINO,3376,
latin_abbreviation,PHYLAE,3378,
latin_abbreviation,PHYLAU,1091,
latin_abbreviation,PHYLEU,,
latin_abbreviation,PHYLOR,3016,
latin_abbreviation,PHYMAD,,
latin_abbreviation,PHYPLA,541,
latin_abbreviation,PHYPOE,1146,
latin_abbreviation,PHYPOL,3020,
latin_abbreviation,PHYPUL,3176,
latin_abbreviation,PHYRUF,671,
latin_abbreviation,PHYSCA,3022,
latin_abbreviation,PHYSCH,3380,
latin_abbreviation,PHYSIB,947,
latin_abbreviation,PHYSTR,3024,
latin_abbreviation,PHYTEN,,
latin_abbreviation,PHYTER,546,
latin_abbreviation,PHYTRO,599,
latin_abbreviation,PHYUMB,3382,
latin_abbreviation,PHYXAV,3028,
latin_abbreviation,PHYZOS,,
latin_abbreviation,PICGYM,2534,
latin_abbreviation,PICOBS,1410,
latin_abbreviation,PICORE,2536,
latin_abbreviation,PICPIC,2468,
latin_abbreviation,PICVAI,1412,
latin_abbreviation,PINERY,3560,
latin_abbreviation,PINNIG,464,
latin_abbreviation,PINPLU,538,
latin_abbreviation,PITANG,455,
latin_abbreviation,PITREI,2258,
latin_abbreviation,PLAALB,85,
latin_abbreviation,PLACYA,1148,
latin_abbreviation,PLALAT,2470,
latin_abbreviation,PLALEU,2210,
latin_abbreviation,PLAPEL,677,
latin_abbreviation,PLEFAL,83,
latin_abbreviation,PLEGAM,88,
latin_abbreviation,PLENIV,4060,
latin_abbreviation,PLOALB,3884,
latin_abbreviation,PLOALI,3886,
latin_abbreviation,PLOANG,795,
latin_abbreviation,PLOAUR,3890,
latin_abbreviation,PLOBAD,3892,
latin_abbreviation,PLOBAG,476,
latin_abbreviation,PLOBAN,3894,
latin_abbreviation,PLOBAT,3896,
latin_abbreviation,PLOBER,798,
latin_abbreviation,PLOBIC,790,
latin_abbreviation,PLOBOJ,3898,
latin_abbreviation,PLOBUR,3900,
latin_abbreviation,PLOCAP,799,
latin_abbreviation,PLOCAS,3904,
latin_abbreviation,PLOCUC,797,
latin_abbreviation,PLODIC,3906,
latin_abbreviation,PLODON,3876,
latin_abbreviation,PLODOR,3908,
latin_abbreviation,PLOGAL,3910,
latin_abbreviation,PLOGOL,3912,
latin_abbreviation,PLOGRA,1149,
latin_abbreviation,PLOHEU,3914,
latin_abbreviation,PLOHYB,,
latin_abbreviation,PLOINS,1150,
latin_abbreviation,PLOINT,792,
latin_abbreviation,PLOJAC,3916,
latin_abbreviation,PLOKAT,3882,
latin_abbreviation,PLOLUT,3918,
latin_abbreviation,PLOMAH,780,
latin_abbreviation,PLOMAN,3920,
latin_abbreviation,PLOMEL,1151,
latin_abbreviation,PLONEL,3924,
latin_abbreviation,PLONIC,3926,
latin_abbreviation,PLONIG,3928,
latin_abbreviation,PLOOCU,791,
latin_abbreviation,PLOOLI,919,
latin_abbreviation,PLOPEL,1065,
latin_abbreviation,PLOPRE,3930,
latin_abbreviation,PLOPRI,1096,
latin_abbreviation,PLOREI,,
latin_abbreviation,PLORUB,796,
latin_abbreviation,PLORUF,782,
latin_abbreviation,PLORUW,,
latin_abbreviation,PLOSAK,3932,
latin_abbreviation,PLOSAN,,
latin_abbreviation,PLOSPE,3936,
latin_abbreviation,PLOSUB,800,
latin_abbreviation,PLOSUP,3878,
latin_abbreviation,PLOTAE,3940,
latin_abbreviation,PLOTEM,3942,
latin_abbreviation,PLOTRI,3944,
latin_abbreviation,PLOVEL,803,
latin_abbreviation,PLOVIT,1153,
latin_abbreviation,PLOWEY,3946,
latin_abbreviation,PLOXAN,801,
latin_abbreviation,PLUAEG,2032,
latin_abbreviation,PLUAPR,2010,
latin_abbreviation,PLUDOM,922,
latin_abbreviation,PLUFUL,1039,
latin_abbreviation,PLUSQU,241,
latin_abbreviation,PODAUR,2166,
latin_abbreviation,PODCRI,4,
latin_abbreviation,PODGRI,2168,
latin_abbreviation,PODNIG,5,
latin_abbreviation,PODSEN,213,
latin_abbreviation,POEKEN,2824,
latin_abbreviation,POELUG,2826,
latin_abbreviation,POESTU,2828,
latin_abbreviation,POGATR,1438,
latin_abbreviation,POGBIL,438,
latin_abbreviation,POGCHR,437,
latin_abbreviation,POGCOR,,
latin_abbreviation,POGLEU,1442,
latin_abbreviation,POGMAK,,
latin_abbreviation,POGPUS,436,
latin_abbreviation,POGSCO,1446,
latin_abbreviation,POGSIM,905,
latin_abbreviation,POGSTE,589,
latin_abbreviation,POGSUB,1448,
latin_abbreviation,POICRA,1652,
latin_abbreviation,POICRY,328,
latin_abbreviation,POIFLA,1654,
latin_abbreviation,POIGUL,1656,
latin_abbreviation,POIMEY,327,
latin_abbreviation,POIROB,4132,
latin_abbreviation,POIRUE,329,
latin_abbreviation,POIRUF,1658,
latin_abbreviation,POISEN,1660,
latin_abbreviation,POISUA,,
latin_abbreviation,POLBEL,142,
latin_abbreviation,POLLOP,1154,
latin_abbreviation,POLRAD,2142,
latin_abbreviation,POLSEM,126,
latin_abbreviation,POLTYP,171,
latin_abbreviation,PORALL,209,
latin_abbreviation,PORMAR,,
latin_abbreviation,PORPAR,1934,
latin_abbreviation,PORPOR,208,
latin_abbreviation,PORPUS,202,
latin_abbreviation,PRIALB,2472,
latin_abbreviation,PRIBAI,1155,
latin_abbreviation,PRICAN,2474,
latin_abbreviation,PRIFLA,650,
latin_abbreviation,PRIFLU,3184,
latin_abbreviation,PRIGAB,2476,
latin_abbreviation,PRIGRA,3186,
latin_abbreviation,PRIHYP,,
latin_abbreviation,PRILEO,,
latin_abbreviation,PRIMAC,4139,
latin_abbreviation,PRIMEL,3182,
latin_abbreviation,PRIMOL,1156,
latin_abbreviation,PRIPLU,727,
latin_abbreviation,PRIPOL,2478,
latin_abbreviation,PRIRET,728,
latin_abbreviation,PRIRUF,2480,
latin_abbreviation,PRISCO,729,
latin_abbreviation,PRISOM,3188,
latin_abbreviation,PRISUB,649,
latin_abbreviation,PROAEQ,4137,
latin_abbreviation,PROCAF,749,
latin_abbreviation,PROCIN,24,
latin_abbreviation,PROCON,2240,
latin_abbreviation,PROGUR,750,
latin_abbreviation,PROINS,1364,
latin_abbreviation,PROREG,443,
latin_abbreviation,PROZAM,444,
latin_abbreviation,PRUCOL,3948,
latin_abbreviation,PRUMOD,3950,
latin_abbreviation,PRURUB,1056,
latin_abbreviation,PSAALB,964,
latin_abbreviation,PSAANT,2910,
latin_abbreviation,PSACHA,2912,
latin_abbreviation,PSAFUL,2924,
latin_abbreviation,PSAMAN,2916,
latin_abbreviation,PSANIT,2926,
latin_abbreviation,PSAOBS,2928,
latin_abbreviation,PSAOLE,2918,
latin_abbreviation,PSAORI,,
latin_abbreviation,PSAPET,2920,
latin_abbreviation,PSAPRI,511,
latin_abbreviation,PSEABY,467,
latin_abbreviation,PSEARN,3952,
latin_abbreviation,PSEBEN,,
latin_abbreviation,PSECAB,3954,
latin_abbreviation,PSEEUR,2930,
latin_abbreviation,PSEFRE,3562,
latin_abbreviation,PSEGRA,2260,
latin_abbreviation,PSEGRI,499,
latin_abbreviation,PSEIME,2614,
latin_abbreviation,PSESHA,2620,
latin_abbreviation,PSESYM,856,
latin_abbreviation,PSETOT,855,
latin_abbreviation,PSEWAR,2482,
latin_abbreviation,PSICYA,1024,
latin_abbreviation,PSIECH,1042,
latin_abbreviation,PSIEQU,1042,
latin_abbreviation,PSIERI,1664,
latin_abbreviation,PSIKRA,941,
latin_abbreviation,PSOLIT,557,
latin_abbreviation,PTEADS,182,
latin_abbreviation,PTEAHA,1216,
latin_abbreviation,PTEALC,1954,
latin_abbreviation,PTEARM,951,
latin_abbreviation,PTEATE,,
latin_abbreviation,PTEBAR,2244,
latin_abbreviation,PTEBIC,310,
latin_abbreviation,PTEBUR,308,
latin_abbreviation,PTECAM,1220,
latin_abbreviation,PTECAP,181,
latin_abbreviation,PTECLA,1224,
latin_abbreviation,PTECOR,1956,
latin_abbreviation,PTEDEC,1958,
latin_abbreviation,PTEERC,1226,
latin_abbreviation,PTEEXU,1960,
latin_abbreviation,PTEFEA,2246,
latin_abbreviation,PTEGRI,1228,
latin_abbreviation,PTEGUT,309,
latin_abbreviation,PTEHAR,1338,
latin_abbreviation,PTEICT,1232,
latin_abbreviation,PTEINC,18,
latin_abbreviation,PTEINE,187,
latin_abbreviation,PTELES,862,
latin_abbreviation,PTELIC,1962,
latin_abbreviation,PTEMAC,16,
latin_abbreviation,PTEMAD,2248,
latin_abbreviation,PTEMOL,19,
latin_abbreviation,PTENAH,,
latin_abbreviation,PTENAM,307,
latin_abbreviation,PTENAT,183,
latin_abbreviation,PTENEG,4121,
latin_abbreviation,PTENIG,1041,
latin_abbreviation,PTENOB,1240,
latin_abbreviation,PTEOCH,1242,
latin_abbreviation,PTEORI,1964,
latin_abbreviation,PTEPER,1966,
latin_abbreviation,PTEQUA,1968,
latin_abbreviation,PTERUF,1244,
latin_abbreviation,PTESEN,1970,
latin_abbreviation,PTESWA,185,
latin_abbreviation,PTESWI,1248,
latin_abbreviation,PTIAFE,2484,
latin_abbreviation,PTIGRA,,
latin_abbreviation,PTILEU,1792,
latin_abbreviation,PTIPET,1250,
latin_abbreviation,PTYFUL,506,
latin_abbreviation,PTYTUR,3386,
latin_abbreviation,PUFASS,27,
latin_abbreviation,PUFATR,,
latin_abbreviation,PUFBOY,2250,
latin_abbreviation,PUFCAR,881,
latin_abbreviation,PUFGRA,25,
latin_abbreviation,PUFGRI,29,
latin_abbreviation,PUFLHE,28,
latin_abbreviation,PUFMAU,,
latin_abbreviation,PUFPAC,180,
latin_abbreviation,PUFPUF,882,
latin_abbreviation,PUFTEN,,
latin_abbreviation,PUFYEL,2254,
latin_abbreviation,PYCBAR,3036,
latin_abbreviation,PYCCAP,543,
latin_abbreviation,PYCDOD,3032,
latin_abbreviation,PYCJOC,,
latin_abbreviation,PYCNIG,544,
latin_abbreviation,PYCSOM,3034,
latin_abbreviation,PYCTRI,,
latin_abbreviation,PYCXAN,3038,
latin_abbreviation,PYGADE,934,
latin_abbreviation,PYGANT,943,
latin_abbreviation,PYGPAP,958,
latin_abbreviation,PYLPRO,,
latin_abbreviation,PYRGRA,2486,
latin_abbreviation,PYRMIN,,
latin_abbreviation,PYROST,3958,
latin_abbreviation,PYRPYR,4062,
latin_abbreviation,PYRSAN,3956,
latin_abbreviation,PYTAFR,829,
latin_abbreviation,PYTHYP,3962,
latin_abbreviation,PYTLIN,,
latin_abbreviation,PYTMEL,830,
latin_abbreviation,PYTPHO,3964,
latin_abbreviation,QUECAR,807,
latin_abbreviation,QUEERY,806,
latin_abbreviation,QUEQUE,805,
latin_abbreviation,RALAQU,1936,
latin_abbreviation,RALCAE,197,
latin_abbreviation,RALMAD,1938,
latin_abbreviation,RAMCLO,3564,
latin_abbreviation,RANPSE,3390,
latin_abbreviation,RECAVO,269,
latin_abbreviation,REGIGN,,
latin_abbreviation,REGREG,2936,
latin_abbreviation,REMPEN,2880,
latin_abbreviation,RHASAB,1686,
latin_abbreviation,RHIAFR,278,
latin_abbreviation,RHIATE,1524,
latin_abbreviation,RHICHA,280,
latin_abbreviation,RHICIN,279,
latin_abbreviation,RHICYA,421,
latin_abbreviation,RHIMIN,1526,
latin_abbreviation,RHOCRU,2490,
latin_abbreviation,RHOGIT,4064,
latin_abbreviation,RHOOBS,4066,
latin_abbreviation,RHOSAN,4068,
latin_abbreviation,RHYLOU,4070,
latin_abbreviation,RHYSOC,4072,
latin_abbreviation,RIPCIN,510,
latin_abbreviation,RIPCON,2932,
latin_abbreviation,RIPPAL,509,
latin_abbreviation,RIPRIP,508,
latin_abbreviation,RISTRI,925,
latin_abbreviation,ROSBEN,230,
latin_abbreviation,ROUROU,1940,
latin_abbreviation,ROWGOU,794,
latin_abbreviation,RYNFLA,306,
latin_abbreviation,SAGSER,105,
latin_abbreviation,SALSPI,,
latin_abbreviation,SARAFF,207,
latin_abbreviation,SARAUR,2830,
latin_abbreviation,SARAYR,204,
latin_abbreviation,SARBOE,892,
latin_abbreviation,SARELE,206,
latin_abbreviation,SARINS,1942,
latin_abbreviation,SARLUG,891,
latin_abbreviation,SARMEL,91,
latin_abbreviation,SARPUL,1944,
latin_abbreviation,SARRUF,205,
latin_abbreviation,SARWAT,1946,
latin_abbreviation,SASAFR,1158,
latin_abbreviation,SAXMAU,2704,
latin_abbreviation,SAXRUB,577,
latin_abbreviation,SAXTEC,2706,
latin_abbreviation,SAXTOR,576,
latin_abbreviation,SCHBRE,616,
latin_abbreviation,SCHMYO,904,
latin_abbreviation,SCHRUF,2492,
latin_abbreviation,SCHSCH,,
latin_abbreviation,SCLAFR,176,
latin_abbreviation,SCLARC,,
latin_abbreviation,SCLFIN,1252,
latin_abbreviation,SCOBOU,1794,
latin_abbreviation,SCOINQ,3190,
latin_abbreviation,SCOPEL,370,
latin_abbreviation,SCORUS,1992,
latin_abbreviation,SCOUMB,72,
latin_abbreviation,SCOUSS,1796,
latin_abbreviation,SERALA,861,
latin_abbreviation,SERALB,865,
latin_abbreviation,SERANK,4090,
latin_abbreviation,SERCAN,857,
latin_abbreviation,SERCAP,1066,
latin_abbreviation,SERCIT,4092,
latin_abbreviation,SERFLA,866,
latin_abbreviation,SERFRO,4082,
latin_abbreviation,SERLEU,,
latin_abbreviation,SERMEL,,
latin_abbreviation,SERMEN,,
latin_abbreviation,SERNIG,4108,
latin_abbreviation,SERPUS,4110,
latin_abbreviation,SERRUF,1160,
latin_abbreviation,SERSCO,858,
latin_abbreviation,SERSER,4112,
latin_abbreviation,SERSYR,4114,
latin_abbreviation,SERTRI,4116,
latin_abbreviation,SERWHY,,
latin_abbreviation,SERXAN,,
latin_abbreviation,SHEAEQ,2710,
latin_abbreviation,SHEBOC,1084,
latin_abbreviation,SHECYO,2712,
latin_abbreviation,SHEGAB,1184,
latin_abbreviation,SHEGUN,591,
latin_abbreviation,SHELOW,2714,
latin_abbreviation,SHEMON,2716,
latin_abbreviation,SHEPOE,,
latin_abbreviation,SHEPOL,1085,
latin_abbreviation,SHESHA,2718,
latin_abbreviation,SHILEU,3180,
latin_abbreviation,SIGSIL,665,
latin_abbreviation,SITLED,2840,
latin_abbreviation,SMICAP,454,
latin_abbreviation,SMIRUF,2262,
latin_abbreviation,SMISHA,2264,
latin_abbreviation,SPEBIC,824,
latin_abbreviation,SPEBRU,3196,
latin_abbreviation,SPECUC,823,
latin_abbreviation,SPEFRI,822,
latin_abbreviation,SPEHAE,1163,
latin_abbreviation,SPELEU,1161,
latin_abbreviation,SPELUG,1097,
latin_abbreviation,SPEMEL,1162,
latin_abbreviation,SPEPOL,3970,
latin_abbreviation,SPERUF,1190,
latin_abbreviation,SPHAFE,618,
latin_abbreviation,SPHDEM,2,
latin_abbreviation,SPHMAG,2220,
latin_abbreviation,SPIAFR,2144,
latin_abbreviation,SPICON,490,
latin_abbreviation,SPIFRI,472,
latin_abbreviation,SPIOBB,3566,
latin_abbreviation,SPIPER,3568,
latin_abbreviation,SPISCL,491,
latin_abbreviation,SPISPI,3194,
latin_abbreviation,SPOFRO,3972,
latin_abbreviation,SPOSQU,789,
latin_abbreviation,SPRALB,2834,
latin_abbreviation,SPRBIC,,
latin_abbreviation,STAANC,1450,
latin_abbreviation,STALEU,433,
latin_abbreviation,STAOLI,435,
latin_abbreviation,STAWHY,434,
latin_abbreviation,STAWOO,,
latin_abbreviation,STEALB,299,
latin_abbreviation,STEBAL,300,
latin_abbreviation,STEBEN,297,
latin_abbreviation,STEBER,,
latin_abbreviation,STECOR,143,
latin_abbreviation,STEDOU,293,
latin_abbreviation,STEHIR,291,
latin_abbreviation,STEHYB,,
latin_abbreviation,STELON,930,
latin_abbreviation,STEMAX,935,
latin_abbreviation,STEPAR,284,
latin_abbreviation,STEPOM,285,
latin_abbreviation,STEREP,938,
latin_abbreviation,STESAN,296,
latin_abbreviation,STESAU,2070,
latin_abbreviation,STESCI,678,
latin_abbreviation,STESUM,937,
latin_abbreviation,STETRI,929,
latin_abbreviation,STEVIR,970,
latin_abbreviation,STEVIT,292,
latin_abbreviation,STIERY,2720,
latin_abbreviation,STIGAB,,
latin_abbreviation,STISAN,,
latin_abbreviation,STIXAN,,
latin_abbreviation,STRALU,1798,
latin_abbreviation,STRBUT,1800,
latin_abbreviation,STRCAM,1,
latin_abbreviation,STRCAP,316,
latin_abbreviation,STRDEC,315,
latin_abbreviation,STRHYP,1872,
latin_abbreviation,STRLUG,1874,
latin_abbreviation,STRMOL,1200,
latin_abbreviation,STRPIC,,
latin_abbreviation,STRREI,1876,
latin_abbreviation,STRROS,1878,
latin_abbreviation,STRSEM,314,
latin_abbreviation,STRSEN,317,
latin_abbreviation,STRTUR,1005,
latin_abbreviation,STRVIN,1880,
latin_abbreviation,STRWOO,362,
latin_abbreviation,STUUNI,2838,
latin_abbreviation,STUVUL,733,
latin_abbreviation,SULDAC,45,
latin_abbreviation,SULLEU,46,
latin_abbreviation,SULSUL,1027,
latin_abbreviation,SWYSWY,590,
latin_abbreviation,SYLALT,,
latin_abbreviation,SYLATR,969,
latin_abbreviation,SYLBOR,595,
latin_abbreviation,BORIN,595,Guessed shorthand mapped to SYLBOR
latin_abbreviation,SYLBRA,3426,
latin_abbreviation,SYLCAN,,
latin_abbreviation,SYLCHA,3424,
latin_abbreviation,SYLCOM,594,
latin_abbreviation,I. pallida,3278,Guessed shorthand mapped to Iduna pallida
latin_abbreviation,Marsh WarblerI.gutt,607,Best guess from concatenated label; mapped to Marsh Warbler
latin_abbreviation,Red-backed Shrikeurio x L. isabellinus,-1,Temporary AFRING number; true AFRING number still missing
latin_abbreviation,INFO missing,9999,Non-species label mapped to lost or destroyed ring
latin_abbreviation,Data missing,9999,Non-species label mapped to lost or destroyed ring
latin_abbreviation,Ring destroyed,9999,Non-species label mapped to lost or destroyed ring
latin_abbreviation,Ring missing,9999,Non-species label mapped to lost or destroyed ring
latin_abbreviation,Ring discarded,9999,Non-species label mapped to lost or destroyed ring
latin_abbreviation,No entry,9999,Non-species label mapped to lost or destroyed ring
latin_abbreviation,Ring lost,9999,Non-species label mapped to lost or destroyed ring
latin_abbreviation,Destroyed,9999,Non-species label mapped to lost or destroyed ring
latin_abbreviation,MISSING,9999,Non-species label mapped to lost or destroyed ring
latin_abbreviation,SPP?,0,Non-species label mapped to unknown
latin_abbreviation,S. communisS. communis,594,Best guess from duplicated shorthand; mapped to Curruca communis
latin_abbreviation,SYLCON,3396,
latin_abbreviation,SYLCRA,3398,
latin_abbreviation,SYLCUR,3400,
latin_abbreviation,SYLDEN,3428,
latin_abbreviation,SYLDES,3402,
latin_abbreviation,SYLHOR,,
latin_abbreviation,SYLISA,3430,
latin_abbreviation,SYLLEU,,
latin_abbreviation,SYLMEL,3412,
latin_abbreviation,SYLMYS,3414,
latin_abbreviation,SYLNAN,,
latin_abbreviation,SYLNIS,605,
latin_abbreviation,SYLPHI,3434,
latin_abbreviation,SYLRUE,,
latin_abbreviation,SYLRUF,621,
latin_abbreviation,SYLSAR,3420,
latin_abbreviation,SYLUND,3422,
latin_abbreviation,SYLVIR,3436,
latin_abbreviation,SYLWHY,913,
latin_abbreviation,SYRPAR,1972,
latin_abbreviation,TACAEQ,382,
latin_abbreviation,TACMEL,386,
latin_abbreviation,TACPEL,2170,
latin_abbreviation,TACRUF,2172,
latin_abbreviation,TADCAN,90,
latin_abbreviation,TADFER,1340,
latin_abbreviation,TADTAD,1342,
latin_abbreviation,TAUBAN,1712,
latin_abbreviation,TAUCOR,,
latin_abbreviation,TAUERY,1714,
latin_abbreviation,TAUFIS,1716,
latin_abbreviation,TAUHAR,1718,
latin_abbreviation,TAULEU,1722,
latin_abbreviation,TAULIV,,
latin_abbreviation,TAUMAC,1724,
latin_abbreviation,TAUPER,1726,
latin_abbreviation,TAUPOR,337,
latin_abbreviation,TAURUS,,
latin_abbreviation,TAUSCH,1730,
latin_abbreviation,TCHANC,,
latin_abbreviation,TCHAUS,714,
latin_abbreviation,TCHJAM,2496,
latin_abbreviation,TCHMIN,716,
latin_abbreviation,TCHSEN,715,
latin_abbreviation,TCHTCH,713,
latin_abbreviation,TELKUP,,
latin_abbreviation,TELMEL,1690,
latin_abbreviation,TELMUL,2504,
latin_abbreviation,TELOLI,,
latin_abbreviation,TELUSS,388,
latin_abbreviation,TELVIR,721,
latin_abbreviation,TELZEY,722,
latin_abbreviation,TERATR,1164,
latin_abbreviation,TERBAT,,
latin_abbreviation,TERBED,2508,
latin_abbreviation,TERBOU,1045,
latin_abbreviation,TERCOR,2512,
latin_abbreviation,TERECA,151,
latin_abbreviation,TERMUT,2514,
latin_abbreviation,TERRUF,1165,
latin_abbreviation,TERSMI,2532,
latin_abbreviation,TERVIR,682,
latin_abbreviation,TETTET,1916,
latin_abbreviation,THAANT,877,
latin_abbreviation,THABUL,1002,
latin_abbreviation,THACAR,1079,
latin_abbreviation,THACAU,11,
latin_abbreviation,THACHL,3438,
latin_abbreviation,THACHR,9,
latin_abbreviation,THACIN,573,
latin_abbreviation,THACOR,2728,
latin_abbreviation,THAELE,4143,
latin_abbreviation,THAERE,2256,
latin_abbreviation,THALEU,104,
latin_abbreviation,THAMEL,8,
latin_abbreviation,THASAL,1081,
latin_abbreviation,THASEM,2730,
latin_abbreviation,THELEU,3040,
latin_abbreviation,THRAET,81,
latin_abbreviation,TICMUR,2842,
latin_abbreviation,TIGLEU,,
latin_abbreviation,TMETEN,702,
latin_abbreviation,TOCALB,427,
latin_abbreviation,TOCBRA,428,
latin_abbreviation,TOCCAM,1488,
latin_abbreviation,TOCDAM,1185,
latin_abbreviation,TOCDEC,1490,
latin_abbreviation,TOCERY,4129,
latin_abbreviation,TOCFAS,,
latin_abbreviation,TOCFLA,1494,
latin_abbreviation,TOCHAR,,
latin_abbreviation,TOCHEM,1498,
latin_abbreviation,TOCJAC,1500,
latin_abbreviation,TOCKEM,1502,
latin_abbreviation,TOCLEU,426,
latin_abbreviation,TOCMON,429,
latin_abbreviation,TOCNAS,424,
latin_abbreviation,TOCPAL,1504,
latin_abbreviation,TOCRUA,1506,
latin_abbreviation,TOCRUF,1508,
latin_abbreviation,TODCHL,1564,
latin_abbreviation,TORTRA,108,
latin_abbreviation,TRADAR,1452,
latin_abbreviation,TRAERY,1454,
latin_abbreviation,TRAMAR,1456,
latin_abbreviation,TRAPUR,1458,
latin_abbreviation,TRAUSA,,
latin_abbreviation,TRAVAI,439,
latin_abbreviation,TREAUS,1882,
latin_abbreviation,TRECAL,323,
latin_abbreviation,TREPEM,1884,
latin_abbreviation,TRESAN,1886,
latin_abbreviation,TREWAA,1888,
latin_abbreviation,TRIDIA,1462,
latin_abbreviation,TRIERY,260,
latin_abbreviation,TRIFLA,1014,
latin_abbreviation,TRIFRO,1466,
latin_abbreviation,TRIGLA,264,
latin_abbreviation,TRIHIR,1468,
latin_abbreviation,TRILAC,1470,
latin_abbreviation,TRILEU,432,
latin_abbreviation,TRIMEL,1472,
latin_abbreviation,TRINEB,263,
latin_abbreviation,TRIOCC,109,
latin_abbreviation,TRIOCH,259,
latin_abbreviation,TRISOL,1994,
latin_abbreviation,TRISTA,262,
latin_abbreviation,TRITOT,261,
latin_abbreviation,TROCYA,680,
latin_abbreviation,TRONIT,2518,
latin_abbreviation,TROTRO,2846,
latin_abbreviation,TRYSUB,926,
latin_abbreviation,TURABY,1890,
latin_abbreviation,TURAFE,320,
latin_abbreviation,TURAYL,3440,
latin_abbreviation,TURBEW,2738,
latin_abbreviation,TURBIC,536,
latin_abbreviation,TURBRE,1892,
latin_abbreviation,TURCHA,321,
latin_abbreviation,TURFUL,,
latin_abbreviation,TURGYM,537,
latin_abbreviation,TURHAR,535,
latin_abbreviation,TURHEL,2732,
latin_abbreviation,TURHIN,3444,
latin_abbreviation,TURHOT,4128,
latin_abbreviation,TURHYB,,
latin_abbreviation,TURHYP,3446,
latin_abbreviation,TURILI,2740,
latin_abbreviation,TURJAR,533,
latin_abbreviation,TURLEU,,
latin_abbreviation,TURLIB,552,
latin_abbreviation,TURLUD,2734,
latin_abbreviation,TURMEL,534,
latin_abbreviation,TURMER,2742,
latin_abbreviation,TURNIG,1348,
latin_abbreviation,TUROLI,1167,
latin_abbreviation,TURPEL,1168,
latin_abbreviation,TURPHI,2744,
latin_abbreviation,TURPIL,2746,
latin_abbreviation,TURPLE,3452,
latin_abbreviation,TURREI,3454,
latin_abbreviation,TURROE,2748,
latin_abbreviation,TURRUB,3456,
latin_abbreviation,TURSHA,3458,
latin_abbreviation,TURSMI,1104,
latin_abbreviation,TURSQU,3460,
latin_abbreviation,TURSYL,196,
latin_abbreviation,TURTEN,3464,
latin_abbreviation,TURTEP,2750,
latin_abbreviation,TURTOR,2752,
latin_abbreviation,TURTYM,319,
latin_abbreviation,TURVIS,2754,
latin_abbreviation,TURXAN,2756,
latin_abbreviation,TYLEDU,2520,
latin_abbreviation,TYTALB,359,
latin_abbreviation,TYTCAP,360,
latin_abbreviation,TYTDET,,
latin_abbreviation,TYTSOU,1736,
latin_abbreviation,UPUAFR,,
latin_abbreviation,UPUEPO,1512,
latin_abbreviation,UPUMAR,1514,
latin_abbreviation,URAANG,839,
latin_abbreviation,URABEN,3974,
latin_abbreviation,URACHI,1544,
latin_abbreviation,URACYA,3976,
latin_abbreviation,URAGRA,840,
latin_abbreviation,URIAAL,2072,
latin_abbreviation,UROEPI,1169,
latin_abbreviation,UROIND,392,
latin_abbreviation,UROMAC,1590,
latin_abbreviation,UROMEL,2300,
latin_abbreviation,URORUF,,
latin_abbreviation,Unknown,0,Non-species label mapped to unknown
latin_abbreviation,VANALB,246,
latin_abbreviation,VANARM,245,
latin_abbreviation,VANCOR,242,
latin_abbreviation,VANCRA,248,
latin_abbreviation,VANCUR,2522,
latin_abbreviation,VANGRE,2012,
latin_abbreviation,VANLEU,2014,
latin_abbreviation,VANLUG,244,
latin_abbreviation,VANMEL,243,
latin_abbreviation,VANSEN,247,
latin_abbreviation,VANSPI,1031,
latin_abbreviation,VANSUP,2018,
latin_abbreviation,VANTEC,2020,
latin_abbreviation,VANVAN,2022,
latin_abbreviation,VIDCAM,3988,
latin_abbreviation,VIDCHA,851,
latin_abbreviation,VIDCOD,,
latin_abbreviation,VIDFIS,3990,
latin_abbreviation,VIDFUN,849,
latin_abbreviation,VIDHYP,3992,
latin_abbreviation,VIDINT,,
latin_abbreviation,VIDLAR,3994,
latin_abbreviation,VIDMAC,846,
latin_abbreviation,VIDMAR,3980,
latin_abbreviation,VIDNIG,,
latin_abbreviation,VIDOBT,853,
latin_abbreviation,VIDORI,3996,
latin_abbreviation,VIDPAR,852,
latin_abbreviation,VIDPUR,850,
latin_abbreviation,VIDRAR,3998,
latin_abbreviation,VIDREG,847,
latin_abbreviation,VIDTOG,3986,
latin_abbreviation,VIDWIL,988,
latin_abbreviation,VIROLI,2302,
latin_abbreviation,XENANS,2758,
latin_abbreviation,XENCIN,257,
latin_abbreviation,XENDAM,2524,
latin_abbreviation,XENPOL,2526,
latin_abbreviation,XENUDZ,1258,
latin_abbreviation,XENXEN,2528,
latin_abbreviation,ZAVSTR,2530,
latin_abbreviation,ZOOCAM,,
latin_abbreviation,ZOOCRO,2764,
latin_abbreviation,ZOOGRA,1692,
latin_abbreviation,ZOOGUR,556,
latin_abbreviation,ZOOGUT,558,
latin_abbreviation,ZOOOBE,,
latin_abbreviation,ZOOPIA,2768,
latin_abbreviation,ZOOPRI,2770,
latin_abbreviation,ZOOTAN,,
latin_abbreviation,ZOOTHO,1694,
latin_abbreviation,ZOSABY,3198,
latin_abbreviation,ZOSBOR,,
latin_abbreviation,ZOSCAP,,
latin_abbreviation,ZOSCHL,3200,
latin_abbreviation,ZOSFIC,1170,
latin_abbreviation,ZOSGRI,3202,
latin_abbreviation,ZOSKUL,,
latin_abbreviation,ZOSMAD,1075,
latin_abbreviation,ZOSMAY,3206,
latin_abbreviation,ZOSMOD,3208,
latin_abbreviation,ZOSMOU,3210,
latin_abbreviation,ZOSOLI,3212,
latin_abbreviation,ZOSPAL,,
latin_abbreviation,ZOSPOL,3214,
latin_abbreviation,ZOSSEN,777,
latin_abbreviation,ZOSSIL,3216,
latin_abbreviation,ZOSSTE,3218,
latin_abbreviation,ZOSVAU,3220,
latin_abbreviation,ZOSWIN,3222,
ngulia_abbreviation,A. arundinaceus,603,
ngulia_abbreviation,A. cervinus,1028,
ngulia_abbreviation,A. griseldis,949,
ngulia_abbreviation,A. scirpaceus,911,
ngulia_abbreviation,Accipiter nisus,1006,
ngulia_abbreviation,Acrocephalus schoenobaenus,608,
ngulia_abbreviation,Actitis hypoleucos,258,
ngulia_abbreviation,Anthus trivialis,698,
ngulia_abbreviation,Ap,607,
ngulia_abbreviation,Apus apus,378,
ngulia_abbreviation,C. poliocephalus,357,
ngulia_abbreviation,C.gal,567,
ngulia_abbreviation,Caprimulgus europaeus,371,
ngulia_abbreviation,Coracias garrulus,412,
ngulia_abbreviation,Crex crex,198,
ngulia_abbreviation,Cuculus canorus,340,
ngulia_abbreviation,Delichon urbica,507,
ngulia_abbreviation,Emberiza hortulana,4032,
ngulia_abbreviation,F. eleonorae,992,
ngulia_abbreviation,Falco subbuteo,115,
ngulia_abbreviation,Gallinago media,249,
ngulia_abbreviation,H. icterina,596,
ngulia_abbreviation,H. languida,3276,
ngulia_abbreviation,Hippolais pallida,3278,
ngulia_abbreviation,Hirundo rustica,493,
ngulia_abbreviation,I.gutt,2592,
ngulia_abbreviation,Ixobrychus m. minutus,67,
ngulia_abbreviation,Jynx torquilla,1402,
ngulia_abbreviation,L. coll,708,
ngulia_abbreviation,L. collurio x L. isabellinus,,
ngulia_abbreviation,L. luscinioides,3304,
ngulia_abbreviation,L.fluviatilis,598,
ngulia_abbreviation,L.isabel,2288,
ngulia_abbreviation,Ll,592,
ngulia_abbreviation,Lost or destroyed ring,9999,
ngulia_abbreviation,Luscinia megarhynchos,2596,
ngulia_abbreviation,Merops apiaster,404,
ngulia_abbreviation,Monticola saxatilis,2618,
ngulia_abbreviation,Motacilla flava,689,
ngulia_abbreviation,Muscicapa striata,654,
ngulia_abbreviation,Nycticorax nycticorax,69,
ngulia_abbreviation,O. isabellina,1010,
ngulia_abbreviation,O. pleschanka,1023,
ngulia_abbreviation,Oenanthe oenanthe,563,
ngulia_abbreviation,Oriolus oriolus,519,
ngulia_abbreviation,Otus scops,1790,
ngulia_abbreviation,Oxylophus jacobinus,348,
ngulia_abbreviation,P. collybita,1054,
ngulia_abbreviation,P. trochilus,599,
ngulia_abbreviation,Phoenicurus phoenicurus,1004,
ngulia_abbreviation,Phylloscopus sibilatrix,947,
ngulia_abbreviation,Porzana porzana,201,
ngulia_abbreviation,Riparia riparia,508,
ngulia_abbreviation,S. atricapilla,969,
ngulia_abbreviation,S. borin,595,
ngulia_abbreviation,S.nisoria,605,
ngulia_abbreviation,Saxicola rubetra,577,
ngulia_abbreviation,Sc,594,
ngulia_abbreviation,T. glareola,264,
ngulia_abbreviation,Tringa ochropus,259,
ngulia_abbreviation,Unknown,0,Non-species label mapped to unknown
ngulia_abbreviation_2,A. apus,378,
ngulia_abbreviation_2,A. arundinaceus,603,
ngulia_abbreviation_2,A. cervinus,1028,
ngulia_abbreviation_2,A. griseldis,949,
ngulia_abbreviation_2,A. hypoleucos,258,
ngulia_abbreviation_2,A. nisus,1006,
ngulia_abbreviation_2,A. palustris,607,
ngulia_abbreviation_2,A. schoenobaenus,608,
ngulia_abbreviation_2,A. scirpaceus,911,
ngulia_abbreviation_2,A. trivialis,698,
ngulia_abbreviation_2,C. canorus,340,
ngulia_abbreviation_2,C. crex,198,
ngulia_abbreviation_2,C. europaeus,371,
ngulia_abbreviation_2,C. galactotes,567,
ngulia_abbreviation_2,C. garrulus,412,
ngulia_abbreviation_2,C. jacobinus,348,
ngulia_abbreviation_2,C. poliocephalus,357,
ngulia_abbreviation_2,D. urbicum,507,
ngulia_abbreviation_2,E. hortulana,4032,
ngulia_abbreviation_2,F. eleonorae,992,
ngulia_abbreviation_2,F. subbuteo,115,
ngulia_abbreviation_2,G. media,249,
ngulia_abbreviation_2,H. icterina,596,
ngulia_abbreviation_2,H. languida,3276,
ngulia_abbreviation_2,H. olivetorum,597,
ngulia_abbreviation_2,H. pallida,3278,
ngulia_abbreviation_2,H. rustica,493,
ngulia_abbreviation_2,Hybrid Red-backed x Isabelline Shrike,-1,Temporary AFRING number; true AFRING number still missing
ngulia_abbreviation_2,I. gutturalis,2592,
ngulia_abbreviation_2,I. minutus,67,
ngulia_abbreviation_2,J. torquilla,1402,
ngulia_abbreviation_2,L. collurio,708,
ngulia_abbreviation_2,L. fluviatilis,598,
ngulia_abbreviation_2,L. isabellinus,2288,
ngulia_abbreviation_2,L. luscinia,592,
ngulia_abbreviation_2,L. luscinioides,3304,
ngulia_abbreviation_2,L. megarhynchos,2596,
ngulia_abbreviation_2,Lost or destroyed ring,9999,
ngulia_abbreviation_2,M. apiaster,404,
ngulia_abbreviation_2,M. flava,689,
ngulia_abbreviation_2,M. saxatilis,2618,
ngulia_abbreviation_2,M. striata,654,
ngulia_abbreviation_2,N. nycticorax,69,
ngulia_abbreviation_2,O. isabellina,1010,
ngulia_abbreviation_2,O. oenanthe,563,
ngulia_abbreviation_2,O. oriolus,519,
ngulia_abbreviation_2,O. pleschanka,1023,
ngulia_abbreviation_2,O. scops,1790,
ngulia_abbreviation_2,P. collybita,1054,
ngulia_abbreviation_2,P. phoenicurus,1004,
ngulia_abbreviation_2,P. porzana,201,
ngulia_abbreviation_2,P. sibilatrix,947,
ngulia_abbreviation_2,P. trochilus,599,
ngulia_abbreviation_2,R. riparia,508,
ngulia_abbreviation_2,S. atricapilla,969,
ngulia_abbreviation_2,S. borin,595,
ngulia_abbreviation_2,S. communis,594,
ngulia_abbreviation_2,S. nisoria,605,
ngulia_abbreviation_2,S. rubetra,577,
ngulia_abbreviation_2,T. glareola,264,
ngulia_abbreviation_2,T. ochropus,259,
ngulia_abbreviation_2,Unknown,0,Non-species label mapped to unknown
ngulia_number,0,0,Non-species code mapped to unknown
ngulia_number,1,607,
ngulia_number,2,594,
ngulia_number,3,592,
ngulia_number,4,493,
ngulia_number,5,598,
ngulia_number,6,2592,
ngulia_number,7,599,
ngulia_number,8,708,
ngulia_number,9,654,
ngulia_number,10,2288,
ngulia_number,11,949,
ngulia_number,12,605,
ngulia_number,13,2596,
ngulia_number,14,595,
ngulia_number,15,597,
ngulia_number,16,567,
ngulia_number,17,3278,
ngulia_number,18,3276,
ngulia_number,19,371,
ngulia_number,20,2618,
ngulia_number,21,348,
ngulia_number,22,563,
ngulia_number,23,608,
ngulia_number,24,412,
ngulia_number,25,911,
ngulia_number,26,1010,
ngulia_number,27,969,
ngulia_number,28,1023,
ngulia_number,29,603,
ngulia_number,30,507,
ngulia_number,31,698,
ngulia_number,32,519,
ngulia_number,33,,
ngulia_number,34,340,
ngulia_number,35,264,
ngulia_number,36,1790,
ngulia_number,37,198,
ngulia_number,38,357,
ngulia_number,39,1004,
ngulia_number,40,508,
ngulia_number,41,689,
ngulia_number,42,596,
ngulia_number,43,947,
ngulia_number,44,67,
ngulia_number,45,259,
ngulia_number,46,1006,
ngulia_number,47,404,
ngulia_number,48,577,
ngulia_number,49,115,
ngulia_number,50,378,
ngulia_number,51,1402,
ngulia_number,52,1028,
ngulia_number,53,3304,
ngulia_number,54,69,
ngulia_number,56,992,
ngulia_number,57,201,
ngulia_number,58,249,
ngulia_number,59,258,
ngulia_number,60,1054,
ngulia_number,61,4032,
ngulia_number,63,962,
ngulia_number,9999,9999,
scientific_name,Accipiter badius,161,
scientific_name,Accipiter brevipes,2074,
scientific_name,Accipiter castanilius,2076,
scientific_name,Accipiter erythropus,,
scientific_name,Accipiter francesiae griveaudi,,
scientific_name,Accipiter francesii,,
scientific_name,Accipiter gentilis,,
scientific_name,Accipiter henstii,2084,
scientific_name,Accipiter madagascariensis,2086,
scientific_name,Accipiter melanoleucus,,
scientific_name,Accipiter minullus,158,
scientific_name,Accipiter nisus,1006,
scientific_name,Accipiter ovampensis,157,
scientific_name,Accipiter rufiventris,156,
scientific_name,Accipiter tachiro,160,
scientific_name,Accipiter toussenelii,,
scientific_name,Achaetops pycnopygius,539,
scientific_name,Acridotheres tristis,734,
scientific_name,Acrocephalus aedon,3224,
scientific_name,Acrocephalus arundinaceus,603,
scientific_name,Acrocephalus baeticatus,,
scientific_name,Acrocephalus baeticatus cinnamomeus,,
scientific_name,Acrocephalus brevipennis,3226,
scientific_name,Acrocephalus gracilirostris,604,
scientific_name,Acrocephalus griseldis,949,
scientific_name,Acrocephalus melanopogon,3228,
scientific_name,Acrocephalus newtoni,3230,
scientific_name,Acrocephalus palustris,607,
scientific_name,Acrocephalus rodericans,3234,
scientific_name,Acrocephalus rufescens,912,
scientific_name,Acrocephalus schoenobaenus,608,
scientific_name,Acrocephalus scirpaceus,911,
scientific_name,Acrocephalus sechellensis,1176,
scientific_name,Acrocephalus stentoreus,3236,
scientific_name,Acryllium vulturinum,1260,
scientific_name,Actitis hypoleucos,258,
scientific_name,Actitis macularius,1974,
scientific_name,Actophilornis africanus,228,
scientific_name,Actophilornis albinucha,1996,
scientific_name,Adropadus nigriceps,,
scientific_name,Aegypius monachus,2090,
scientific_name,Aenigmatolimnas marginalis,200,
scientific_name,Afropavo congensis,1202,
scientific_name,Afrotis afra,4134,
scientific_name,Afrotis afraoides,1035,
scientific_name,Agapornis [lilianae] nigrigenis,331,
scientific_name,Agapornis canus,1634,
scientific_name,Agapornis fischeri,1636,
scientific_name,Agapornis lilianae,332,
scientific_name,Agapornis personatus,1638,
scientific_name,Agapornis pullarius,1640,
scientific_name,Agapornis roseicollis,330,
scientific_name,Agapornis swindernianus,1642,
scientific_name,Agapornis taranta,1644,
scientific_name,Agelastes meleagrides,1262,
scientific_name,Agelastes niger,1264,
scientific_name,Aix galericulata,1017,
scientific_name,Alaemon alaudipes,3466,
scientific_name,Alaemon hamertoni,3468,
scientific_name,Alauda arvensis,3470,
scientific_name,Alauda razae,3472,
scientific_name,Alca torda,2034,
scientific_name,Alcedo [cristata] thomensis,,
scientific_name,Alcedo [leucogaster] nais,,
scientific_name,Alcedo atthis,1552,
scientific_name,Alcedo cristata,397,
scientific_name,Alcedo leucogaster,1062,
scientific_name,Alcedo quadribrachys,959,
scientific_name,Alcedo semitorquata,396,
scientific_name,Alcedo vintsioides,,
scientific_name,Alectoris barbara,1204,
scientific_name,Alectoris chukar,980,
scientific_name,Alectroenas madagascariensis,1842,
scientific_name,Alectroenas pulcherrina,1174,
scientific_name,Alectroenas sganzini,1844,
scientific_name,Alethe [Pseudalethe] castanea,2540,
scientific_name,Alethe [Pseudalethe] diademata,,
scientific_name,Alethe choloensis,,
scientific_name,Alethe fuelleborni,946,
scientific_name,Alethe poliocephala,1109,
scientific_name,Alethe poliophrys,2542,
scientific_name,Alle alle,2036,
scientific_name,Alopochen aegyptiaca,89,
scientific_name,Amadina erythrocephala,820,
scientific_name,Amadina fasciata,821,
scientific_name,Amandava amandava,1032,
scientific_name,Amandava subflava,838,
scientific_name,Amaurocichla bocagii [bocagei],,
scientific_name,Amaurornis flavirostra,203,
scientific_name,Amaurornis olivieri,1924,
scientific_name,Amblyospiza albifrons,804,
scientific_name,Ammomanes [Ammomanopsis] grayi,483,
scientific_name,Ammomanes cincturus [cinctura],3474,
scientific_name,Ammomanes deserti,3476,
scientific_name,Ammoperdix heyi,1206,
scientific_name,Amphilais seebohmi,,
scientific_name,Anaplectes melanotis,793,
scientific_name,Anas acuta,886,
scientific_name,Anas americana,1270,
scientific_name,Anas bernieri,1272,
scientific_name,Anas capensis,98,
scientific_name,Anas clypeata,93,
scientific_name,Anas crecca,1274,
scientific_name,Anas discors,1276,
scientific_name,Anas erythrorhyncha,97,
scientific_name,Anas erythroryncha x a. Undulata,,
scientific_name,Anas hottentota,,
scientific_name,Anas melleri,1278,
scientific_name,Anas penelope,1280,
scientific_name,Anas platyrhynchos,1016,
scientific_name,Anas querquedula,885,
scientific_name,Anas smithii,94,
scientific_name,Anas sparsa,95,
scientific_name,Anas strepera,1282,
scientific_name,Anas undulata,96,
scientific_name,Anastomus lamelligerus,74,
scientific_name,Andropadus [tephrolaemus] chlorigula,,
scientific_name,Andropadus [tephrolaemus] chlorigula 2,,
scientific_name,Andropadus [tephrolaemus] fusciceps,,
scientific_name,Andropadus [tephrolaemus] neumanni,3048,
scientific_name,Andropadus ansorgei,2944,
scientific_name,Andropadus curvirostris,2946,
scientific_name,Andropadus gracilirostris,2948,
scientific_name,Andropadus gracilis,2950,
scientific_name,Andropadus importunus,551,
scientific_name,Andropadus importunus insularis,945,
scientific_name,Andropadus kakamegae,,
scientific_name,Andropadus kikuyuensis,,
scientific_name,Andropadus latirostris,1111,
scientific_name,Andropadus masukuensis,555,
scientific_name,Andropadus milanjensis,549,
scientific_name,Andropadus montanus,,
scientific_name,Andropadus olivaceiceps,2956,
scientific_name,Andropadus striifacies,,
scientific_name,Andropadus tephrolaemus,,
scientific_name,Andropadus virens,565,
scientific_name,Anhinga rufa,52,
scientific_name,Anomalospiza imberbis,854,
scientific_name,Anous minutus,301,
scientific_name,Anous stolidus,303,
scientific_name,Anous tenuirostris,939,
scientific_name,Anser albifrons,1284,
scientific_name,Anser anser,1286,
scientific_name,Anser erythropus,1288,
scientific_name,Anser fabalis,1290,
scientific_name,Anthoscopus caroli,530,
scientific_name,Anthoscopus flavifrons,2848,
scientific_name,Anthoscopus minutus,531,
scientific_name,Anthoscopus musculus,2850,
scientific_name,Anthoscopus parvulus,2852,
scientific_name,Anthoscopus punctifrons,2854,
scientific_name,Anthreptes [Deleornis] axillaris,3570,
scientific_name,Anthreptes [Hedydipna] metallicus,3572,
scientific_name,Anthreptes anchietae,3578,
scientific_name,Anthreptes aurantium,3580,
scientific_name,Anthreptes fraseri,,
scientific_name,Anthreptes gabonicus,3584,
scientific_name,Anthreptes longuemarei,770,
scientific_name,Anthreptes neglectus,3586,
scientific_name,Anthreptes orientalis,3588,
scientific_name,Anthreptes rectirostris,3592,
scientific_name,Anthreptes reichenowi,769,
scientific_name,Anthreptes rubritorques,3594,
scientific_name,Anthropoides paradiseus,216,
scientific_name,Anthropoides virgo,1920,
scientific_name,Anthus [cinnamomeus] camaroonensis,3690,
scientific_name,Anthus [cinnamomeus] latistriatus,3692,
scientific_name,Anthus [similis] bannermani,3694,
scientific_name,Anthus [similis] nyassae,,
scientific_name,Anthus brachyurus,700,
scientific_name,Anthus caffer,699,
scientific_name,Anthus campestris,3696,
scientific_name,Anthus cervinus,1028,
scientific_name,Anthus chloris,701,
scientific_name,Anthus cinnamomeus,692,
scientific_name,Anthus crenatus,697,
scientific_name,Anthus hoeschi,928,
scientific_name,Anthus leucophrys,694,
scientific_name,Anthus lineiventris,696,
scientific_name,Anthus longicaudatus,,
scientific_name,Anthus melindae,3698,
scientific_name,Anthus pallidiventris,3700,
scientific_name,Anthus petrosus,3702,
scientific_name,Anthus pratensis,3704,
scientific_name,Anthus pseudosimilis,,
scientific_name,Anthus richardi,3708,
scientific_name,Anthus roseatus,1057,
scientific_name,Anthus rubescens,3710,
scientific_name,Anthus similis,693,
scientific_name,Anthus sokokensis,3712,
scientific_name,Anthus spinoletta,3714,
scientific_name,Anthus trivialis,698,
scientific_name,Anthus vaalensis,695,
scientific_name,Anus eatoni,1292,
scientific_name,Apalis [flavida] viridiceps,3050,
scientific_name,Apalis [porphyrolaema] kaboboensis,3052,
scientific_name,Apalis [rufogularis] argentea,3054,
scientific_name,Apalis [thoracica] fascigularis,3056,
scientific_name,Apalis [thoracica] lynesi,3058,
scientific_name,Apalis alticola,3060,
scientific_name,Apalis bamendae,3062,
scientific_name,Apalis binotata,3064,
scientific_name,Apalis chapini,3066,
scientific_name,Apalis chariessa,3068,
scientific_name,Apalis chirindensis,927,
scientific_name,Apalis cinerea,3070,
scientific_name,Apalis flavida,625,
scientific_name,Apalis flavigularis,1103,
scientific_name,Apalis goslingi,3072,
scientific_name,Apalis jacksoni,3074,
scientific_name,Apalis karamojae,3076,
scientific_name,Apalis melanocephala,623,
scientific_name,Apalis nigriceps,3078,
scientific_name,Apalis personata,3080,
scientific_name,Apalis porphyrolaema,3082,
scientific_name,Apalis pulchra,3084,
scientific_name,Apalis ruddi,624,
scientific_name,Apalis rufogularis,1099,
scientific_name,Apalis ruwenzorii,,
scientific_name,Apalis sharpii,3088,
scientific_name,Apalis thoracica,622,
scientific_name,Apaloderma aequatoriale,1528,
scientific_name,Apaloderma narina,393,
scientific_name,Apaloderma vittatum,944,
scientific_name,Aplopelia larvata,322,
scientific_name,Aptenodytes forsteri,890,
scientific_name,Aptenodytes patagonicus,987,
scientific_name,Apus [barbatus] sladeniae,1666,
scientific_name,Apus affinis,385,
scientific_name,Apus alexandri,1668,
scientific_name,Apus apus,378,
scientific_name,Apus balstoni,1670,
scientific_name,Apus barbatus,380,
scientific_name,Apus batesi,1672,
scientific_name,Apus berliozi,1674,
scientific_name,Apus bradfieldi,381,
scientific_name,Apus caffer,383,
scientific_name,Apus horus,384,
scientific_name,Apus niansae,1676,
scientific_name,Apus pallidus,379,
scientific_name,Apus unicolor,1678,
scientific_name,Aquila adalberti,2092,
scientific_name,Aquila ayresii,140,
scientific_name,Aquila chrysaetos,2094,
scientific_name,Aquila clanga,1098,
scientific_name,Aquila heliaca,2096,
scientific_name,Aquila nipalensis,135,
scientific_name,Aquila pennatus,139,
scientific_name,Aquila pomarina,136,
scientific_name,Aquila rapax,134,
scientific_name,Aquila spilogaster,141,
scientific_name,Aquila verreauxii,133,
scientific_name,Aquila wahlbergi,137,
scientific_name,Arcanator (Modulatrix) orostruthus,,
scientific_name,Ardea alba,58,
scientific_name,Ardea bournei,,
scientific_name,Ardea cinerea,54,
scientific_name,Ardea goliath,56,
scientific_name,Ardea humbloti,2186,
scientific_name,Ardea melanocephala,55,
scientific_name,Ardea purpurea,57,
scientific_name,Ardeola idae,883,
scientific_name,Ardeola ralloides,62,
scientific_name,Ardeola rufiventris,65,
scientific_name,Ardeotis arabs,1894,
scientific_name,Ardeotis kori,217,
scientific_name,Arenaria interpres,232,
scientific_name,Artamella viridis,2304,
scientific_name,Asio abyssinicus,1738,
scientific_name,Asio capensis,361,
scientific_name,Asio flammeus,1740,
scientific_name,Asio madagascariensis,1742,
scientific_name,Asio otus,1744,
scientific_name,Atelornis crossleyi,1536,
scientific_name,Atelornis pittoides,1538,
scientific_name,Athene noctua,1746,
scientific_name,Atlantisia rogersi,999,
scientific_name,Aviceda cuculoides,127,
scientific_name,Aviceda madagascariensis,2098,
scientific_name,Aythya collaris,1294,
scientific_name,Aythya ferina,1296,
scientific_name,Aythya fuligula,1298,
scientific_name,Aythya hybrid,,
scientific_name,Aythya innotata,1300,
scientific_name,Aythya marila,1302,
scientific_name,Aythya nyroca,1304,
scientific_name,Baeopogon clamans,2960,
scientific_name,Baeopogon indicator,1113,
scientific_name,Balaeniceps rex,1030,
scientific_name,Balearica pavonina,1918,
scientific_name,Balearica regulorum,214,
scientific_name,Bathmocercus (Scepomycter) winifredae,,
scientific_name,Bathmocercus cerviniventris,3244,
scientific_name,Bathmocercus rufus,1114,
scientific_name,Batis [capensis] dimorpha,2306,
scientific_name,Batis [capensis] reichenowi,,
scientific_name,Batis [poensis] occulta,2310,
scientific_name,Batis capensis,672,
scientific_name,Batis diops,2312,
scientific_name,Batis fratrum,676,
scientific_name,Batis ituriensis,2314,
scientific_name,Batis margaritae,2316,
scientific_name,Batis minima,2318,
scientific_name,Batis minor,2320,
scientific_name,Batis minulla,2322,
scientific_name,Batis mixta,683,
scientific_name,Batis molitor,673,
scientific_name,Batis orientalis,2324,
scientific_name,Batis perkeo,2326,
scientific_name,Batis poensis,2328,
scientific_name,Batis pririt,674,
scientific_name,Batis senegalensis,2330,
scientific_name,Batis soror,675,
scientific_name,Bias musicus,667,
scientific_name,Bleda [eximia] notata [notatus],,
scientific_name,Bleda canicapilla [canicapillus],2962,
scientific_name,Bleda eximia [eximius],2964,
scientific_name,Bleda notata [notatus],,
scientific_name,Bleda syndactyla,1191,
scientific_name,Bleda ugandae,2968,
scientific_name,Bostrychia bocagei,2198,
scientific_name,Bostrychia carunculata,2200,
scientific_name,Bostrychia hagedash,84,
scientific_name,Bostrychia olivacea,2202,
scientific_name,Bostrychia rara,2204,
scientific_name,Botaurus stellaris,71,
scientific_name,Brachycope anomala,3716,
scientific_name,Brachypteracias leptosomus,1540,
scientific_name,Brachypteracias squamigera,1542,
scientific_name,Bradornis (Malaenornis) infuscatus,663,
scientific_name,Bradornis (Malaenornis) mariquensis,661,
scientific_name,Bradornis microrhynchus,2544,
scientific_name,Bradornis pallidus,662,
scientific_name,Bradypterus (lopezi) mariae,652,
scientific_name,Bradypterus [lopezi] bangwaensis,1115,
scientific_name,Bradypterus alfredi,,
scientific_name,Bradypterus baboecala,609,
scientific_name,Bradypterus barratti,610,
scientific_name,Bradypterus carpalis,1064,
scientific_name,Bradypterus cinnamomeus,1107,
scientific_name,Bradypterus grandis,3248,
scientific_name,Bradypterus graueri,3250,
scientific_name,Bradypterus lopezi,1106,
scientific_name,Bradypterus sylvaticus,611,
scientific_name,Bradypterus victorini,612,
scientific_name,Branta bernicla,1306,
scientific_name,Branta leucopsis,1308,
scientific_name,Branta ruficollis,1310,
scientific_name,Bubalornis albirostris,3718,
scientific_name,Bubalornis niger,779,
scientific_name,Bubo [bubo] ascalaphus,1748,
scientific_name,Bubo [poensis] vosseleri,,
scientific_name,Bubo africanus,368,
scientific_name,Bubo bubo,1752,
scientific_name,Bubo capensis,367,
scientific_name,Bubo cinerascens,1754,
scientific_name,Bubo lacteus,369,
scientific_name,Bubo leucostictus,1756,
scientific_name,Bubo poensis,1758,
scientific_name,Bubo shelleyi,1760,
scientific_name,Bubulcus ibis,,
scientific_name,Buccanodon duchaillui,1414,
scientific_name,Bucephala clangula,1312,
scientific_name,Bucorvus abyssinicus,1510,
scientific_name,Bucorvus leadbeteri,430,
scientific_name,Bugeranus carunculatus,215,
scientific_name,Bulweria bulwerii,994,
scientific_name,Bulweria fallax,1011,
scientific_name,Buphagus africanus,747,
scientific_name,Buphagus erythrorhynchus,748,
scientific_name,Buphagus hybrid,,
scientific_name,Burhinus capensis,275,
scientific_name,Burhinus oedicnemus,1998,
scientific_name,Burhinus senegalensis,2000,
scientific_name,Burhinus vermiculatus,274,
scientific_name,Butastur rufipennis,2100,
scientific_name,Buteo [augur] archeri,2102,
scientific_name,Buteo [augur] rufofuscus,152,
scientific_name,Buteo [oreophilus] trizonatus,155,
scientific_name,Buteo augur,153,
scientific_name,Buteo auguralis,2104,
scientific_name,Buteo bannermani,,
scientific_name,Buteo brachypterus,2108,
scientific_name,Buteo buteo,154,
scientific_name,Buteo lagopus,2110,
scientific_name,Buteo oreophilus,2112,
scientific_name,Buteo rufinus,979,
scientific_name,Butorides striata,63,
scientific_name,Bycanistes (Ceratogymna) [cylindricus] albotibialis,1474,
scientific_name,Bycanistes (Ceratogymna) atrata,,
scientific_name,Bycanistes (Ceratogymna) cylindricus,1478,
scientific_name,Bycanistes (Ceratogymna) elata,,
scientific_name,Bycanistes (Ceratogymna) fistulator,,
scientific_name,Bycanistes brevis,423,
scientific_name,Bycanistes bucinator,422,
scientific_name,Bycanistes subcylindricus,1484,
scientific_name,Cairina moschata,10003,
scientific_name,Calamonastes fasciolatus,614,
scientific_name,Calamonastes simplex,3090,
scientific_name,Calamonastes stierlingi,615,
scientific_name,Calamonastes undosus,3092,
scientific_name,Calandrella [brachydactyla] blanfordi,3478,
scientific_name,Calandrella [brachydactyla] erlangeri,,
scientific_name,Calandrella [rufescens] athensis,,
scientific_name,Calandrella brachydactyla,3486,
scientific_name,Calandrella cinerea,488,
scientific_name,Calandrella rufescens,,
scientific_name,Calcarius lapponicus,4000,
scientific_name,Calicalicus madagascariensis,2332,
scientific_name,Calicalicus rufocarpalis,2334,
scientific_name,Calidris alba,255,
scientific_name,Calidris alpina,896,
scientific_name,Calidris bairdii,252,
scientific_name,Calidris canutus,254,
scientific_name,Calidris ferruginea,251,
scientific_name,Calidris fuscicollis,997,
scientific_name,Calidris maritima,1976,
scientific_name,Calidris melanotos,895,
scientific_name,Calidris minuta,253,
scientific_name,Calidris pusilla,1978,
scientific_name,Calidris ruficollis,897,
scientific_name,Calidris subminuta,972,
scientific_name,Calidris temminckii,985,
scientific_name,Calidris tenuirostris,1980,
scientific_name,Calonectris diomedea,26,
scientific_name,Calonectris edwardsii,2228,
scientific_name,Calonectris leucomelas,1033,
scientific_name,Calyptocichla serina,2970,
scientific_name,Camaroptera brachyura,628,
scientific_name,Camaroptera brachyura brachyura,627,
scientific_name,Camaroptera chloronota,1189,
scientific_name,Camaroptera superciliaris,3094,
scientific_name,Campephaga flava,513,
scientific_name,Campephaga lobata,,
scientific_name,Campephaga oriolina,,
scientific_name,Campephaga petiti,2340,
scientific_name,Campephaga phoenicea,2342,
scientific_name,Campephaga quiscalina,2344,
scientific_name,Campethera [bennettii] scripticauda,,
scientific_name,Campethera abingoni,447,
scientific_name,Campethera bennettii,446,
scientific_name,Campethera cailliautii,449,
scientific_name,Campethera caroli,1368,
scientific_name,Campethera maculosa,449,
scientific_name,Campethera mombassica,1366,
scientific_name,Campethera nivosa,1188,
scientific_name,Campethera notata,448,
scientific_name,Campethera nubica,1372,
scientific_name,Campethera punctuligera,1374,
scientific_name,Campethera scriptoricauda,907,
scientific_name,Campethera tullbergi,1376,
scientific_name,Camprimulgus solala,1804,
scientific_name,Canirallus kioloides,,
scientific_name,Canirallus oculeus,1928,
scientific_name,Caprimulgus [pectoralis] nigriscapularis,1806,
scientific_name,Caprimulgus [poliocephalus] ruwenzorii,1840,
scientific_name,Caprimulgus aegyptius,1808,
scientific_name,Caprimulgus batesi,1810,
scientific_name,Caprimulgus binotatus,1812,
scientific_name,Caprimulgus clarus,1814,
scientific_name,Caprimulgus climacurus,1816,
scientific_name,Caprimulgus donaldsoni,1818,
scientific_name,Caprimulgus enarratus,1820,
scientific_name,Caprimulgus europaeus,371,
scientific_name,Caprimulgus eximius,1822,
scientific_name,Caprimulgus fossii,376,
scientific_name,Caprimulgus fraenatus,1824,
scientific_name,Caprimulgus inornatus,1826,
scientific_name,Caprimulgus madagascariensis,1828,
scientific_name,Caprimulgus natalensis,375,
scientific_name,Caprimulgus nubicus,1830,
scientific_name,Caprimulgus pectoralis,373,
scientific_name,Caprimulgus poliocephalus,357,
scientific_name,Caprimulgus prigoginei,1832,
scientific_name,Caprimulgus ruficollis,1834,
scientific_name,Caprimulgus rufigena,372,
scientific_name,Caprimulgus stellatus,1836,
scientific_name,Caprimulgus tristigma,374,
scientific_name,Carduelis cannabina,,
scientific_name,Carduelis carduelis,4004,
scientific_name,Carduelis chloris,4006,
scientific_name,Carduelis flammea,,
scientific_name,Carduelis johannis,4010,
scientific_name,Carduelis spinus,4012,
scientific_name,Carpodacus erythrinus,4014,
scientific_name,Carpodacus synoicus,4016,
scientific_name,Carpospiza brachydactyla,3720,
scientific_name,Catharacta antarctica,,
scientific_name,Catharacta maccormicki,990,
scientific_name,Catharacta skua,2038,
scientific_name,Cecropis abyssinica,503,
scientific_name,Cecropis daurica,962,
scientific_name,Cecropis semirufa,501,
scientific_name,Cecropis senegalensis,500,
scientific_name,Centropus [leucogaster] neumanni,1622,
scientific_name,Centropus anselli,1624,
scientific_name,Centropus burchelli,,
scientific_name,Centropus cupreicaudus,354,
scientific_name,Centropus grillii,353,
scientific_name,Centropus leucogaster,1626,
scientific_name,Centropus monachus,1628,
scientific_name,Centropus senegalensis,355,
scientific_name,Centropus superciliosus,1036,
scientific_name,Centropus toulou,1630,
scientific_name,Cercococcyx mechowi,1592,
scientific_name,Cercococcyx montanus,923,
scientific_name,Cercococcyx olivinus,1594,
scientific_name,Cercomela dubia,2546,
scientific_name,Cercomela familiaris,570,
scientific_name,Cercomela melanura,2548,
scientific_name,Cercomela schlegelii,566,
scientific_name,Cercomela scotocerca,2550,
scientific_name,Cercomela sinuata,572,
scientific_name,Cercomela sordida,2552,
scientific_name,Cercomela tractrac,571,
scientific_name,Cercotrichas (Erythropygia) barbata,,
scientific_name,Cercotrichas (Erythropygia) coryphaeus,583,
scientific_name,Cercotrichas (Erythropygia) leucosticta,1182,
scientific_name,Cercotrichas (Erythropygia) paena,586,
scientific_name,Cercotrichas (Erythropygia) podobe,2558,
scientific_name,Cercotrichas (Erythropygia) signata,584,
scientific_name,Cercotrichas galactotes,567,
scientific_name,Cercotrichas hartlaubi,2556,
scientific_name,Cercotrichas leucophrys,588,
scientific_name,Cercotrichas quadrivirgata,585,
scientific_name,Certhia brachydactyla,2844,
scientific_name,Certhilauda [Calendulauda] albescens,461,
scientific_name,Certhilauda [Calendulauda] burra,479,
scientific_name,Certhilauda [Calendulauda] erythrochlamys,480,
scientific_name,Certhilauda [Calendulauda][erythrochlamys] barlowi,,
scientific_name,Certhilauda [curvirostris] benguelensis,,
scientific_name,Certhilauda [curvirostris] brevirostris,4123,
scientific_name,Certhilauda [curvirostris] curvirostris,4125,
scientific_name,Certhilauda [curvirostris] semitorquata,,
scientific_name,Certhilauda [curvirostris] subcoronata,,
scientific_name,Certhilauda chuana,465,
scientific_name,Ceryle rudis,394,
scientific_name,Cettia cetti,3252,
scientific_name,Ceuthmochares aereus,358,
scientific_name,Ceuthmochares australis,1596,
scientific_name,Ceyx pictus,398,
scientific_name,Chaetops aurantius,1038,
scientific_name,Chaetops frenatus,540,
scientific_name,Chalcomitra amethystina,772,
scientific_name,Chalcomitra hunteri,3610,
scientific_name,Chalcomitra rubescens,1116,
scientific_name,Chalcomitra senegalensis,774,
scientific_name,Charadrius alexandrinus,2002,
scientific_name,Charadrius asiaticus,240,
scientific_name,Charadrius dubius,955,
scientific_name,Charadrius forbesi,956,
scientific_name,Charadrius hiaticula,233,
scientific_name,Charadrius leschenaultii,239,
scientific_name,Charadrius marginatus,235,
scientific_name,Charadrius mongolus,,
scientific_name,Charadrius pallidus,236,
scientific_name,Charadrius pecuarius,237,
scientific_name,Charadrius sanctaehelenae,2004,
scientific_name,Charadrius thoracicus,,
scientific_name,Charadrius tricollaris,238,
scientific_name,Chelictinia riocourii,2114,
scientific_name,Chersomanes albofasciata,474,
scientific_name,Chersomanes beesleyi,3490,
scientific_name,Chersophilus duponti,3492,
scientific_name,Chionis alba,,
scientific_name,Chionis minor,975,
scientific_name,Chlamydotis macqueeni,,
scientific_name,Chlamydotis undulata,1898,
scientific_name,Chlidonias hybrida,305,
scientific_name,Chlidonias leucopterus,304,
scientific_name,Chlidonias niger,903,
scientific_name,Chlorocichla falkensteini,1180,
scientific_name,Chlorocichla flavicollis,,
scientific_name,Chlorocichla flaviventris,550,
scientific_name,Chlorocichla laetissima,2972,
scientific_name,Chlorocichla prigoginei,2974,
scientific_name,Chlorocichla simplex,2976,
scientific_name,Chloropeta gracilirostris,1067,
scientific_name,Chloropeta natalensis,,
scientific_name,Chloropeta similis,471,
scientific_name,Chlorophoneus bocagei,2498,
scientific_name,Chlorophoneus dohertyi,2500,
scientific_name,Chlorophoneus nigrifrons,720,
scientific_name,Chlorophoneus sulfureopectus,719,
scientific_name,Chlorophoneus viridis,721,
scientific_name,Chroicocephalus genei,1078,
scientific_name,Chroicocephalus ridibundus,933,
scientific_name,Chroicocephaus cirrocephalus,288,
scientific_name,Chrysococcyx caprius,352,
scientific_name,Chrysococcyx cupreus,350,
scientific_name,Chrysococcyx flavigularis,1598,
scientific_name,Chrysococcyx klaas,351,
scientific_name,Cichladusa arquata,593,
scientific_name,Cichladusa guttata,2560,
scientific_name,Cichladusa ruficauda,910,
scientific_name,Ciconia abdimii,78,
scientific_name,Ciconia ciconia,80,
scientific_name,Ciconia episcopus,77,
scientific_name,Ciconia nigra,79,
scientific_name,Cinclus cinclus,2538,
scientific_name,Cinnyricinclus femoralis,2820,
scientific_name,Cinnyricinclus leucogaster,736,
scientific_name,Cinnyris bifasciatus,756,
scientific_name,Cinnyris bouvieri,3626,
scientific_name,Cinnyris chalcomelas,3628,
scientific_name,Cinnyris cholorpygius,1117,
scientific_name,Cinnyris cupreus,754,
scientific_name,Cinnyris erythrocercus,3638,
scientific_name,Cinnyris habessinica,,
scientific_name,Cinnyris mariquensis,755,
scientific_name,Cinnyris mediocris,767,
scientific_name,Cinnyris nectarinioides,3684,
scientific_name,Cinnyris pulchellus,3686,
scientific_name,Cinnyris reichenowi,3660,
scientific_name,Cinnyris sp,,
scientific_name,Cinnyris superbus,3672,
scientific_name,Cinnyris tsavoensis,3676,
scientific_name,Cinnyris usambaricus,3600,
scientific_name,Cinnyris venustus,762,
scientific_name,Circaetus [gallicus] pectoralis,146,
scientific_name,Circaetus beaudoini,2116,
scientific_name,Circaetus cinerascens,148,
scientific_name,Circaetus cinereus,145,
scientific_name,Circaetus fasciolatus,147,
scientific_name,Circaetus gallicus,2118,
scientific_name,Circus aeruginosus,166,
scientific_name,Circus cyaneus,2120,
scientific_name,Circus macrourus,168,
scientific_name,Circus maillardi,2122,
scientific_name,Circus maurus,169,
scientific_name,Circus pygargus,170,
scientific_name,Circus ranivorus,167,
scientific_name,Cisticola (Incana) incanus,,
scientific_name,Cisticola [chubbi] discolor,1119,
scientific_name,Cisticola [erythrops] lepe,3100,
scientific_name,Cisticola [lais] distinctus,3104,
scientific_name,Cisticola [robustus] angolensis,3106,
scientific_name,Cisticola a. aberrans,,
scientific_name,Cisticola aberdare,3108,
scientific_name,Cisticola aberrans,3098,
scientific_name,Cisticola angusticauda,3102,
scientific_name,Cisticola anonymus,3110,
scientific_name,Cisticola aridulus,630,
scientific_name,Cisticola ayresii,634,
scientific_name,Cisticola bodessa,3112,
scientific_name,Cisticola brachypterus,636,
scientific_name,Cisticola brunnescens,3114,
scientific_name,Cisticola bulliens,3116,
scientific_name,Cisticola cantans,643,
scientific_name,Cisticola carruthersi,3118,
scientific_name,Cisticola cherinus,3120,
scientific_name,Cisticola chiniana,642,
scientific_name,Cisticola chubbi,3122,
scientific_name,Cisticola cinereolus,3124,
scientific_name,Cisticola cinnamomeus,635,
scientific_name,Cisticola dambo,3126,
scientific_name,Cisticola dorsti,3128,
scientific_name,Cisticola erythrops,644,
scientific_name,Cisticola eximius,3130,
scientific_name,Cisticola fulvicapillus [fulvicapilla],,
scientific_name,Cisticola galactotes,4138,
scientific_name,Cisticola haematocephalus,3132,
scientific_name,Cisticola haesitatus,3134,
scientific_name,Cisticola hunteri,632,
scientific_name,Cisticola juncidis,629,
scientific_name,Cisticola lais,639,
scientific_name,Cisticola lateralis,3136,
scientific_name,Cisticola luapula,3138,
scientific_name,Cisticola lugubris,3140,
scientific_name,Cisticola melanurus,3144,
scientific_name,Cisticola nanus,3146,
scientific_name,Cisticola natalensis,647,
scientific_name,Cisticola nigriloris,3148,
scientific_name,Cisticola njombe,640,
scientific_name,Cisticola pipiens,915,
scientific_name,Cisticola restrictus,3150,
scientific_name,Cisticola robustus,3152,
scientific_name,Cisticola ruficeps,3154,
scientific_name,Cisticola rufilatus,641,
scientific_name,Cisticola rufus,3156,
scientific_name,Cisticola sp.,3158,
scientific_name,Cisticola subruficapillus [subruficapilla],,
scientific_name,Cisticola textrix,631,
scientific_name,Cisticola tinniens,646,
scientific_name,Cisticola troglodytes,3164,
scientific_name,Cisticola woosnami,3166,
scientific_name,Clamator glandarius,346,
scientific_name,Clamator jacobinus,348,
scientific_name,Clamator levaillantii,347,
scientific_name,Clandrella somalica,3484,
scientific_name,Clytospiza monteiri,3722,
scientific_name,Coccopygia quartinia,826,
scientific_name,Coccothraustes coccothraustes,4018,
scientific_name,Coccyzus americanus,1632,
scientific_name,Colius castanotus,1586,
scientific_name,Colius colius,391,
scientific_name,Colius leucocephalus,1588,
scientific_name,Colius striatus,390,
scientific_name,Collocalia elaphra,1680,
scientific_name,Collocalia francica,1682,
scientific_name,Columba albinucha,1846,
scientific_name,Columba albitorques,1848,
scientific_name,Columba arquatrix,312,
scientific_name,Columba delegorguei,313,
scientific_name,Columba guinea,311,
scientific_name,Columba iriditorques,1850,
scientific_name,Columba livia,940,
scientific_name,Columba malherbii,1852,
scientific_name,Columba mayeri,324,
scientific_name,Columba oenas,1854,
scientific_name,Columba oliviae,1856,
scientific_name,Columba palumbus,1858,
scientific_name,Columba picturata,,
scientific_name,Columba pollenii,1862,
scientific_name,Columba sjostedti,1864,
scientific_name,Columba thomensis,1866,
scientific_name,Columba unicincta,1868,
scientific_name,Copsychus albospecularis,2562,
scientific_name,Copsychus sechellarum,1175,
scientific_name,Coracias abyssinicus,1530,
scientific_name,Coracias caudatus,413,
scientific_name,Coracias cyanogaster,1532,
scientific_name,Coracias garrulus,412,
scientific_name,Coracias naevius,415,
scientific_name,Coracias spatulata (C. spatulus),414,
scientific_name,Coracina azurea,,
scientific_name,Coracina caesia,516,
scientific_name,Coracina cinerea,,
scientific_name,Coracina graueri,,
scientific_name,Coracina newtoni,,
scientific_name,Coracina pectoralis,515,
scientific_name,Coracina typica,,
scientific_name,Coracopsis nigra,1646,
scientific_name,Coracopsis vasa,1648,
scientific_name,Corvinella corvina,2274,
scientific_name,Corvinella melanoleuca,,
scientific_name,Corvus albicollis,524,
scientific_name,Corvus albus,522,
scientific_name,Corvus capensis,523,
scientific_name,Corvus corax,2354,
scientific_name,Corvus cornix,,
scientific_name,Corvus corone,2358,
scientific_name,Corvus crassirostris,2360,
scientific_name,Corvus edithae,2362,
scientific_name,Corvus frugilegus,2364,
scientific_name,Corvus monedula,,
scientific_name,Corvus rhipidurus,2368,
scientific_name,Corvus ruficollis,2370,
scientific_name,Corvus splendens,989,
scientific_name,Corythaeola cristata,1696,
scientific_name,Corythaixoides concolor,,
scientific_name,Corythaixoides leucogaster,1698,
scientific_name,Corythaixoides personatus,1700,
scientific_name,Cossypha (Cossyphicula) roberti,2564,
scientific_name,Cossypha albicapilla,2566,
scientific_name,Cossypha anomala,,
scientific_name,Cossypha archeri,,
scientific_name,Cossypha caffra,581,
scientific_name,Cossypha cyanocampter,2570,
scientific_name,Cossypha dichroa,578,
scientific_name,Cossypha haagneri?,,
scientific_name,Cossypha heinrichi,2572,
scientific_name,Cossypha heuglini,580,
scientific_name,Cossypha humeralis,582,
scientific_name,Cossypha isabellae,1120,
scientific_name,Cossypha natalensis,579,
scientific_name,Cossypha niveicapilla,2574,
scientific_name,Cossypha semirufa,2576,
scientific_name,Coturnix adansonii,191,
scientific_name,Coturnix coturnix,189,
scientific_name,Coturnix delegorguei,190,
scientific_name,Coua caerulea,1600,
scientific_name,Coua coquereli,1602,
scientific_name,Coua cristata,1604,
scientific_name,Coua cursor,1606,
scientific_name,Coua delalandei,1608,
scientific_name,Coua gigas,1610,
scientific_name,Coua reynaudii,1612,
scientific_name,Coua ruficeps,1614,
scientific_name,Coua serriana,1616,
scientific_name,Coua verreauxi,1618,
scientific_name,Creatophora cinerea,735,
scientific_name,Crex crex,198,
scientific_name,Crex egregia,199,
scientific_name,Crinifer piscator,1702,
scientific_name,Crinifer zonurus,1704,
scientific_name,Criniger barbatus,2978,
scientific_name,Criniger calurus,2980,
scientific_name,Criniger chloronotus,1121,
scientific_name,Criniger ndussumensis,2982,
scientific_name,Criniger olivaceus,2984,
scientific_name,Crithagra atrogularis,860,
scientific_name,Crithagra buchanani,4086,
scientific_name,Crithagra burtoni,1159,
scientific_name,Crithagra citrinelloides,973,
scientific_name,Crithagra donaldsoni,4094,
scientific_name,Crithagra dorsostriata,4096,
scientific_name,Crithagra gularis,867,
scientific_name,Crithagra hyposticta,4084,
scientific_name,Crithagra koliensis,4080,
scientific_name,Crithagra mozambica,859,
scientific_name,Crithagra reichardi,834,
scientific_name,Crithagra reichenowi,4074,
scientific_name,Crithagra striolata,778,
scientific_name,Crithagra sulphurata,863,
scientific_name,Crossleyia xanthophrys,3254,
scientific_name,Cryptospiza jacksoni,3724,
scientific_name,Cryptospiza reichenovii,828,
scientific_name,Cryptospiza salvadorii,3726,
scientific_name,Cryptospiza shelleyi,3728,
scientific_name,Cryptosylvicola randrianasoloi,3256,
scientific_name,Cuculus canorus,340,
scientific_name,Cuculus clamosus,344,
scientific_name,Cuculus gularis,341,
scientific_name,Cuculus poliocephalus,4130,
scientific_name,Cuculus rochii,1620,
scientific_name,Cuculus solitarius,343,
scientific_name,Cursorius cursor,2024,
scientific_name,Cursorius rufus,276,
scientific_name,Cursorius somalensis,2026,
scientific_name,Cursorius temminckii,277,
scientific_name,Cyanochen cyanopterus,1314,
scientific_name,Cyanolanius madagascarinus,2372,
scientific_name,Cyanomitra olivacea,766,
scientific_name,Cyanomitra veroxii,765,
scientific_name,Cyanomitra verticalis,1068,
scientific_name,Cygnus columbianus,1316,
scientific_name,Cygnus cygnus,1318,
scientific_name,Cygnus olor,884,
scientific_name,Cypsiurus parvus,387,
scientific_name,Damara x Red-billed Hornbill,,
scientific_name,Daption capense,14,
scientific_name,Delichon urbicum,507,
scientific_name,Dendrocopos major,1378,
scientific_name,Dendrocopos minor,1380,
scientific_name,Dendrocygna bicolor,101,
scientific_name,Dendrocygna viduata,100,
scientific_name,Dendroperdix (Peliperdix) (sephaena) rovuma,,
scientific_name,Dendropicos [gabonensis] lugubris,1382,
scientific_name,Dendropicos [goertae] spodocephalus,1384,
scientific_name,Dendropicos abyssinicus,1386,
scientific_name,Dendropicos elachus,1388,
scientific_name,Dendropicos fuscescens,450,
scientific_name,Dendropicos gabonensis,1390,
scientific_name,Dendropicos goertae,1392,
scientific_name,Dendropicos griseocephalus,452,
scientific_name,Dendropicos namaquus,451,
scientific_name,Dendropicos poecilolaemus,1394,
scientific_name,Dendropicos pyrrhogaster,1396,
scientific_name,Dendropicos stierlingi,417,
scientific_name,Dendropicos syriacus,1398,
scientific_name,Dendropicos xantholophus,1400,
scientific_name,Dendropicus goertae rhodeogaster,,
scientific_name,Dicrurus adsimilis,517,
scientific_name,Dicrurus aldabranus,1071,
scientific_name,Dicrurus atripennis,2374,
scientific_name,Dicrurus forficatus,2376,
scientific_name,Dicrurus fuscipennis,2378,
scientific_name,Dicrurus ludwigii,518,
scientific_name,Dicrurus modestus [coracinus],1093,
scientific_name,Dicrurus waldenii,2380,
scientific_name,Dicrusrus modestus,,
scientific_name,Dinemellia dinemelli,3730,
scientific_name,Diomedea (exulans) dabbenena,1080,
scientific_name,Diomedea amsterdamensis,848,
scientific_name,Diomedea epomophora,924,
scientific_name,Diomedea exulans,7,
scientific_name,Diomedea sanfordi,2230,
scientific_name,Drepanorhynchus reichenowi,1118,
scientific_name,Dreptes (Nectarinia) thomensis,,
scientific_name,Dromaeocercus brunneus,,
scientific_name,Dromas ardeola,273,
scientific_name,Drymocichla incana,3168,
scientific_name,Dryolimnas cuvieri,1072,
scientific_name,Dryoscopus angolensis,2384,
scientific_name,Dryoscopus cubla,712,
scientific_name,Dryoscopus gambensis,2386,
scientific_name,Dryoscopus pringlii,2388,
scientific_name,Dryoscopus sabini,2390,
scientific_name,Dryoscopus senegalensis,2392,
scientific_name,Dryotriorchis spectabilis,2124,
scientific_name,Dyaphorophyia (Platysteira) albifrons,2396,
scientific_name,Dyaphorophyia (Platysteira) blissetti,2394,
scientific_name,Dyaphorophyia (Platysteira) tonsa,2400,
scientific_name,Dyaphorophyia [blissetti] chalybea,2402,
scientific_name,Dyaphorophyia castanea,2398,
scientific_name,Dyaphorophyia concreta,1125,
scientific_name,Dyaphorophyia jamesoni,2404,
scientific_name,Egretta ardesiaca,64,
scientific_name,Egretta caerulea,1015,
scientific_name,Egretta dimorpha,,
scientific_name,Egretta garzetta,59,
scientific_name,Egretta gularis,2190,
scientific_name,Egretta intermedia,60,
scientific_name,Egretta thula,2192,
scientific_name,Egretta vinaceigula,982,
scientific_name,Elanus caeruleus,130,
scientific_name,Elminia (Trochocercus) albiventris,1126,
scientific_name,Elminia albicauda,2406,
scientific_name,Elminia albonotata,681,
scientific_name,Elminia longicauda,1127,
scientific_name,Elminia nigromitrata,1128,
scientific_name,Emberiza affinis,4020,
scientific_name,Emberiza cabanisi,875,
scientific_name,Emberiza caesia,4022,
scientific_name,Emberiza capensis,873,
scientific_name,Emberiza cia,4024,
scientific_name,Emberiza cineracea,4026,
scientific_name,Emberiza cirlus,4028,
scientific_name,Emberiza citrinella,4030,
scientific_name,Emberiza flaviventris,874,
scientific_name,Emberiza hortulana,4032,
scientific_name,Emberiza impetuani,871,
scientific_name,Emberiza leucocephalos,4034,
scientific_name,Emberiza melanocephala,4036,
scientific_name,Emberiza poliopleura,4038,
scientific_name,Emberiza pusilla,4040,
scientific_name,Emberiza rustica,4042,
scientific_name,Emberiza schoeniclus,4044,
scientific_name,Emberiza socotrana,4046,
scientific_name,Emberiza striolata,4048,
scientific_name,Emberiza tahapisi,872,
scientific_name,Eminia lepida,3170,
scientific_name,Empidornis semipartitus,2578,
scientific_name,Ephippiorhynchus senegalensis,75,
scientific_name,Eremalauda [Spizocorys] starki,492,
scientific_name,Eremalauda dunni,3494,
scientific_name,Eremomela [icteropygialis] salvadorii,3260,
scientific_name,Eremomela atricollis,3264,
scientific_name,Eremomela badiceps,3266,
scientific_name,Eremomela canescens,3262,
scientific_name,Eremomela flavicrissalis,3268,
scientific_name,Eremomela gregalis,626,
scientific_name,Eremomela icteropygialis,600,
scientific_name,Eremomela pusilla,3270,
scientific_name,Eremomela scotops,602,
scientific_name,Eremomela turneri,3272,
scientific_name,Eremomela usticollis,601,
scientific_name,Eremophila alpestris,3496,
scientific_name,Eremophila alpestris longirostris,1051,
scientific_name,Eremophila bilopha,3498,
scientific_name,Eremopterix australis,486,
scientific_name,Eremopterix leucopareia,3500,
scientific_name,Eremopterix leucotis,484,
scientific_name,Eremopterix nigriceps,3502,
scientific_name,Eremopterix signatus,3504,
scientific_name,Eremopterix verticalis,485,
scientific_name,Erithacus rubecula,2580,
scientific_name,Erythrocercus holochlorus,2408,
scientific_name,Erythrocercus livingstonei,679,
scientific_name,Erythrocercus mccallii,2410,
scientific_name,Estrilda [Coccopygia] melanotis,,
scientific_name,Estrilda [astrild] nigriloris,,
scientific_name,Estrilda [paludicola] ochrogaster,3736,
scientific_name,Estrilda [paludicola] poliopareia,3738,
scientific_name,Estrilda astrild,843,
scientific_name,Estrilda caerulescens,3742,
scientific_name,Estrilda charmosyna,3734,
scientific_name,Estrilda erythronotus,841,
scientific_name,Estrilda kandti,3740,
scientific_name,Estrilda melpoda,1089,
scientific_name,Estrilda nonnula,1129,
scientific_name,Estrilda paludicola,1090,
scientific_name,Estrilda perreini,,
scientific_name,Estrilda rhodopyga,817,
scientific_name,Estrilda thomensis,920,
scientific_name,Estrilda troglodytes,3744,
scientific_name,Eudromias (Charadrius) morinellus,2006,
scientific_name,Eudyptes chrysocome,3,
scientific_name,Eudyptes chrysolophus,983,
scientific_name,Eudyptes chrysolophus schlegeli,164,
scientific_name,Eudyptes robustus,32,
scientific_name,Euodice cantans,3784,
scientific_name,Euplectes afer,812,
scientific_name,Euplectes albonotatus,814,
scientific_name,Euplectes ardens,813,
scientific_name,Euplectes aureus,1179,
scientific_name,Euplectes axillaris,816,
scientific_name,Euplectes capensis,810,
scientific_name,Euplectes diadematus,3746,
scientific_name,Euplectes franciscanus,3748,
scientific_name,Euplectes gierowii,3750,
scientific_name,Euplectes hartlaubi,971,
scientific_name,Euplectes hordeaceus,809,
scientific_name,Euplectes jacksoni,3752,
scientific_name,Euplectes macroura,815,
scientific_name,Euplectes nigroventris,3754,
scientific_name,Euplectes orix,808,
scientific_name,Euplectes progne,818,
scientific_name,Euplectes psammocromius,,
scientific_name,Eupodotis [ruficrista] savilei,1902,
scientific_name,Eupodotis [senegalensis] barrowii (cafra),,
scientific_name,Eupodotis caerulescens,223,
scientific_name,Eupodotis humilis,1908,
scientific_name,Eupodotis rueppellii,221,
scientific_name,Eupodotis ruficrista,224,
scientific_name,Eupodotis senegalensis,222,
scientific_name,Eupodotis vigorsii,220,
scientific_name,Eurocephalus anguitimens,730,
scientific_name,Eurocephalus rueppelli,2276,
scientific_name,Euryceros prevostii,2412,
scientific_name,Euryptila subcinnamomea,613,
scientific_name,Eurystomus glaucurus,416,
scientific_name,Eurystomus gularis,1534,
scientific_name,Euschistospiza cinereovinacea,3758,
scientific_name,Euschistospiza dybowskii,3760,
scientific_name,Eutriorchis astur,2126,
scientific_name,Falco [peregrinus] pelegrinoides,2148,
scientific_name,Falco alexandri,,
scientific_name,Falco alopex,2152,
scientific_name,Falco amurensis,119,
scientific_name,Falco araea,1082,
scientific_name,Falco ardosiaceus,889,
scientific_name,Falco biarmicus,114,
scientific_name,Falco cherrug,2154,
scientific_name,Falco chicquera,117,
scientific_name,Falco columbarius,1020,
scientific_name,Falco concolor,888,
scientific_name,Falco cuvierii,116,
scientific_name,Falco dickinsoni,121,
scientific_name,Falco eleonorae,992,
scientific_name,Falco fasciinucha,887,
scientific_name,Falco madens,,
scientific_name,Falco naumanni,125,
scientific_name,Falco neglectus,,
scientific_name,Falco newtoni,2160,
scientific_name,Falco peregrinus,113,
scientific_name,Falco punctatus,124,
scientific_name,Falco rupicoloides,122,
scientific_name,Falco rupicolus,123,
scientific_name,Falco subbuteo,115,
scientific_name,Falco tinnunculus,2162,
scientific_name,Falco vespertinus,120,
scientific_name,Falco zoniventris,2164,
scientific_name,Falculea palliata,2414,
scientific_name,Ficedula albicollis,917,
scientific_name,Ficedula hypoleuca,1022,
scientific_name,Ficedula parva,2582,
scientific_name,Ficedula semitorquata,2584,
scientific_name,Foudia eminentissima,1069,
scientific_name,Foudia flavicans,3762,
scientific_name,Foudia madagascariensis,1047,
scientific_name,Foudia omissa,3764,
scientific_name,Foudia rubra,1048,
scientific_name,Foudia sechellarum,1178,
scientific_name,Francolinus afer,188,
scientific_name,Francolinus castaneicollis,,
scientific_name,Francolinus coqui,173,
scientific_name,Francolinus hildebrandti,,
scientific_name,Francolinus jacksoni,,
scientific_name,Francolinus leucoscepus,1236,
scientific_name,Francolinus levaillantii,178,
scientific_name,Francolinus levaillantoides,179,
scientific_name,Francolinus psilolaemus,1254,
scientific_name,Francolinus sephaena,174,
scientific_name,Francolinus shelleyi,177,
scientific_name,Francolinus squamatus,,
scientific_name,Francolinus streptophorus,1256,
scientific_name,Fraseria cinerascens,2586,
scientific_name,Fraseria ocreata,2588,
scientific_name,Fratercula arctica,2040,
scientific_name,Fregata andrewsi,2214,
scientific_name,Fregata aquila,2216,
scientific_name,Fregata ariel,1013,
scientific_name,Fregata magnificens,2218,
scientific_name,Fregata minor,53,
scientific_name,Fregetta grallaria,37,
scientific_name,Fregetta tropica,36,
scientific_name,Fringilla coelebs,870,
scientific_name,Fringilla montifringilla,4050,
scientific_name,Fulica atra,1930,
scientific_name,Fulica cristata,212,
scientific_name,Fulmarus glacialis,2232,
scientific_name,Fulmarus glacialoides,15,
scientific_name,Galerida cristata,3506,
scientific_name,Galerida magnirostris,463,
scientific_name,Galerida modesta,3508,
scientific_name,Galerida theklae,3510,
scientific_name,Gallinago gallinago,957,
scientific_name,Gallinago macrodactyla,1982,
scientific_name,Gallinago media,249,
scientific_name,Gallinago nigripennis,250,
scientific_name,Gallinago stenura,1984,
scientific_name,Gallinula angulata,211,
scientific_name,Gallinula chloropus,210,
scientific_name,Gallinula nesiotis,996,
scientific_name,Garrodia nereis,35,
scientific_name,Garrulus glandarius,2416,
scientific_name,Gavia arctica,2222,
scientific_name,Gavia immer,2224,
scientific_name,Gavia stellata,2226,
scientific_name,Gelochelidon nilotica,902,
scientific_name,Geocolaptes olivaceus,445,
scientific_name,Geopelia striata,1173,
scientific_name,Geronticus calvus,82,
scientific_name,Geronticus eremita,2206,
scientific_name,Glareola cinerea,2028,
scientific_name,Glareola maldivarum,2030,
scientific_name,Glareola nordmanni,282,
scientific_name,Glareola nuchalis,283,
scientific_name,Glareola ocularis,898,
scientific_name,Glareola pratincola,281,
scientific_name,Glaucidium albertinum,1802,
scientific_name,Glaucidium capense,366,
scientific_name,Glaucidium capense castaneum,366,
scientific_name,Glaucidium perlatum,365,
scientific_name,Glaucidium sjostedti,1762,
scientific_name,Glaucidium tephronotum,1764,
scientific_name,Gorsachius leuconotus,70,
scientific_name,Grafisia torquata,2772,
scientific_name,Granatina ianthinogaster,3978,
scientific_name,Graueria vittata,3172,
scientific_name,Grus grus,1922,
scientific_name,Guttera plumifera,1266,
scientific_name,Guttera pucherani,193,
scientific_name,Gygis alba,302,
scientific_name,Gymnobucco bonapartei,1416,
scientific_name,Gymnobucco calvus,1130,
scientific_name,Gymnobucco peli,1418,
scientific_name,Gymnobucco sladeni,1420,
scientific_name,Gypaetus barbatus,150,
scientific_name,Gypohierax angolensis,112,
scientific_name,Gyps africanus,107,
scientific_name,Gyps coprotheres,106,
scientific_name,Gyps fulvus,2128,
scientific_name,Gyps rueppellii,1029,
scientific_name,Haematopus meadewaldoi,2008,
scientific_name,Haematopus moquini,231,
scientific_name,Haematopus ostralegus,894,
scientific_name,Halcyon albiventris,402,
scientific_name,Halcyon badia,1560,
scientific_name,Halcyon chelicuti,403,
scientific_name,Halcyon leucocephala,401,
scientific_name,Halcyon malimbica,1131,
scientific_name,Halcyon senegalensis,399,
scientific_name,Halcyon senegaloides,400,
scientific_name,Halcyon smyrnensis,1562,
scientific_name,Haliaeetus albicilla,2130,
scientific_name,Haliaeetus vocifer,149,
scientific_name,Haliaeetus vociferoides,2132,
scientific_name,Halobaena caerulea,20,
scientific_name,Hartlaubius auratus,2830,
scientific_name,Hedydipna collaris,771,
scientific_name,Hedydipna pallidigaster,3574,
scientific_name,Hedydipna platyura,3576,
scientific_name,Heliolais erythropterus,,
scientific_name,Hemitesia neumanni,3274,
scientific_name,Heteromirafra archeri,3512,
scientific_name,Heteromirafra ruddi,473,
scientific_name,Heteromirafra sidamoensis,,
scientific_name,Hieraaetus fasciatus,2134,
scientific_name,Himantopus himantopus,270,
scientific_name,Himantornis haematopus,1932,
scientific_name,Hippolais icterina,596,
scientific_name,Hippolais languida,3276,
scientific_name,Hippolais olivetorum,597,
scientific_name,Hippolais pallida,3278,
scientific_name,Hippolais polyglotta,3280,
scientific_name,Hirundo [daurica] domicella,,
scientific_name,Hirundo [fuligula] obsoleta,2884,
scientific_name,Hirundo aethiopica,2886,
scientific_name,Hirundo albigularis,495,
scientific_name,Hirundo angolensis,494,
scientific_name,Hirundo atrocaerulea,497,
scientific_name,Hirundo cucullata,502,
scientific_name,Hirundo dimidiata,498,
scientific_name,Hirundo fuliginosa,2888,
scientific_name,Hirundo leucosoma,2890,
scientific_name,Hirundo lucida,2892,
scientific_name,Hirundo megaensis,2894,
scientific_name,Hirundo nigrita,2896,
scientific_name,Hirundo nigrorufa,2898,
scientific_name,Hirundo perdita,2900,
scientific_name,Hirundo preussi,2902,
scientific_name,Hirundo rufigula,,
scientific_name,Hirundo rupestris,2904,
scientific_name,Hirundo rustica,493,
scientific_name,Hirundo smithii,496,
scientific_name,Histurgops ruficauda,3766,
scientific_name,Horizorhinus dohrni,,
scientific_name,Humblotia flavirostris,2590,
scientific_name,Hybrid Red-backed x Isabelline Shrike,,
scientific_name,Hydrobates pelagicus,30,
scientific_name,Hydroprogne caspia,290,
scientific_name,Hylia prasina,3282,
scientific_name,Hyliota [australis] usumbarae,,
scientific_name,Hyliota australis,668,
scientific_name,Hyliota flavigaster,670,
scientific_name,Hyliota violacea,3286,
scientific_name,Hylopsar (Lamprotornis) cupreocauda,,
scientific_name,Hylopsar (Lamprotornis) purpureiceps,,
scientific_name,Hypargos margaritatus,831,
scientific_name,Hypargos niveoguttatus,832,
scientific_name,Hypergerus atriceps,3174,
scientific_name,Hypocolius ampelinus,3046,
scientific_name,Hypositta corallirostris,2418,
scientific_name,Hypsipetes borbonicus,2986,
scientific_name,Hypsipetes crassirostris,2988,
scientific_name,Hypsipetes madagascariensis,1070,
scientific_name,Hypsipetes olivaceus,2990,
scientific_name,Hypsipetes parvirostris,2992,
scientific_name,Illadopsis albipectus,1193,
scientific_name,Illadopsis cleaveri,3288,
scientific_name,Illadopsis fulvescens,1181,
scientific_name,Illadopsis puveli,3290,
scientific_name,Illadopsis pyrrhoptera,3292,
scientific_name,Illadopsis rufescens,3294,
scientific_name,Illadopsis rufipennis,3296,
scientific_name,Indicator conirostris,,
scientific_name,Indicator exilis,1132,
scientific_name,Indicator indicator,440,
scientific_name,Indicator maculatus,1352,
scientific_name,Indicator meliphilus,906,
scientific_name,Indicator minor,442,
scientific_name,Indicator pumilio,1354,
scientific_name,Indicator variegatus,441,
scientific_name,Indicator willcocksi,1356,
scientific_name,Irania gutturalis,2592,
scientific_name,Ispidina (Ceyx) lecontei,,
scientific_name,Ispidina madagascariensis,1558,
scientific_name,Ixobrychus minutus,67,
scientific_name,Ixobrychus sinensis,2194,
scientific_name,Ixobrychus sturmii,66,
scientific_name,Ixonotus guttatus,2994,
scientific_name,Jubula lettii,1766,
scientific_name,Jynx ruficollis,453,
scientific_name,Jynx torquilla,1402,
scientific_name,Kakamega poliothorax,1133,
scientific_name,Kaupifalco monogrammicus,144,
scientific_name,Kermadec x Round Island Petrel,,
scientific_name,Kupeornis [rufocinctus] chapini,,
scientific_name,Kupeornis gilberti,3300,
scientific_name,Kupeornis rufocinctus,,
scientific_name,Lagonisticta rufopicta,3768,
scientific_name,Lagonosticta [rhodopareia] umbrinodorsalis,,
scientific_name,Lagonosticta [rhodopareia] virata,,
scientific_name,Lagonosticta [rubricata] landanae,3774,
scientific_name,Lagonosticta larvata,3776,
scientific_name,Lagonosticta nitidula,836,
scientific_name,Lagonosticta rara,3778,
scientific_name,Lagonosticta rhodopareia,835,
scientific_name,Lagonosticta rubricata,833,
scientific_name,Lagonosticta sanguinodorsalis,3780,
scientific_name,Lagonosticta senegala,837,
scientific_name,Lamprotornis (Coccycolius) iris,,
scientific_name,Lamprotornis (Cosmopsarus) unicolor,2780,
scientific_name,Lamprotornis [chloropterus] elisabeth,2782,
scientific_name,Lamprotornis acuticaudus,741,
scientific_name,Lamprotornis australis,743,
scientific_name,Lamprotornis caudatus,2784,
scientific_name,Lamprotornis chalcurus,2786,
scientific_name,Lamprotornis chalybaeus,738,
scientific_name,Lamprotornis chloropterus,739,
scientific_name,Lamprotornis corruscus,740,
scientific_name,Lamprotornis fischeri,2836,
scientific_name,Lamprotornis hildebrandti,2788,
scientific_name,Lamprotornis mevesii,742,
scientific_name,Lamprotornis nitens,737,
scientific_name,Lamprotornis ornatus,1134,
scientific_name,Lamprotornis pulcher,2790,
scientific_name,Lamprotornis purpureus,2792,
scientific_name,Lamprotornis purpuroptera,2794,
scientific_name,Lamprotornis regius,2778,
scientific_name,Lamprotornis shelleyi,2796,
scientific_name,Lamprotornis splendidus,2798,
scientific_name,Lamprotornis superbus,2800,
scientific_name,Laniarius [fulleborni] poensis,2420,
scientific_name,Laniarius aethopicus,977,
scientific_name,Laniarius amboimensis,2422,
scientific_name,Laniarius atrococcineus,711,
scientific_name,Laniarius atroflavus,1135,
scientific_name,Laniarius barbarus,2424,
scientific_name,Laniarius bicolor,710,
scientific_name,Laniarius brauni,2426,
scientific_name,Laniarius erythrogaster,2428,
scientific_name,Laniarius ferrugineus,709,
scientific_name,Laniarius fuelleborni,732,
scientific_name,Laniarius funebris,2430,
scientific_name,Laniarius leucorhynchus,2432,
scientific_name,Laniarius liberatus,,
scientific_name,Laniarius luehderi,2436,
scientific_name,Laniarius mufumbiri,2438,
scientific_name,Laniarius ruficeps,2440,
scientific_name,Laniarius turatii,2442,
scientific_name,Lanioturdus torquatus,726,
scientific_name,Lanius cabanisi,2278,
scientific_name,Lanius collurio,708,
scientific_name,Lanius cristatus,1083,
scientific_name,Lanius dorsalis,2280,
scientific_name,Lanius excubitor,2282,
scientific_name,Lanius excubitoroides,2284,
scientific_name,Lanius gubernator,2286,
scientific_name,Lanius isabellinus,2288,
scientific_name,Lanius mackinnoni,2290,
scientific_name,Lanius marwitzi,,
scientific_name,Lanius meridionalis,2294,
scientific_name,Lanius minor,706,
scientific_name,Lanius newtonii,,
scientific_name,Lanius nubicus,2296,
scientific_name,Lanius senator,976,
scientific_name,Lanius somalicus,2298,
scientific_name,Lanius souzae,918,
scientific_name,Larus (fuscus) heuglini,2042,
scientific_name,Larus argentatus,931,
scientific_name,Larus armenicus,2044,
scientific_name,Larus atricilla,2046,
scientific_name,Larus audouinii,2048,
scientific_name,Larus cachinnans,2050,
scientific_name,Larus canus,2052,
scientific_name,Larus delawarensis,2054,
scientific_name,Larus dominicanus,287,
scientific_name,Larus fuscus,4136,
scientific_name,Larus glaucescens,2056,
scientific_name,Larus hartlaubii,289,
scientific_name,Larus hemprichii,2058,
scientific_name,Larus hyperboreus,2060,
scientific_name,Larus ichthyaetus,2062,
scientific_name,Larus leucopthalmus,900,
scientific_name,Larus marinus,2064,
scientific_name,Larus melanocephalus,2066,
scientific_name,Larus minutus,2068,
scientific_name,Larus pipixcan,932,
scientific_name,Larus sabini,901,
scientific_name,Lemuresthes (Lonchura) nana,,
scientific_name,Leptopterus chabert,2444,
scientific_name,Leptoptilos crumeniferus,73,
scientific_name,Leptosomus discolor,1546,
scientific_name,Lesser-crested x Sandwich tern,,
scientific_name,Limicola falcinellus,981,
scientific_name,Limnodromus scolopaceus,1986,
scientific_name,Limosa haemastica,1009,
scientific_name,Limosa lapponica,266,
scientific_name,Limosa limosa,265,
scientific_name,Linurgus olivaceus,477,
scientific_name,Lioptilus nigricapillus,542,
scientific_name,Lissotis hartlaubii,1906,
scientific_name,Lissotis melanogaster,227,
scientific_name,Locustella fluviatilis,598,
scientific_name,Locustella luscinioides,3304,
scientific_name,Locustella naevia,3306,
scientific_name,Lophaetus occipitalis,138,
scientific_name,Lophotibis cristata,2208,
scientific_name,Lophotis gindiana,1900,
scientific_name,Lost or destroyed ring,9999,
scientific_name,Loxia curvirostra,4052,
scientific_name,Lugensa (Pterodroma) brevirostris,950,
scientific_name,Lullula arborea,3516,
scientific_name,Luscinia calliope,2594,
scientific_name,Luscinia luscinia,592,
scientific_name,Luscinia megarhynchos,2596,
scientific_name,Luscinia pectoralis,,
scientific_name,Luscinia svecica,2598,
scientific_name,Lybius bidentatus,1422,
scientific_name,Lybius chaplini,1424,
scientific_name,Lybius dubius,1426,
scientific_name,Lybius guifsobalito,1428,
scientific_name,Lybius leucocephalus,960,
scientific_name,Lybius melanopterus,1050,
scientific_name,Lybius minor,462,
scientific_name,Lybius rolleti,1430,
scientific_name,Lybius rubrifacies,1432,
scientific_name,Lybius torquatus,431,
scientific_name,Lybius undatus,1434,
scientific_name,Lybius vieilloti,1436,
scientific_name,Lymnocryptes minimus,1988,
scientific_name,Macheiramphus alcinus,131,
scientific_name,Macrodipteryx longipennis,1838,
scientific_name,Macrodipteryx vexillarius,377,
scientific_name,Macronectes giganteus,13,
scientific_name,Macronectes halli,984,
scientific_name,Macronyx ameliae,705,
scientific_name,Macronyx aurantiigula,3786,
scientific_name,Macronyx capensis,703,
scientific_name,Macronyx croceus,704,
scientific_name,Macronyx flavicollis,3788,
scientific_name,Macronyx fuellebornii,,
scientific_name,Macronyx grimwoodi,3790,
scientific_name,Macrosphenus concolor,3308,
scientific_name,Macrosphenus flavicans,3310,
scientific_name,Macrosphenus kempi,3312,
scientific_name,Macrosphenus kretschmeri,3314,
scientific_name,Macrosphenus pulitzeri,3316,
scientific_name,Malaconotus alius,2446,
scientific_name,Malaconotus blanchoti,723,
scientific_name,Malaconotus cruentus,2448,
scientific_name,Malaconotus gladiator,2450,
scientific_name,Malaconotus lagdeni,2452,
scientific_name,Malaconotus monteiri,2454,
scientific_name,Malcorus pectoralis,619,
scientific_name,Malimbus (Ploceus) flavipes,,
scientific_name,Malimbus [racheliae] ballmanni,,
scientific_name,Malimbus cassini,3796,
scientific_name,Malimbus coronatus,3798,
scientific_name,Malimbus erythrogaster,3800,
scientific_name,Malimbus ibadanensis,3802,
scientific_name,Malimbus malimbicus,3804,
scientific_name,Malimbus nitens,3806,
scientific_name,Malimbus racheliae,3808,
scientific_name,Malimbus rubricollis,3810,
scientific_name,Malimbus scutatus,3812,
scientific_name,Mandingoa nitidula,827,
scientific_name,Marconyx sharpei,3688,
scientific_name,Margaroperdix madagascarensis,1208,
scientific_name,Marmaronetta angustirostris,1320,
scientific_name,Megabyas flammulatus,2456,
scientific_name,Megaceryle maxima,395,
scientific_name,Megadyptes antipodes,68,
scientific_name,Melaenornis (Dioptrornis) brunneus,2602,
scientific_name,Melaenornis (Dioptrornis) chocolatinus,669,
scientific_name,Melaenornis annamarulae,2604,
scientific_name,Melaenornis ardesiacus,2606,
scientific_name,Melaenornis edolioides,2608,
scientific_name,Melaenornis pammelaina,664,
scientific_name,Melanitta fusca,1322,
scientific_name,Melanitta nigra,1324,
scientific_name,Melanocorypha bimaculata,487,
scientific_name,Melanocorypha calandra,3518,
scientific_name,Meleanornis fischeri,2600,
scientific_name,Melichneutes robustus,1358,
scientific_name,Melierax canorus,165,
scientific_name,Melierax metabates,163,
scientific_name,Melierax poliopterus,2136,
scientific_name,Melignomon eisentrauti,1360,
scientific_name,Melignomon zenkeri,1362,
scientific_name,Melocichla mentalis,617,
scientific_name,Melopsittacus undulatus,1102,
scientific_name,Mergellus albellus,1326,
scientific_name,Mergus merganser,1328,
scientific_name,Mergus serrator,1330,
scientific_name,Merops albicollis,1034,
scientific_name,Merops apiaster,404,
scientific_name,Merops boehmi,408,
scientific_name,Merops breweri,1566,
scientific_name,Merops bullockoides,409,
scientific_name,Merops bulocki,1568,
scientific_name,Merops gularis,1570,
scientific_name,Merops hirundineus,411,
scientific_name,Merops malimbicus,1572,
scientific_name,Merops muelleri,1574,
scientific_name,Merops nubicoides,407,
scientific_name,Merops nubicus,1576,
scientific_name,Merops oreobates,1578,
scientific_name,Merops orientalis,1580,
scientific_name,Merops persicus,405,
scientific_name,Merops pusillus,410,
scientific_name,Merops revoilii,1582,
scientific_name,Merops superciliosus,406,
scientific_name,Merops variegatus,1584,
scientific_name,Mesitornis unicolor,1948,
scientific_name,Mesitornis variegata,1950,
scientific_name,Mesopicos [Dendropicos] elliotii,1404,
scientific_name,Mesopicos [Dendropicus] griseocephalus,,
scientific_name,Micronisus (Melierax) gabar,162,
scientific_name,Microparra capensis,229,
scientific_name,Miliaria calandra,4054,
scientific_name,Milvus fasciicauda,,
scientific_name,Milvus migrans,128,
scientific_name,Milvus migrans migrans,14189,
scientific_name,Milvus migrans parasitus,129,
scientific_name,Milvus milvus,1025,
scientific_name,Mirafra [Calendulauda] sabota,460,
scientific_name,Mirafra [Calendulauda][africanoides] alopex,,
scientific_name,Mirafra [africana] sharpii,,
scientific_name,Mirafra [sabota] naevia,,
scientific_name,Mirafra africana,458,
scientific_name,Mirafra africanoides,,
scientific_name,Mirafra albicauda,3528,
scientific_name,Mirafra angolensis,3530,
scientific_name,Mirafra apiata,,
scientific_name,Mirafra ashi,,
scientific_name,Mirafra cantillans,3534,
scientific_name,Mirafra cheniana,456,
scientific_name,Mirafra collaris,3536,
scientific_name,Mirafra cordofanica,3538,
scientific_name,Mirafra degodiensis,,
scientific_name,Mirafra fasciolata,,
scientific_name,Mirafra gilletti,3542,
scientific_name,Mirafra hova,3544,
scientific_name,Mirafra hypermetra,3546,
scientific_name,Mirafra malbranti,,
scientific_name,Mirafra marjoriae,,
scientific_name,Mirafra passerina,457,
scientific_name,Mirafra poecilosterna,3520,
scientific_name,Mirafra pulpa,3552,
scientific_name,Mirafra rufa,3554,
scientific_name,Mirafra rufocinnamomea,468,
scientific_name,Mirafra somalica,,
scientific_name,Mirafra williamsi,3558,
scientific_name,Modulatrix stictigula,3318,
scientific_name,Monias benschi,1952,
scientific_name,Monticola [brevipes] pretoriae,2610,
scientific_name,Monticola angolensis,562,
scientific_name,Monticola bensoni,,
scientific_name,Monticola brevipes,561,
scientific_name,Monticola explorator,560,
scientific_name,Monticola imerinus,2614,
scientific_name,Monticola rufocinereus,2616,
scientific_name,Monticola rupestris,559,
scientific_name,Monticola saxatilis,2618,
scientific_name,Monticola sharpei,2620,
scientific_name,Monticola solitarius,2622,
scientific_name,Morus bassanus,2174,
scientific_name,Morus capensis,44,
scientific_name,Morus hybrid,,
scientific_name,Morus serrator,43,
scientific_name,Motacilla [alba] subpersonata,3814,
scientific_name,Motacilla aguimp,685,
scientific_name,Motacilla alba,3816,
scientific_name,Motacilla capensis,686,
scientific_name,Motacilla cinerea,690,
scientific_name,Motacilla citreola,1053,
scientific_name,Motacilla clara,688,
scientific_name,Motacilla flava,689,
scientific_name,Muscicapa [lendu] itombwensis,,
scientific_name,Muscicapa adusta,655,
scientific_name,Muscicapa aquatica,1063,
scientific_name,Muscicapa boehmi,,
scientific_name,Muscicapa caerulescens,656,
scientific_name,Muscicapa cassini,2628,
scientific_name,Muscicapa comitata,2630,
scientific_name,Muscicapa epulata,2632,
scientific_name,Muscicapa gambagae,2634,
scientific_name,Muscicapa infuscata,2636,
scientific_name,Muscicapa lendu,2638,
scientific_name,Muscicapa olivascens,,
scientific_name,Muscicapa sethsmithi,2642,
scientific_name,Muscicapa striata,654,
scientific_name,Muscicapa tessmanni,2644,
scientific_name,Muscicapa ussheri,2646,
scientific_name,Musophaga [Gallirex] johnstoni,,
scientific_name,Musophaga rossae,942,
scientific_name,Musophaga violacea,1708,
scientific_name,Mycteria ibis,76,
scientific_name,Myioparus griseigularis,2648,
scientific_name,Myioparus plumbeus,,
scientific_name,Myrmecocichla (Thamnolaea) arnotti,574,
scientific_name,Myrmecocichla aethiops,2650,
scientific_name,Myrmecocichla albifrons,2652,
scientific_name,Myrmecocichla formicivora,575,
scientific_name,Myrmecocichla melaena,2654,
scientific_name,Myrmecocichla nigra,966,
scientific_name,Myrmecocichla tholloni,2656,
scientific_name,Mystacornis crossleyi,3320,
scientific_name,Namibornis herero,660,
scientific_name,Neafrapus boehmi,389,
scientific_name,Neafrapus cassini,1684,
scientific_name,Necrosyrtes monachus,110,
scientific_name,Nectarinia (Cinnyris] fuelleborni,3598,
scientific_name,Nectarinia [Anabathmis] hartlaubii,1095,
scientific_name,Nectarinia [Anabathmis] newtonii,,
scientific_name,Nectarinia [Anabathmis] reichenbachii,3602,
scientific_name,Nectarinia [Anthobaphes] violacea,753,
scientific_name,Nectarinia [Chalcomitra] adelberti,3604,
scientific_name,Nectarinia [Chalcomitra] balfouri,3606,
scientific_name,Nectarinia [Chalcomitra] fuliginosa,3608,
scientific_name,Nectarinia [Cinnyris] [afra] ludovicensis,,
scientific_name,Nectarinia [Cinnyris] [afra] stuhlmanni,,
scientific_name,Nectarinia [Cinnyris] [afra] stuhlmanni graueri,,
scientific_name,Nectarinia [Cinnyris] [afra] stuhlmanni prigoginei,3618,
scientific_name,Nectarinia [Cinnyris] [mediocris] moreaui,3620,
scientific_name,Nectarinia [Cinnyris] afra,758,
scientific_name,Nectarinia [Cinnyris] batesi,3622,
scientific_name,Nectarinia [Cinnyris] bocagii [bocagei],3624,
scientific_name,Nectarinia [Cinnyris] chalybea [chalybeus],760,
scientific_name,Nectarinia [Cinnyris] coccinigaster [coccinigastrus],3630,
scientific_name,Nectarinia [Cinnyris] comorensis,3632,
scientific_name,Nectarinia [Cinnyris] congensis,,
scientific_name,Nectarinia [Cinnyris] coquerellii,3636,
scientific_name,Nectarinia [Cinnyris] dussumieri,1177,
scientific_name,Nectarinia [Cinnyris] fusca,764,
scientific_name,Nectarinia [Cinnyris] humbloti,3642,
scientific_name,Nectarinia [Cinnyris] johannae,3644,
scientific_name,Nectarinia [Cinnyris] loveridgei,3648,
scientific_name,Nectarinia [Cinnyris] manoensis,,
scientific_name,Nectarinia [Cinnyris] minulla [minullus],3650,
scientific_name,Nectarinia [Cinnyris] neergaardi,761,
scientific_name,Nectarinia [Cinnyris] notata,,
scientific_name,Nectarinia [Cinnyris] osea,,
scientific_name,Nectarinia [Cinnyris] oustaleti,,
scientific_name,Nectarinia [Cinnyris] pembae,3658,
scientific_name,Nectarinia [Cinnyris] purpureiventris,3662,
scientific_name,Nectarinia [Cinnyris] regia [regius],3664,
scientific_name,Nectarinia [Cinnyris] rockefelleri,3666,
scientific_name,Nectarinia [Cinnyris] rufipennis,3668,
scientific_name,Nectarinia [Cinnyris] seimundi,3670,
scientific_name,Nectarinia [Cinnyris] shelleyi,757,
scientific_name,Nectarinia [Cinnyris] sovimanga,1073,
scientific_name,Nectarinia [Cinnyris] talatala,,
scientific_name,Nectarinia [Cinnyris] ursulae,,
scientific_name,Nectarinia [Cyanomitra] alinae,,
scientific_name,Nectarinia [Cyanomitra] bannermani,1088,
scientific_name,Nectarinia [Cyanomitra] cyanolaema,3682,
scientific_name,Nectarinia [Cyanomitra] oritis,,
scientific_name,Nectarinia famosa,751,
scientific_name,Nectarinia johnstoni,3646,
scientific_name,Nectarinia kilimensis,752,
scientific_name,Nectarinia tacazze,3674,
scientific_name,Neocichla gutturalis,2802,
scientific_name,Neocossyphus (Stizorhina) fraseri,,
scientific_name,Neocossyphus finschii,,
scientific_name,Neocossyphus poensis,2660,
scientific_name,Neocossyphus rufus,2662,
scientific_name,Neodrepanis coruscans,2266,
scientific_name,Neodrepanis hypoxantha,2268,
scientific_name,Neolestes torquatus,1100,
scientific_name,Neomixis (Hartertula) flavoviridis,3322,
scientific_name,Neomixis striatigula,3324,
scientific_name,Neomixis tenella,3326,
scientific_name,Neomixis viridis,3328,
scientific_name,Neophron percnopterus,111,
scientific_name,Neospiza acunhae questi,,
scientific_name,Neospiza concolor,1138,
scientific_name,Neotis denhami,219,
scientific_name,Neotis heuglinii,1910,
scientific_name,Neotis ludwigii,218,
scientific_name,Neotis nuba,1912,
scientific_name,Nesillas aldabrana,3330,
scientific_name,Nesillas brevicaudata,3332,
scientific_name,Nesillas longicaudata,,
scientific_name,Nesillas mariae,3336,
scientific_name,Nesillas sp.,3338,
scientific_name,Nesillas typica,3340,
scientific_name,Nesocharis [ansorgei] shelleyi,,
scientific_name,Nesocharis ansorgei,3820,
scientific_name,Nesocharis capistrata,3822,
scientific_name,Nesocichla eremita,967,
scientific_name,Nesospiza acunhae,4056,
scientific_name,Nesospiza wilkinsi,998,
scientific_name,Netta erythrophthalma,102,
scientific_name,Netta rufina,1332,
scientific_name,Nettapus auritus,92,
scientific_name,Newtonia amphichroa,3342,
scientific_name,Newtonia archboldi,3344,
scientific_name,Newtonia brunneicauda,3346,
scientific_name,Newtonia fanovanae,3348,
scientific_name,Nicator chloris,2996,
scientific_name,Nicator gularis,725,
scientific_name,Nicator vireo,1195,
scientific_name,Nigrita bicolor,1140,
scientific_name,Nigrita canicapillus,1141,
scientific_name,Nigrita fusconotus,3824,
scientific_name,Nigrita luteifrons,3826,
scientific_name,Nilaus afer,731,
scientific_name,Nixon supercilliaris,,
scientific_name,Numenius arquata,267,
scientific_name,Numenius phaeopus,268,
scientific_name,Numenius tenuirostris,1990,
scientific_name,Numida meleagris,192,
scientific_name,Nycticorax nycticorax,69,
scientific_name,Oceanites oceanicus,33,
scientific_name,Oceanodroma castro,,
scientific_name,Oceanodroma leucorhoa,31,
scientific_name,Oceanodroma matsudairae,1019,
scientific_name,Oceanodroma monorhis,2236,
scientific_name,Odontospiza griseicapilla,3966,
scientific_name,Oena capensis,318,
scientific_name,Oenanthe (Saxicola) bifasciata,,
scientific_name,Oenanthe bottae,2666,
scientific_name,Oenanthe cypriaca,2668,
scientific_name,Oenanthe deserti,2670,
scientific_name,Oenanthe finschii,2672,
scientific_name,Oenanthe heuglini,2664,
scientific_name,Oenanthe hispanica,2674,
scientific_name,Oenanthe isabellina,1010,
scientific_name,Oenanthe leucopyga,2676,
scientific_name,Oenanthe leucura,2678,
scientific_name,Oenanthe lugens,2680,
scientific_name,Oenanthe lugubris,2682,
scientific_name,Oenanthe moesta,2684,
scientific_name,Oenanthe monacha,2686,
scientific_name,Oenanthe monticola,,
scientific_name,Oenanthe oenanthe,563,
scientific_name,Oenanthe phillipsi,2688,
scientific_name,Oenanthe pileata,568,
scientific_name,Oenanthe pleschanka,1023,
scientific_name,Oenanthe schalowi,,
scientific_name,Oenanthe xanthoprymna,2692,
scientific_name,Onychognathus (fulgidus) hartlaubi,2804,
scientific_name,Onychognathus [morio] neumanni,2806,
scientific_name,Onychognathus albirostris,2808,
scientific_name,Onychognathus blythii,2810,
scientific_name,Onychognathus frater,2812,
scientific_name,Onychognathus fulgidus,2804,
scientific_name,Onychognathus morio,745,
scientific_name,Onychognathus nabouroup,744,
scientific_name,Onychognathus salvadorii,2814,
scientific_name,Onychognathus tenuirostris,2816,
scientific_name,Onychognathus walleri,2818,
scientific_name,Onychoprion anaethetus,936,
scientific_name,Onychoprion fuscata,295,
scientific_name,Oreophilais (Prinia) robertsi,,
scientific_name,Oriolia bernieri,2458,
scientific_name,Oriolus auratus,520,
scientific_name,Oriolus brachyrhynchus,2460,
scientific_name,Oriolus chlorocephalus,909,
scientific_name,Oriolus crassirostris,1143,
scientific_name,Oriolus larvatus,521,
scientific_name,Oriolus monacha,2462,
scientific_name,Oriolus nigripennis,2464,
scientific_name,Oriolus oriolus,519,
scientific_name,Oriolus percivali,2466,
scientific_name,Orthotomus (Artisornis) metopias,,
scientific_name,Orthotomus (Artisornis/Apalis) moreaui,,
scientific_name,Ortygospiza [atricollis] gabonensis,3828,
scientific_name,Ortygospiza fuscocrissa,,
scientific_name,Ortyxelos meiffrenii,1344,
scientific_name,Otis tarda,1914,
scientific_name,Otus brucei,1770,
scientific_name,Otus capnodes,1772,
scientific_name,Otus hartlaubi,1774,
scientific_name,Otus icterorhynchus,1776,
scientific_name,Otus insularis,1778,
scientific_name,Otus ireneae,1780,
scientific_name,Otus moheliensis,1782,
scientific_name,Otus pauliani,1784,
scientific_name,Otus pembaensis,1786,
scientific_name,Otus rutilus,1788,
scientific_name,Otus scops,1790,
scientific_name,Otus senegalensis,363,
scientific_name,Oxylabes madagascariensis,3354,
scientific_name,Oxyura jamaicensis,1334,
scientific_name,Oxyura leucocephala,1336,
scientific_name,Oxyura maccoa,103,
scientific_name,Pachycoccyx audeberti,345,
scientific_name,Pachyptila [vittata] desolata,22,
scientific_name,Pachyptila [vittata] salvini,,
scientific_name,Pachyptila belcheri,880,
scientific_name,Pachyptila crassirostris,991,
scientific_name,Pachyptila salvini,878,
scientific_name,Pachyptila turtur,879,
scientific_name,Pachyptila vittata,21,
scientific_name,Padda oryzivora,4058,
scientific_name,Pagodroma nivea,993,
scientific_name,Paludipasser locustella,845,
scientific_name,Pandion haliaetus,172,
scientific_name,Parisoma (Sylvia) layardi,,
scientific_name,Parisoma (Sylvia) subcaeruleum,,
scientific_name,Parisoma boehmi,3356,
scientific_name,Parisoma griseaventris,,
scientific_name,Parisoma lugens,3358,
scientific_name,Parmoptila rubrifrons,3832,
scientific_name,Parmoptila woodhousei,1144,
scientific_name,Parophasma galinieri,3362,
scientific_name,Parus [leucomelas] guineensis,2856,
scientific_name,Parus [rufiventris] pallidiventris,,
scientific_name,Parus afer,,
scientific_name,Parus albiventris,2860,
scientific_name,Parus ater,2862,
scientific_name,Parus caeruleus,,
scientific_name,Parus carpi,528,
scientific_name,Parus cinerascens,514,
scientific_name,Parus fasciiventer,2866,
scientific_name,Parus fringillinus,2868,
scientific_name,Parus funereus,2870,
scientific_name,Parus griseiventris,,
scientific_name,Parus leucomelas,,
scientific_name,Parus leuconotus,,
scientific_name,Parus major,1186,
scientific_name,Parus niger,527,
scientific_name,Parus rufiventris,529,
scientific_name,Parus thruppi,,
scientific_name,Passer [griseus] gongonensis,,
scientific_name,Passer [griseus] suahelicus,,
scientific_name,Passer [griseus] swainsonii,,
scientific_name,Passer castanopterus,3842,
scientific_name,Passer cordofanicus,3844,
scientific_name,Passer diffusus,4142,
scientific_name,Passer domesticus,784,
scientific_name,Passer eminibey,3846,
scientific_name,Passer euchlorus,3848,
scientific_name,Passer gongonensis,3850,
scientific_name,Passer griseus,3852,
scientific_name,Passer hispaniolensis,3854,
scientific_name,Passer iagoensis,3856,
scientific_name,Passer insularis,3858,
scientific_name,Passer luteus,3860,
scientific_name,Passer melanurus,786,
scientific_name,Passer moabiticus,3862,
scientific_name,Passer montanus,3864,
scientific_name,Passer motitensis,785,
scientific_name,Passer rufocinctus,3840,
scientific_name,Passer shelleyi,3866,
scientific_name,Passer simplex,3868,
scientific_name,Pavo cristatus,1021,
scientific_name,Pelagodroma marina,34,
scientific_name,Pelecanoides georgicus,986,
scientific_name,Pelecanoides urinatrix,38,
scientific_name,Pelecanus crispus,2212,
scientific_name,Pelecanus onocrotalus,42,
scientific_name,Pelecanus rufescens,41,
scientific_name,Peliperdix albogularis,1210,
scientific_name,Peliperdix lathami,1212,
scientific_name,Peliperdix schlegelii,1214,
scientific_name,Pernis apivorus,132,
scientific_name,Pernis ptilorhynchus,2140,
scientific_name,Petrochelidon spilodera,504,
scientific_name,Petronia dentata,,
scientific_name,Petronia petronia,3872,
scientific_name,Petronia pyrgita,,
scientific_name,Petronia superciliaris,,
scientific_name,Phaethon aethereus,953,
scientific_name,Phaethon lepturus,40,
scientific_name,Phaethon rubricauda,39,
scientific_name,Phalacrocorax africanus,50,
scientific_name,Phalacrocorax aristotelis,2176,
scientific_name,Phalacrocorax atriceps,,
scientific_name,Phalacrocorax atriceps melanogenis,,
scientific_name,Phalacrocorax campbelli campbelli,,
scientific_name,Phalacrocorax capensis,48,
scientific_name,Phalacrocorax carbo,47,
scientific_name,Phalacrocorax coronatus,51,
scientific_name,Phalacrocorax neglectus,49,
scientific_name,Phalacrocorax nigrogularis,2180,
scientific_name,Phalacrocorax pygmeus,2182,
scientific_name,Phalaropus fulicarius,271,
scientific_name,Phalaropus lobatus,272,
scientific_name,Phedina borbonica,908,
scientific_name,Phedina brazzae,,
scientific_name,Philepitta castanea,2270,
scientific_name,Philepitta schlegeli,2272,
scientific_name,Philetairus socius,783,
scientific_name,Philomachus pugnax,256,
scientific_name,Phodilus prigoginei,,
scientific_name,Phoebastria immutabilis,1012,
scientific_name,Phoebetria fusca,12,
scientific_name,Phoebetria palpebrata,876,
scientific_name,Phoeniconaias minor,87,
scientific_name,Phoenicopterus roseus,86,
scientific_name,Phoeniculus bollei,1516,
scientific_name,Phoeniculus castaneiceps,1518,
scientific_name,Phoeniculus damarensis,420,
scientific_name,Phoeniculus granti,,
scientific_name,Phoeniculus purpureus,419,
scientific_name,Phoeniculus somaliensis,1522,
scientific_name,Phoenicurus moussieri,2694,
scientific_name,Phoenicurus ochruros,2696,
scientific_name,Phoenicurus phoenicurus,1004,
scientific_name,Pholia sharpii,2822,
scientific_name,Pholidornis rushiae,2878,
scientific_name,Phragmacia substriata,653,
scientific_name,Phyllanthus atripennis,3364,
scientific_name,Phyllastrephus [cabanisi] placidus,541,
scientific_name,Phyllastrephus [flavostriatus] alfredi,3000,
scientific_name,Phyllastrephus albigularis,3002,
scientific_name,Phyllastrephus apperti,,
scientific_name,Phyllastrephus baumanni,3006,
scientific_name,Phyllastrephus cabanisi,1086,
scientific_name,Phyllastrephus cerviniventris,965,
scientific_name,Phyllastrephus cinereiceps,,
scientific_name,Phyllastrephus debilis,548,
scientific_name,Phyllastrephus fischeri,2998,
scientific_name,Phyllastrephus flavostriatus,547,
scientific_name,Phyllastrephus fulviventris,3010,
scientific_name,Phyllastrephus hypochloris,3012,
scientific_name,Phyllastrephus icterinus,1145,
scientific_name,Phyllastrephus leucolepis,,
scientific_name,Phyllastrephus lorenzi,3016,
scientific_name,Phyllastrephus madagascariensis,,
scientific_name,Phyllastrephus poensis,1146,
scientific_name,Phyllastrephus poliocephalus,3020,
scientific_name,Phyllastrephus scandens,3022,
scientific_name,Phyllastrephus strepitans,3024,
scientific_name,Phyllastrephus tenebrosus,,
scientific_name,Phyllastrephus terrestris,546,
scientific_name,Phyllastrephus xavieri,3028,
scientific_name,Phyllastrephus zosterops,,
scientific_name,Phyllolais pulchella,3176,
scientific_name,Phylloscopus affinis,1055,
scientific_name,Phylloscopus bonelli,3366,
scientific_name,Phylloscopus brehmii,3368,
scientific_name,Phylloscopus budongoensis,3370,
scientific_name,Phylloscopus collybita,1054,
scientific_name,Phylloscopus fuscatus,3372,
scientific_name,Phylloscopus herberti,3374,
scientific_name,Phylloscopus inornatus,3376,
scientific_name,Phylloscopus laetus,3378,
scientific_name,Phylloscopus laurae,1091,
scientific_name,Phylloscopus ruficapilla,671,
scientific_name,Phylloscopus schwarzi,3380,
scientific_name,Phylloscopus sibilatrix,947,
scientific_name,Phylloscopus trochilus,599,
scientific_name,Phylloscopus umbrovirens,3382,
scientific_name,Pica pica,2468,
scientific_name,Picathartes gymnocephalus,2534,
scientific_name,Picathartes oreas,2536,
scientific_name,Picoides obsoletus,1410,
scientific_name,Picus vaillantii,1412,
scientific_name,Pinarocorys erythropygia,3560,
scientific_name,Pinarocorys nigricans,464,
scientific_name,Pinarornis plumosus,538,
scientific_name,Pitta angolensis,455,
scientific_name,Pitta reichenowi,2258,
scientific_name,Platalea alba,85,
scientific_name,Platalea leucorodia,2210,
scientific_name,Platysteira [peltata] laticincta,2470,
scientific_name,Platysteira cyanea,1148,
scientific_name,Platysteira peltata,677,
scientific_name,Plectrophenax nivalis,4060,
scientific_name,Plectropterus gambensis,88,
scientific_name,Plegadis falcinellus,83,
scientific_name,Ploceidae hybrid,,
scientific_name,Plocepasser donaldsoni,3876,
scientific_name,Plocepasser mahali,780,
scientific_name,Plocepasser rufoscapulatus,782,
scientific_name,Plocepasser superciliosus,3878,
scientific_name,Ploceus [Thomasophantes] sanctithomae,,
scientific_name,Ploceus [velatus/reichardi] ruweti,,
scientific_name,Ploceus [velatus] katangae,3882,
scientific_name,Ploceus [velatus] reichardi,,
scientific_name,Ploceus albinucha,3884,
scientific_name,Ploceus alienus,3886,
scientific_name,Ploceus angolensis,795,
scientific_name,Ploceus aurantius,3888,
scientific_name,Ploceus aureonucha,3890,
scientific_name,Ploceus badius,3892,
scientific_name,Ploceus baglafecht,476,
scientific_name,Ploceus bannermani,3894,
scientific_name,Ploceus batesi,3896,
scientific_name,Ploceus bertrandi,798,
scientific_name,Ploceus bicolor,790,
scientific_name,Ploceus bojeri,3898,
scientific_name,Ploceus burnieri,3900,
scientific_name,Ploceus capensis,799,
scientific_name,Ploceus castaneiceps,3902,
scientific_name,Ploceus castanops,3904,
scientific_name,Ploceus cucullatus,797,
scientific_name,Ploceus dichrocephalus,3906,
scientific_name,Ploceus dorsomaculatus,3908,
scientific_name,Ploceus galbula,3910,
scientific_name,Ploceus golandi,3912,
scientific_name,Ploceus grandis,1149,
scientific_name,Ploceus heuglini,3914,
scientific_name,Ploceus insignis,1150,
scientific_name,Ploceus intermedius,792,
scientific_name,Ploceus jacksoni,3916,
scientific_name,Ploceus luteolus,3918,
scientific_name,Ploceus manyar,3920,
scientific_name,Ploceus melanocephalus,3922,
scientific_name,Ploceus melanogaster,1151,
scientific_name,Ploceus nelicourvi,3924,
scientific_name,Ploceus nicolli,3926,
scientific_name,Ploceus nigerrimus,1152,
scientific_name,Ploceus nigricollis,1187,
scientific_name,Ploceus nigrimentum,3928,
scientific_name,Ploceus ocularis,791,
scientific_name,Ploceus olivaceiceps,919,
scientific_name,Ploceus pelzelni,1065,
scientific_name,Ploceus preussi,3930,
scientific_name,Ploceus princeps,1096,
scientific_name,Ploceus rubiginosus,796,
scientific_name,Ploceus sakalava,3932,
scientific_name,Ploceus spekei,3934,
scientific_name,Ploceus spekeoides,3936,
scientific_name,Ploceus subaureus,800,
scientific_name,Ploceus subpersonatus,3938,
scientific_name,Ploceus superciliosus,3830,
scientific_name,Ploceus taeniopterus,3940,
scientific_name,Ploceus temporalis,3942,
scientific_name,Ploceus tricolor,3944,
scientific_name,Ploceus velatus,803,
scientific_name,Ploceus vitellinus,1153,
scientific_name,Ploceus weynsi,3946,
scientific_name,Ploceus xanthops,801,
scientific_name,Ploceus xanthopterus,802,
scientific_name,Pluvialis apricaria,2010,
scientific_name,Pluvialis dominica,922,
scientific_name,Pluvialis fulva,1039,
scientific_name,Pluvialis squatarola,241,
scientific_name,Pluvianus aegyptius,2032,
scientific_name,Podica senegalensis,213,
scientific_name,Podiceps auritus,2166,
scientific_name,Podiceps cristatus,4,
scientific_name,Podiceps grisegena,2168,
scientific_name,Podiceps nigricollis,5,
scientific_name,Poeoptera kenricki,2824,
scientific_name,Poeoptera lugubris,2826,
scientific_name,Poeoptera stuhlmanni,2828,
scientific_name,Pogoniulus atroflavus,1438,
scientific_name,Pogoniulus bilineatus,438,
scientific_name,Pogoniulus chrysoconus,437,
scientific_name,Pogoniulus coryphaeus,,
scientific_name,Pogoniulus leucomystax,1442,
scientific_name,Pogoniulus makawai,,
scientific_name,Pogoniulus pusillus,436,
scientific_name,Pogoniulus scolopaceus,1446,
scientific_name,Pogoniulus simplex,905,
scientific_name,Pogoniulus subsulphureus,1448,
scientific_name,Pogonocichla stellata,589,
scientific_name,Poicephalus [robustus] suahelicus,,
scientific_name,Poicephalus crassus,1652,
scientific_name,Poicephalus cryptoxanthus,328,
scientific_name,Poicephalus flavifrons,1654,
scientific_name,Poicephalus gulielmi,1656,
scientific_name,Poicephalus meyeri,327,
scientific_name,Poicephalus robustus,4132,
scientific_name,Poicephalus rueppellii,329,
scientific_name,Poicephalus rufiventris,1658,
scientific_name,Poicephalus senegalus,1660,
scientific_name,Polemaetus bellicosus,142,
scientific_name,Polihierax semitorquatus,126,
scientific_name,Poliolais lopezi,1154,
scientific_name,Polyboroides radiatus,2142,
scientific_name,Polyboroides typus,171,
scientific_name,Porphyrio alleni,209,
scientific_name,Porphyrio martinicus,,
scientific_name,Porphyrio porphyrio,208,
scientific_name,Porzana parva,1934,
scientific_name,Porzana porzana,201,
scientific_name,Porzana pusilla,202,
scientific_name,Prinia (Schistolais) leontica,,
scientific_name,Prinia [bairdii] melanops,3182,
scientific_name,Prinia [maculosa] hypoxantha,,
scientific_name,Prinia bairdii,1155,
scientific_name,Prinia flavicans,650,
scientific_name,Prinia fluviatilis,3184,
scientific_name,Prinia gracilis,3186,
scientific_name,Prinia maculosa,4139,
scientific_name,Prinia molleri,1156,
scientific_name,Prinia somalica,3188,
scientific_name,Prinia subflava,649,
scientific_name,Prionops alberti,2472,
scientific_name,Prionops caniceps,2474,
scientific_name,Prionops gabela,2476,
scientific_name,Prionops plumatus,727,
scientific_name,Prionops poliolophus,2478,
scientific_name,Prionops retzii,728,
scientific_name,Prionops rufiventris,2480,
scientific_name,Prionops scopifrons,729,
scientific_name,Procellaria aequinoctialis,4137,
scientific_name,Procellaria cinerea,24,
scientific_name,Procellaria conspicillata,2240,
scientific_name,Prodotiscus insignis,1364,
scientific_name,Prodotiscus regulus,443,
scientific_name,Prodotiscus zambesiae,444,
scientific_name,Promerops cafer,749,
scientific_name,Promerops gurneyi,750,
scientific_name,Prunella collaris,3948,
scientific_name,Prunella modularis,3950,
scientific_name,Prunella rubeculoides,1056,
scientific_name,Psalidopocne orientalis,,
scientific_name,Psalidoprocne [pristoptera] antinorii,2910,
scientific_name,Psalidoprocne [pristoptera] chalybea,2912,
scientific_name,Psalidoprocne [pristoptera] mangbettorum,2916,
scientific_name,Psalidoprocne [pristoptera] oleaginea,2918,
scientific_name,Psalidoprocne [pristoptera] petiti,2920,
scientific_name,Psalidoprocne [pristoptera] pristoptera,2922,
scientific_name,Psalidoprocne albiceps,964,
scientific_name,Psalidoprocne fuliginosa,2924,
scientific_name,Psalidoprocne nitens,2926,
scientific_name,Psalidoprocne obscura,2928,
scientific_name,Psalidoprocne pristoptera,511,
scientific_name,Psalidoprocne pristoptera holomelas,2914,
scientific_name,Psalidoprocne pristoptera orientalis,512,
scientific_name,Pseudalaemon fremantlii,3562,
scientific_name,Pseudhirundo griseopyga,499,
scientific_name,Pseudoalcippe abyssinica,467,
scientific_name,Pseudoalcippe abyssinica atriceps,,
scientific_name,Pseudobias wardi,2482,
scientific_name,Pseudocalyptomena graueri,2260,
scientific_name,Pseudochelidon eurystomina,2930,
scientific_name,Pseudochloroptila (Serinus) totta,855,
scientific_name,Pseudochloroptila [totta] symonsi,856,
scientific_name,Pseudocossyphus bensoni,,
scientific_name,Pseudocossyphus imerinus,2614,
scientific_name,Pseudocossyphus sharpei,2620,
scientific_name,Pseudonigrita arnaudi,3952,
scientific_name,Pseudonigrita cabanisi,3954,
scientific_name,Psittacula cyanocephala,1024,
scientific_name,Psittacula echo,1042,
scientific_name,Psittacula eques,1042,
scientific_name,Psittacula krameri,941,
scientific_name,Psittacus erithacus,1664,
scientific_name,Psophocichla litsipsirupa,557,
scientific_name,Pternistis adspersus,182,
scientific_name,Pternistis ahantensis,1216,
scientific_name,Pternistis bicalcaratus,1218,
scientific_name,Pternistis camerunensis,1220,
scientific_name,Pternistis capensis,181,
scientific_name,Pternistis clappertoni,1224,
scientific_name,Pternistis erckelii,1226,
scientific_name,Pternistis griseostriatus,1228,
scientific_name,Pternistis hartlaubi,184,
scientific_name,Pternistis harwoodi,1230,
scientific_name,Pternistis icterorhynchus,1232,
scientific_name,Pternistis nahani,,
scientific_name,Pternistis natalensis,183,
scientific_name,Pternistis nobilis,1240,
scientific_name,Pternistis ochropectus,1242,
scientific_name,Pternistis rufopictus,1244,
scientific_name,Pternistis swainsonii,185,
scientific_name,Pternistis swierstrai,1248,
scientific_name,Pterocles alchata,1954,
scientific_name,Pterocles bicinctus,310,
scientific_name,Pterocles burchelli,308,
scientific_name,Pterocles coronatus,1956,
scientific_name,Pterocles decoratus,1958,
scientific_name,Pterocles exustus,1960,
scientific_name,Pterocles gutturalis,309,
scientific_name,Pterocles lichtensteinii,1962,
scientific_name,Pterocles namaqua,307,
scientific_name,Pterocles orientalis,1964,
scientific_name,Pterocles personatus,1966,
scientific_name,Pterocles quadricinctus,1968,
scientific_name,Pterocles senegallus,1970,
scientific_name,Pterodoma nigripennis,1041,
scientific_name,Pterodroma arminjoniana,951,
scientific_name,Pterodroma aterrima,,
scientific_name,Pterodroma baraui,2244,
scientific_name,Pterodroma feae,2246,
scientific_name,Pterodroma incerta,18,
scientific_name,Pterodroma inexpectata,187,
scientific_name,Pterodroma lessonii,862,
scientific_name,Pterodroma macroptera,16,
scientific_name,Pterodroma madeira,2248,
scientific_name,Pterodroma mollis,19,
scientific_name,Pterodroma neglecta,4121,
scientific_name,Pteronetta hartlaubii,1338,
scientific_name,Ptilopachus petrosus,1250,
scientific_name,Ptilopsis leucotis,1792,
scientific_name,Ptilopsus (Otus) granti,,
scientific_name,Ptilostomus afer,2484,
scientific_name,Ptyonoprogne fuligula,506,
scientific_name,Ptyrticus turdinus,3386,
scientific_name,Puffinus assimilis,27,
scientific_name,Puffinus atrodorsalis,,
scientific_name,Puffinus boydi,2250,
scientific_name,Puffinus carneipes,881,
scientific_name,Puffinus gravis,25,
scientific_name,Puffinus griseus,29,
scientific_name,Puffinus lherminieri,28,
scientific_name,Puffinus mauretanicus,,
scientific_name,Puffinus pacificus,180,
scientific_name,Puffinus puffinus,882,
scientific_name,Puffinus tenuirostris,,
scientific_name,Puffinus yelkouan,2254,
scientific_name,Pycnonotus [barbatus] dodsoni,3032,
scientific_name,Pycnonotus [barbatus] somaliensis,3034,
scientific_name,Pycnonotus barbatus,3036,
scientific_name,Pycnonotus capensis,543,
scientific_name,Pycnonotus jocusus,,
scientific_name,Pycnonotus nigricans,544,
scientific_name,Pycnonotus tricolor,,
scientific_name,Pycnonotus xanthopygos,3038,
scientific_name,Pygoscelis adeliae,934,
scientific_name,Pygoscelis antartica,943,
scientific_name,Pygoscelis papua,958,
scientific_name,Pylloscopus proregulus,,
scientific_name,Pyrenestes [ostrinus] minor,,
scientific_name,Pyrenestes [ostrinus] sanguineus,3956,
scientific_name,Pyrenestes ostrinus,3958,
scientific_name,Pyrrhocorax graculus,2486,
scientific_name,Pyrrhocorax pyrrhocorax,2488,
scientific_name,Pyrrhula pyrrhula,4062,
scientific_name,Pytilia [phoenicoptera] lineata,,
scientific_name,Pytilia afra,829,
scientific_name,Pytilia hypogrammica,3962,
scientific_name,Pytilia melba,830,
scientific_name,Pytilia phoenicoptera,3964,
scientific_name,Quelea cardinalis,807,
scientific_name,Quelea erythrops,806,
scientific_name,Quelea quelea,805,
scientific_name,Rallus aquaticus,1936,
scientific_name,Rallus caerulescens,197,
scientific_name,Rallus madagascariensis,1938,
scientific_name,Ramphocoris clotbey,3564,
scientific_name,Randia pseudozosterops,3390,
scientific_name,Recurvirostra avosetta,269,
scientific_name,Regulus ignicapillus,,
scientific_name,Regulus regulus,2936,
scientific_name,Remiz pendulinus,2880,
scientific_name,Rhaphidura sabini,1686,
scientific_name,Rhinopomastus aterrimus,1524,
scientific_name,Rhinopomastus cyanomelas,421,
scientific_name,Rhinopomastus minor,1526,
scientific_name,Rhinopterus chalcopterus,280,
scientific_name,Rhinoptilus africanus,278,
scientific_name,Rhinoptilus cinctus,279,
scientific_name,Rhodopechys githaginea,4064,
scientific_name,Rhodopechys obsoleta,4066,
scientific_name,Rhodopechys sanguinea,4068,
scientific_name,Rhodophoneus cruentus,2490,
scientific_name,Rhynchostruthus louisae,4070,
scientific_name,Rhynchostruthus socotranus,4072,
scientific_name,Riparia cincta,510,
scientific_name,Riparia congica,2932,
scientific_name,Riparia paludicola,509,
scientific_name,Riparia riparia,508,
scientific_name,Rissa tridactyla,925,
scientific_name,Rostratula benghalensis,230,
scientific_name,Rougetius rougetii,1940,
scientific_name,Rowettia goughensis,794,
scientific_name,Rynchops flavirostris,306,
scientific_name,Sagittarius serpentarius,105,
scientific_name,Salpornis spilonotus,,
scientific_name,Sarkidiornis melanotos,91,
scientific_name,Saroglossa aurata,2830,
scientific_name,Sarothrura affinis,207,
scientific_name,Sarothrura ayresi,204,
scientific_name,Sarothrura boehmi,892,
scientific_name,Sarothrura elegans,206,
scientific_name,Sarothrura insularis,1942,
scientific_name,Sarothrura lugens,891,
scientific_name,Sarothrura pulchra,1944,
scientific_name,Sarothrura rufa,205,
scientific_name,Sarothrura watersi,1946,
scientific_name,Sasia africana,1158,
scientific_name,Saxicola maura,2704,
scientific_name,Saxicola rubetra,577,
scientific_name,Saxicola tectes,2706,
scientific_name,Saxicola torquatus,576,
scientific_name,Schetba rufa,2492,
scientific_name,Schoenicola brevirostris,616,
scientific_name,Schoutedenapus myoptilus,904,
scientific_name,Schoutedenapus schoutedeni,,
scientific_name,Scleroptila [levaillantoides] archeri = S lorti,,
scientific_name,Scleroptila africanus,176,
scientific_name,Scleroptila finschi,1252,
scientific_name,Scolopax rusticola,1992,
scientific_name,Scopus umbretta,72,
scientific_name,Scotocerca inquieta,3190,
scientific_name,Scotopelia bouvieri,1794,
scientific_name,Scotopelia peli,370,
scientific_name,Scotopelia ussheri,1796,
scientific_name,Serinus [atrogularis] xanthopygius,,
scientific_name,Serinus [burtoni] melanochrous,,
scientific_name,Serinus [citrinelloides] frontalis,4082,
scientific_name,Serinus [gularis] canicapillus,4088,
scientific_name,Serinus alario,861,
scientific_name,Serinus albogularis,865,
scientific_name,Serinus ankoberensis,4090,
scientific_name,Serinus canicollis,857,
scientific_name,Serinus capistratus,1066,
scientific_name,Serinus citrinella,4092,
scientific_name,Serinus citrinipectus,921,
scientific_name,Serinus flavigula,4100,
scientific_name,Serinus flaviventris,866,
scientific_name,Serinus flavivertex,4098,
scientific_name,Serinus leucolaema,,
scientific_name,Serinus leucopterus,,
scientific_name,Serinus leucopygius,4104,
scientific_name,Serinus menachensis,4106,
scientific_name,Serinus mennelli,,
scientific_name,Serinus nigriceps,4108,
scientific_name,Serinus pusillus,4110,
scientific_name,Serinus rufobrunneus,1160,
scientific_name,Serinus scotops,858,
scientific_name,Serinus serinus,4112,
scientific_name,Serinus syriacus,4114,
scientific_name,Serinus tristriatus,4116,
scientific_name,Serinus whytii,,
scientific_name,Serinus xantholaemus,4120,
scientific_name,Sheppardia [bocagei] poensis,,
scientific_name,Sheppardia aequatorialis,2710,
scientific_name,Sheppardia bocagei,1084,
scientific_name,Sheppardia cyornithopsis,2712,
scientific_name,Sheppardia gabela,1184,
scientific_name,Sheppardia gunningi,591,
scientific_name,Sheppardia lowei,2714,
scientific_name,Sheppardia montana,2716,
scientific_name,Sheppardia polioptera,1085,
scientific_name,Sheppardia sharpei,2718,
scientific_name,Shistolais leucopogon,3180,
scientific_name,Sigelus (Malaenornis) silens,665,
scientific_name,Sitta ledanti,2840,
scientific_name,Smithornis capensis,454,
scientific_name,Smithornis rufolateralis,2262,
scientific_name,Smithornis sharpei,2264,
scientific_name,Speculipastor bicolor,2832,
scientific_name,Speirops brunneus,3196,
scientific_name,Speirops leucophoeus,1161,
scientific_name,Speirops lugubris,1097,
scientific_name,Speirops melanocephalus,1162,
scientific_name,Spermestes bicolor,824,
scientific_name,Spermestes cucculatus,823,
scientific_name,Spermestes fringilloides,822,
scientific_name,Spermophaga [ruficapilla] haematina,1163,
scientific_name,Spermophaga poliogenys,3970,
scientific_name,Spermophaga ruficapilla,1190,
scientific_name,Spheniscus demersus,2,
scientific_name,Spheniscus magellanicus,2220,
scientific_name,Sphenoeacus afer,618,
scientific_name,Spiloptila (clamans),3194,
scientific_name,Spizaetus africanus,2144,
scientific_name,Spizocorys conirostris,490,
scientific_name,Spizocorys fringillaris,472,
scientific_name,Spizocorys obbiensis,3566,
scientific_name,Spizocorys personata,3568,
scientific_name,Spizocorys sclateri,491,
scientific_name,Sporopipes frontalis,3972,
scientific_name,Sporopipes squamifrons,789,
scientific_name,Spreo albicapillus,2834,
scientific_name,Spreo bicolor,,
scientific_name,Stactolaema [olivacea] woodwardi,,
scientific_name,Stactolaema anchietae,1450,
scientific_name,Stactolaema leucotis,433,
scientific_name,Stactolaema olivacea,435,
scientific_name,Stactolaema whytii,434,
scientific_name,Steganopus tricolor,929,
scientific_name,Stenostira scita,678,
scientific_name,Stephanoaetus coronatus,143,
scientific_name,Stercorarius longicaudus,930,
scientific_name,Stercorarius parasiticus,284,
scientific_name,Stercorarius pomarinus,285,
scientific_name,Sterna balaenarum,300,
scientific_name,Sterna bengalensis,297,
scientific_name,Sterna bergii,,
scientific_name,Sterna dougallii,293,
scientific_name,Sterna hirundo,291,
scientific_name,Sterna hybrid,,
scientific_name,Sterna maxima,935,
scientific_name,Sterna paradisaea,294,
scientific_name,Sterna repressa,938,
scientific_name,Sterna sandvicensis,296,
scientific_name,Sterna sumatrana,937,
scientific_name,Sterna virgata,970,
scientific_name,Sterna vittata,292,
scientific_name,Sternula albifrons,299,
scientific_name,Sternula saundersi,2070,
scientific_name,Stiphrornis erythrothorax,2720,
scientific_name,Stiphrornis gabonensis,,
scientific_name,Stiphrornis sanghensis,,
scientific_name,Stiphrornis xanthogaster,,
scientific_name,Streptopelia capicola,316,
scientific_name,Streptopelia decaocto,1870,
scientific_name,Streptopelia decipiens,315,
scientific_name,Streptopelia hypopyrrha,1872,
scientific_name,Streptopelia lugens,1874,
scientific_name,Streptopelia picturata,,
scientific_name,Streptopelia reichenowi,1876,
scientific_name,Streptopelia roseogrisea,1878,
scientific_name,Streptopelia semitorquata,314,
scientific_name,Streptopelia senegalensis,317,
scientific_name,Streptopelia turtur,1005,
scientific_name,Streptopelia vinacea,1880,
scientific_name,Strix aluco,1798,
scientific_name,Strix butleri,1800,
scientific_name,Strix woodfordii,362,
scientific_name,Struthio [camelus] molybdophanes,1200,
scientific_name,Struthio camelus,1,
scientific_name,Sturnus unicolor,2838,
scientific_name,Sturnus vulgaris,733,
scientific_name,Sula dactylatra,45,
scientific_name,Sula leucogaster,46,
scientific_name,Sula sula,1027,
scientific_name,Swynnertonia swynnertoni,590,
scientific_name,Sylvia althaea,,
scientific_name,Sylvia atricapilla,969,
scientific_name,Sylvia borin,595,
scientific_name,Sylvia cantillans,,
scientific_name,Sylvia communis,594,
scientific_name,Sylvia conspicillata,3396,
scientific_name,Sylvia crassirostris,3398,
scientific_name,Sylvia curruca,3400,
scientific_name,Sylvia deserti,3402,
scientific_name,Sylvia deserticola,3404,
scientific_name,Sylvia hortensis,,
scientific_name,Sylvia leucomelaena,,
scientific_name,Sylvia melanocephala,3410,
scientific_name,Sylvia melanothorax,3412,
scientific_name,Sylvia mystacea,3414,
scientific_name,Sylvia nana,,
scientific_name,Sylvia nisoria,605,
scientific_name,Sylvia rueppelli,,
scientific_name,Sylvia sarda,3420,
scientific_name,Sylvia undata,3422,
scientific_name,Sylvietta [leucophrys] chapini,3424,
scientific_name,Sylvietta brachyura,3426,
scientific_name,Sylvietta denti,3428,
scientific_name,Sylvietta isabellina,3430,
scientific_name,Sylvietta leucophrys,3432,
scientific_name,Sylvietta philippae,3434,
scientific_name,Sylvietta rufescens,621,
scientific_name,Sylvietta ruficapilla,914,
scientific_name,Sylvietta virens,3436,
scientific_name,Sylvietta whytii,913,
scientific_name,Syrrhaptes paradoxus,1972,
scientific_name,Tachybaptus pelzelnii,2170,
scientific_name,Tachybaptus ruficollis,6,
scientific_name,Tachybaptus rufolavatus,2172,
scientific_name,Tachymarptis aequatorialis,382,
scientific_name,Tachymarptis melba,386,
scientific_name,Tadorna cana,90,
scientific_name,Tadorna ferruginea,1340,
scientific_name,Tadorna tadorna,1342,
scientific_name,Tauraco Schalowi,338,
scientific_name,Tauraco [persa] corythaix,,
scientific_name,Tauraco [persa] livingstonii,,
scientific_name,Tauraco bannermani,1712,
scientific_name,Tauraco erythrolophus,1714,
scientific_name,Tauraco fischeri,1716,
scientific_name,Tauraco hartlaubi,1718,
scientific_name,Tauraco leucolophus,1720,
scientific_name,Tauraco leucotis,1722,
scientific_name,Tauraco macrorhynchus,1724,
scientific_name,Tauraco persa,1726,
scientific_name,Tauraco porphyreolophus,337,
scientific_name,Tauraco ruspolii,,
scientific_name,Tauraco schuettii,1730,
scientific_name,Tchagra anchietae,,
scientific_name,Tchagra australis,714,
scientific_name,Tchagra jamesi,2496,
scientific_name,Tchagra minutus,716,
scientific_name,Tchagra senegalus,715,
scientific_name,Tchagra tchagra,713,
scientific_name,Telacanthura melanopygia,1690,
scientific_name,Telecanthura ussheri,388,
scientific_name,Telophorus kupeensis,,
scientific_name,Telophorus multicolor,2504,
scientific_name,Telophorus olivaceus,,
scientific_name,Telophorus viridis,721,
scientific_name,Telophorus zeylonus,722,
scientific_name,Terathopius ecaudatus,151,
scientific_name,Terpsiphone [rufiventer] bedfordi,2508,
scientific_name,Terpsiphone [rufiventer] smithii,2532,
scientific_name,Terpsiphone [rufocinerea] batesi,,
scientific_name,Terpsiphone atrochalybeia,1164,
scientific_name,Terpsiphone bourbonnensis,1045,
scientific_name,Terpsiphone corvina,2512,
scientific_name,Terpsiphone mutata,2514,
scientific_name,Terpsiphone rufiventer,1165,
scientific_name,Terpsiphone rufocinerea,1192,
scientific_name,Terpsiphone smithii,,
scientific_name,Terpsiphone viridis,682,
scientific_name,Tetrax tetrax,1916,
scientific_name,Thalassarche (cauta) salvini,1081,
scientific_name,Thalassarche bulleri,1002,
scientific_name,Thalassarche carteri,1079,
scientific_name,Thalassarche cauta,11,
scientific_name,Thalassarche chlororhynchos,10,
scientific_name,Thalassarche chrysostoma,9,
scientific_name,Thalassarche eremita,2256,
scientific_name,Thalassarche melanophris,8,
scientific_name,Thalasseus elegans,4143,
scientific_name,Thalassoica antarctica,877,
scientific_name,Thalassornis leuconotus,104,
scientific_name,Thamnolaea [cinnamomeiventris] coronata,2728,
scientific_name,Thamnolaea cinnamomeiventris,573,
scientific_name,Thamnolaea semirufa,2730,
scientific_name,Thamnornis chloropetoides,3438,
scientific_name,Thescelocichla leucopleura,3040,
scientific_name,Threskiornis aethiopicus,81,
scientific_name,Tichodroma muraria,2842,
scientific_name,Tigriornis leucolophus,,
scientific_name,Tmetothylacus tenellus,702,
scientific_name,Tockus (Tropicranus) albocristatus,,
scientific_name,Tockus alboterminatus,427,
scientific_name,Tockus bradfieldi,428,
scientific_name,Tockus camurus,1488,
scientific_name,Tockus damarensis,1185,
scientific_name,Tockus deckeni,1490,
scientific_name,Tockus erythrorhynchus,4129,
scientific_name,Tockus fasciatus,,
scientific_name,Tockus flavirostris,1494,
scientific_name,Tockus hartlaubi,,
scientific_name,Tockus hemprichii,1498,
scientific_name,Tockus jacksoni,1500,
scientific_name,Tockus kempi,1502,
scientific_name,Tockus leucomelas,426,
scientific_name,Tockus monteiri,429,
scientific_name,Tockus nasutus,424,
scientific_name,Tockus pallidirostris,1504,
scientific_name,Tockus ruahae,1506,
scientific_name,Tockus rufirostris,1508,
scientific_name,Todirhamphus (Halcyon) chloris,1564,
scientific_name,Torgos tracheliotus,108,
scientific_name,Trachylaemus purpuratus,1458,
scientific_name,Trachyphonus darnaudii,1452,
scientific_name,Trachyphonus erythrocephalus,1454,
scientific_name,Trachyphonus margaritatus,1456,
scientific_name,Trachyphonus usambiro,,
scientific_name,Trachyphonus vaillantii,439,
scientific_name,Treron australis,1882,
scientific_name,Treron calvus,323,
scientific_name,Treron pembaensis,1884,
scientific_name,Treron sanctithomae,1886,
scientific_name,Treron waalia,1888,
scientific_name,Tricholaema diademata,1462,
scientific_name,Tricholaema flavipunctata,,
scientific_name,Tricholaema frontata,1466,
scientific_name,Tricholaema hirsuta,1468,
scientific_name,Tricholaema lacrymosa,1470,
scientific_name,Tricholaema leucomelas,432,
scientific_name,Tricholaema melanocephala,1472,
scientific_name,Trigonoceps occipitalis,109,
scientific_name,Tringa erythropus,260,
scientific_name,Tringa flavipes,1014,
scientific_name,Tringa glareola,264,
scientific_name,Tringa melanoleuca,1008,
scientific_name,Tringa nebularia,263,
scientific_name,Tringa ochropus,259,
scientific_name,Tringa solitaria,1994,
scientific_name,Tringa stagnatilis,262,
scientific_name,Tringa totanus,261,
scientific_name,Trochocercus cyanomelas,680,
scientific_name,Trochocercus nitens,2518,
scientific_name,Troglodytes troglodytes,2846,
scientific_name,Tryngites subruficollis,926,
scientific_name,Turdoides aylmeri,3440,
scientific_name,Turdoides bicolor,536,
scientific_name,Turdoides fulvus [fulva],,
scientific_name,Turdoides gymnogenys,537,
scientific_name,Turdoides hartlaubii,535,
scientific_name,Turdoides hindei,3444,
scientific_name,Turdoides hypoleuca,3446,
scientific_name,Turdoides jardineii,533,
scientific_name,Turdoides leucocephalus [leucocephala],,
scientific_name,Turdoides leucopygius [leucopygia],,
scientific_name,Turdoides melanops,534,
scientific_name,Turdoides plebejus,3452,
scientific_name,Turdoides reinwardtii,3454,
scientific_name,Turdoides rubiginosa,3456,
scientific_name,Turdoides sharpei,3458,
scientific_name,Turdoides squamiceps,3460,
scientific_name,Turdoides squamulata,3462,
scientific_name,Turdoides tenebrosus [tenebrosa],3464,
scientific_name,Turdus [olivaceus] ludoviciae,2734,
scientific_name,Turdus abyssinicus,2736,
scientific_name,Turdus bewsheri,2738,
scientific_name,Turdus helleri,2732,
scientific_name,Turdus hybrid,,
scientific_name,Turdus iliacus,2740,
scientific_name,Turdus libonyanus,552,
scientific_name,Turdus merula,2742,
scientific_name,Turdus olivaceofuscus,1167,
scientific_name,Turdus olivaceous,1105,
scientific_name,Turdus pelios,1168,
scientific_name,Turdus philomelos,2744,
scientific_name,Turdus pilaris,2746,
scientific_name,Turdus roehli,2748,
scientific_name,Turdus smithi,1104,
scientific_name,Turdus tephronotus,2750,
scientific_name,Turdus torquatus,2752,
scientific_name,Turdus viscivorus,2754,
scientific_name,Turdus xanthorhynchus,2756,
scientific_name,Turnix [nana] hottentotta = T hottentottus,,
scientific_name,Turnix hottentottus,4128,
scientific_name,Turnix nigricollis,1348,
scientific_name,Turnix sylvaticus,196,
scientific_name,Turtur abyssinicus,1890,
scientific_name,Turtur afer,320,
scientific_name,Turtur brehmeri,1892,
scientific_name,Turtur chalcospilos,321,
scientific_name,Turtur tympanistria,319,
scientific_name,Tylas eduardi,2520,
scientific_name,Tyto alba,359,
scientific_name,Tyto capensis,360,
scientific_name,Tyto detorta,,
scientific_name,Tyto soumagnei,1736,
scientific_name,Unknown,,
scientific_name,Upupa africana,,
scientific_name,Upupa epops,1512,
scientific_name,Upupa marginata,1514,
scientific_name,Uraeginthus [Granatina] granatina,840,
scientific_name,Uraeginthus angolensis,839,
scientific_name,Uraeginthus bengalus,3974,
scientific_name,Uraeginthus cyanocephalus,3976,
scientific_name,Uratelornis chimaera,1544,
scientific_name,Uria aalge,2072,
scientific_name,Urocolius indicus,392,
scientific_name,Urocolius macrourus,1590,
scientific_name,Urolais epichlora,1169,
scientific_name,Urolestes melanoleucus,2300,
scientific_name,Urorhipis rufifrons,,
scientific_name,Urotriorchis macrourus,2146,
scientific_name,Vanellus albiceps,246,
scientific_name,Vanellus armatus,245,
scientific_name,Vanellus coronatus,242,
scientific_name,Vanellus crassirostris,248,
scientific_name,Vanellus gregarius,2012,
scientific_name,Vanellus leucurus,2014,
scientific_name,Vanellus lugubris,244,
scientific_name,Vanellus melanocephalus,2016,
scientific_name,Vanellus melanopterus,243,
scientific_name,Vanellus senegallus,247,
scientific_name,Vanellus spinosus,1031,
scientific_name,Vanellus superciliosus,2018,
scientific_name,Vanellus tectus,2020,
scientific_name,Vanellus vanellus,2022,
scientific_name,Vanga curvirostris,2522,
scientific_name,Vidua [funerea] codringtoni,,
scientific_name,Vidua [funerea] maryae,3980,
scientific_name,Vidua [funerea] nigeriae,,
scientific_name,Vidua [orientalis] interjecta,,
scientific_name,Vidua [orientalis] togoensis,3986,
scientific_name,Vidua camerunensis,3988,
scientific_name,Vidua chalybeata,851,
scientific_name,Vidua fischeri,3990,
scientific_name,Vidua funerea,849,
scientific_name,Vidua hypocherina,3992,
scientific_name,Vidua larvaticola,3994,
scientific_name,Vidua macroura,846,
scientific_name,Vidua obtusa,853,
scientific_name,Vidua orientalis,3996,
scientific_name,Vidua paradisaea,852,
scientific_name,Vidua purpurascens,850,
scientific_name,Vidua raricola,3998,
scientific_name,Vidua regia,847,
scientific_name,Vidua wilsoni,988,
scientific_name,Vireo olivaceus,2302,
scientific_name,Xenocopsychus ansorgei,2758,
scientific_name,Xenoperdix udzungwensis,1258,
scientific_name,Xenopirostris damii,2524,
scientific_name,Xenopirostris polleni,2526,
scientific_name,Xenopirostris xenopirostris,2528,
scientific_name,Xenus cinereus,257,
scientific_name,Zavattariornis stresemanni,2530,
scientific_name,Zoonavena grandidieri,1692,
scientific_name,Zoonavena thomensis,1694,
scientific_name,Zoothera [piaggiae] tanganjicae,,
scientific_name,Zoothera cameronensis,,
scientific_name,Zoothera crossleyi,2764,
scientific_name,Zoothera gurneyi,556,
scientific_name,Zoothera guttata,558,
scientific_name,Zoothera oberlaenderi,,
scientific_name,Zoothera piaggiae,2768,
scientific_name,Zoothera princei,2770,
scientific_name,Zosterops (capensis) pallidus,,
scientific_name,Zosterops abyssinicus,3198,
scientific_name,Zosterops borbonica,,
scientific_name,Zosterops capensis (split),,
scientific_name,Zosterops chloronothos,3200,
scientific_name,Zosterops ficedulinus,1170,
scientific_name,Zosterops griseovirescens,3202,
scientific_name,Zosterops kulalensis,,
scientific_name,Zosterops maderaspatanus,1075,
scientific_name,Zosterops mayottensis,3206,
scientific_name,Zosterops modestus,3208,
scientific_name,Zosterops mouroniensis,3210,
scientific_name,Zosterops olivaceus,3212,
scientific_name,Zosterops poliogastrus,3214,
scientific_name,Zosterops senegalensis,777,
scientific_name,Zosterops silvanus,3216,
scientific_name,Zosterops stenocricotus,3218,
scientific_name,Zosterops vaughani,3220,
scientific_name,Zosterops winifredae,3222,
afring_number,14933,14933,Current SAFRING species
afring_number,14935,14935,Current SAFRING species
scientific_name,Cecropis melanocrissus,14933,Current African species
latin_abbreviation,CECMEL,14933,Current African species
afring_number,10030,10030,Current SAFRING hybrid taxon
english,Hybrid Common House Martin/Barn Swallow,10030,Current SAFRING hybrid taxon
latin_abbreviation,HRXDU,10030,Hybrid code used in DJP daily summaries
scientific_name,Hirundo rustica x Delichon urbicum,10030,Current SAFRING hybrid taxon
